dedupKey,movieSlug,cinemaExternalId,cinemaName,auditoriumName,startTime,endTime,format,language,formatRaw,status,seatSource,lastSyncedAt
339c62adbe091f9689fdcadab13e8214a648d794,henrys-first-date,name:galaxy-cinex-hanoi-centre,Galaxy CineX Hanoi Centre,,2026-10-06T03:15:00.000Z,2026-10-06T05:10:00.000Z,TWO_D,,,SCHEDULED,MOCK,2026-10-05T14:51:20.876Z
c3a38e17dade569e6c211bffca6be6827cd95fab,henrys-first-date,galaxy-sala,Galaxy CineX Thiso Mall Sala,,2026-10-06T03:15:00.000Z,2026-10-06T05:10:00.000Z,TWO_D,,,SCHEDULED,MOCK,2026-10-05T14:51:20.877Z
f89e512149e7725ff748e3211ce85340fdfa2f83,henrys-first-date,name:galaxy-cinex-aeon-mall-thanh-khe,Galaxy CineX AEON Mall Thanh Khê,,2026-10-06T08:30:00.000Z,2026-10-06T10:25:00.000Z,TWO_D,,,SCHEDULED,MOCK,2026-10-05T14:51:20.879Z
dea9f3218ae09916a88c85fad5bb519d7d291cba,henrys-first-date,galaxy-cineo-go-an-lac,Galaxy CineO GO! An Lạc,,2026-10-06T05:00:00.000Z,2026-10-06T06:55:00.000Z,TWO_D,Lồng Tiếng,2D Lồng Tiếng,SCHEDULED,MOCK,2026-10-05T14:51:20.879Z
45cb528404eaabb423d429c567bafbf29fc38056,henrys-first-date,name:galaxy-cineo-go-ben-tre,Galaxy CineO GO! Bến Tre,,2026-10-06T04:00:00.000Z,2026-10-06T05:55:00.000Z,TWO_D,Lồng Tiếng,2D Lồng Tiếng,SCHEDULED,MOCK,2026-10-05T14:51:20.880Z
36336f0292b39f06768d021dbeee7185a4de3859,henrys-first-date,galaxy-quang-trung,Galaxy CineO Coop Quang Trung,,2026-10-06T03:00:00.000Z,2026-10-06T04:55:00.000Z,TWO_D,Lồng Tiếng,2D Lồng Tiếng,SCHEDULED,MOCK,2026-10-05T14:51:20.880Z
d1d5652551c9fc3d520be8493cb1c47237565a70,henrys-first-date,galaxy-quang-trung,Galaxy CineO Coop Quang Trung,,2026-10-06T08:30:00.000Z,2026-10-06T10:25:00.000Z,TWO_D,Lồng Tiếng,2D Lồng Tiếng,SCHEDULED,MOCK,2026-10-05T14:51:20.880Z
750113b77f77d8295166b7185b08d1b42bb2ed88,henrys-first-date,name:galaxy-cineo-vincom-dan-phuong,Galaxy CineO Vincom Đan Phượng,,2026-10-06T07:30:00.000Z,2026-10-06T09:25:00.000Z,TWO_D,Phụ Đề,2D Phụ Đề,SCHEDULED,MOCK,2026-10-05T14:51:20.880Z
05866acc63db1cae40c7718cf3cd04505ae1d622,henrys-first-date,galaxy-parc-mall-q8,Galaxy Cine+ Parc Mall,,2026-10-06T02:30:00.000Z,2026-10-06T04:25:00.000Z,TWO_D,Lồng Tiếng,2D Lồng Tiếng,SCHEDULED,MOCK,2026-10-05T14:51:20.880Z
b5d1965bfa83529c34671ed71831baa5e37453cb,henrys-first-date,galaxy-cine-thiso-phan-huy-ich,Galaxy Cine+ Thiso Mall Phan Huy Ích,,2026-10-06T03:15:00.000Z,2026-10-06T05:10:00.000Z,TWO_D,Lồng Tiếng,2D Lồng Tiếng,SCHEDULED,MOCK,2026-10-05T14:51:20.880Z
e017f1dc89a35ab44fd3186167362b4360f19b60,henrys-first-date,galaxy-kinh-duong-vuong,Galaxy Cinema Kinh Dương Vương,,2026-10-06T03:15:00.000Z,2026-10-06T05:10:00.000Z,TWO_D,Lồng Tiếng,2D Lồng Tiếng,SCHEDULED,MOCK,2026-10-05T14:51:20.881Z
bd5c6c25959afe01ec76880bba0411728d58a7e4,henrys-first-date,galaxy-tan-binh,Galaxy Cinema Tân Bình,,2026-10-06T06:45:00.000Z,2026-10-06T08:40:00.000Z,TWO_D,Lồng Tiếng,2D Lồng Tiếng,SCHEDULED,MOCK,2026-10-05T14:51:20.881Z
3b4a4ab9a20d7ef8a1a20dd11c72508095c26dd4,henrys-first-date,galaxy-trung-chanh,Galaxy Cinema Trung Chánh,,2026-10-06T03:00:00.000Z,2026-10-06T04:55:00.000Z,TWO_D,Lồng Tiếng,2D Lồng Tiếng,SCHEDULED,MOCK,2026-10-05T14:51:20.881Z
c90311a86cd10333102b3b70a17b932629b8a12b,henrys-first-date,galaxy-trung-chanh,Galaxy Cinema Trung Chánh,,2026-10-06T07:45:00.000Z,2026-10-06T09:40:00.000Z,TWO_D,Lồng Tiếng,2D Lồng Tiếng,SCHEDULED,MOCK,2026-10-05T14:51:20.881Z
c5f09f74537219d9683cf9899e9a94909ecbe42c,henrys-first-date,galaxy-nguyen-van-qua,Galaxy Cinema Nguyễn Văn Quá,,2026-10-06T02:30:00.000Z,2026-10-06T04:25:00.000Z,TWO_D,Lồng Tiếng,2D Lồng Tiếng,SCHEDULED,MOCK,2026-10-05T14:51:20.881Z
08b2562ad2c408ef966ad5ec149855017a7c93df,henrys-first-date,galaxy-nguyen-van-qua,Galaxy Cinema Nguyễn Văn Quá,,2026-10-06T06:40:00.000Z,2026-10-06T08:35:00.000Z,TWO_D,Lồng Tiếng,2D Lồng Tiếng,SCHEDULED,MOCK,2026-10-05T14:51:20.881Z
ca8bb4dec2b33e77f17ea06126d2271ba93914eb,henrys-first-date,fb233b0f-edb4-4eb1-ade8-7f8b83ab2457,Galaxy Cinema Nguyễn Du,,2026-10-06T04:00:00.000Z,2026-10-06T05:55:00.000Z,TWO_D,Lồng Tiếng,2D Lồng Tiếng,SCHEDULED,MOCK,2026-10-05T14:51:20.881Z
62b235eda02f3a76d84d24913dd1fdfed2de9cb1,henrys-first-date,name:galaxy-cinema-go-ba-ria,Galaxy Cinema GO! Bà Rịa,,2026-10-06T02:15:00.000Z,2026-10-06T04:10:00.000Z,TWO_D,Lồng Tiếng,2D Lồng Tiếng,SCHEDULED,MOCK,2026-10-05T14:51:20.881Z
7339c78a3381f278f6bc0450d9e270cd69bda84b,henrys-first-date,name:galaxy-cinema-sense-city-ben-tre,Galaxy Cinema Sense City Bến Tre,,2026-10-06T03:45:00.000Z,2026-10-06T05:40:00.000Z,TWO_D,Lồng Tiếng,2D Lồng Tiếng,SCHEDULED,MOCK,2026-10-05T14:51:20.881Z
5a335b00d35b932b50f53966c7739b493ca3478c,henrys-first-date,name:galaxy-cinema-long-xuyen,Galaxy Cinema Long Xuyên,,2026-10-06T03:45:00.000Z,2026-10-06T05:40:00.000Z,TWO_D,Lồng Tiếng,2D Lồng Tiếng,SCHEDULED,MOCK,2026-10-05T14:51:20.881Z
2ea76b8680a512f52efbe0caf31a49a74c909fc0,henrys-first-date,name:galaxy-cinema-coop-da-nang,Galaxy Cinema Coop Đà Nẵng,,2026-10-06T04:00:00.000Z,2026-10-06T05:55:00.000Z,TWO_D,Lồng Tiếng,2D Lồng Tiếng,SCHEDULED,MOCK,2026-10-05T14:51:20.881Z
f8344cb5a71e5f8d13f4d5bb8fb8ec351a73d090,henrys-first-date,name:galaxy-cinema-coop-da-nang,Galaxy Cinema Coop Đà Nẵng,,2026-10-06T10:15:00.000Z,2026-10-06T12:10:00.000Z,TWO_D,Lồng Tiếng,2D Lồng Tiếng,SCHEDULED,MOCK,2026-10-05T14:51:20.881Z
47cfa3eb20c65f078130c8699582557e44190877,henrys-first-date,name:galaxy-cinema-coop-buon-ma-thuot,Galaxy Cinema Coop Buôn Ma Thuột,,2026-10-06T04:15:00.000Z,2026-10-06T06:10:00.000Z,TWO_D,Lồng Tiếng,2D Lồng Tiếng,SCHEDULED,MOCK,2026-10-05T14:51:20.881Z
f264b4c9101581c3a35d85b7b4b3a7fe9e7f337f,henrys-first-date,galaxy-truong-chinh,Galaxy Cinema Coop Trường Chinh,,2026-10-06T04:20:00.000Z,2026-10-06T06:15:00.000Z,TWO_D,Lồng Tiếng,2D Lồng Tiếng,SCHEDULED,MOCK,2026-10-05T14:51:20.882Z
42bbaccd76d551bf84d6aa2b2adf1e9e4d3fa263,henrys-first-date,galaxy-truong-chinh,Galaxy Cinema Coop Trường Chinh,,2026-10-06T08:45:00.000Z,2026-10-06T10:40:00.000Z,TWO_D,Lồng Tiếng,2D Lồng Tiếng,SCHEDULED,MOCK,2026-10-05T14:51:20.882Z
eb692b85bb6c51aa89fc2356398a4bac25ef6251,henrys-first-date,name:galaxy-cinema-aeon-mall-tan-an,Galaxy Cinema AEON Mall Tân An,,2026-10-06T05:00:00.000Z,2026-10-06T06:55:00.000Z,TWO_D,Lồng Tiếng,2D Lồng Tiếng,SCHEDULED,MOCK,2026-10-05T14:51:20.882Z
f0ab310219d4e2bf991c7d718e3b75d0e6ddf155,henrys-first-date,name:galaxy-cinema-hai-phong,Galaxy Cinema Hải Phòng,,2026-10-06T05:15:00.000Z,2026-10-06T07:10:00.000Z,TWO_D,Lồng Tiếng,2D Lồng Tiếng,SCHEDULED,MOCK,2026-10-05T14:51:20.882Z
c4cb5e5a4042513f0a2bad80415ce480331a93a1,henrys-first-date,name:galaxy-cinema-sense-city-ca-mau,Galaxy Cinema Sense City Cà Mau,,2026-10-06T05:30:00.000Z,2026-10-06T07:25:00.000Z,TWO_D,Lồng Tiếng,2D Lồng Tiếng,SCHEDULED,MOCK,2026-10-05T14:51:20.882Z
e9335345de8410a13d0ce6a8b9efc7d20ebf1eb6,henrys-first-date,name:galaxy-cinema-sense-city-ca-mau,Galaxy Cinema Sense City Cà Mau,,2026-10-06T10:00:00.000Z,2026-10-06T11:55:00.000Z,TWO_D,Lồng Tiếng,2D Lồng Tiếng,SCHEDULED,MOCK,2026-10-05T14:51:20.882Z
ba4db7d82b73cc8113c33382b82ac5163823549a,henrys-first-date,galaxy-huynh-tan-phat,Galaxy Cinema Coop Huỳnh Tấn Phát,,2026-10-06T05:45:00.000Z,2026-10-06T07:40:00.000Z,TWO_D,Phụ Đề,2D Phụ Đề,SCHEDULED,MOCK,2026-10-05T14:51:20.882Z
0389453a8408b3a81e506bd1a02ae9a3cd360405,henrys-first-date,name:galaxy-cinema-mipec-long-bien,Galaxy Cinema Mipec Long Biên,,2026-10-06T06:15:00.000Z,2026-10-06T08:10:00.000Z,TWO_D,Lồng Tiếng,2D Lồng Tiếng,SCHEDULED,MOCK,2026-10-05T14:51:20.882Z
9a8226a47fb8962f3ad97b6c58a1221bd0f3e81f,henrys-first-date,name:galaxy-cinema-nha-trang-center,Galaxy Cinema Nha Trang Center,,2026-10-06T06:30:00.000Z,2026-10-06T08:25:00.000Z,TWO_D,Lồng Tiếng,2D Lồng Tiếng,SCHEDULED,MOCK,2026-10-05T14:51:20.882Z
8ccd4ed4dfcad374cf3473a0c9348651c74ae7ad,henrys-first-date,name:galaxy-cinema-aeon-mall-hue,Galaxy Cinema AEON Mall Huế,,2026-10-06T07:00:00.000Z,2026-10-06T08:55:00.000Z,TWO_D,Lồng Tiếng,2D Lồng Tiếng,SCHEDULED,MOCK,2026-10-05T14:51:20.882Z
c24644e679b4c18ba1a107b524168b57600782f6,henrys-first-date,name:galaxy-cinema-city-hub-vinh,Galaxy Cinema City HUB Vinh,,2026-10-06T07:30:00.000Z,2026-10-06T09:25:00.000Z,TWO_D,Lồng Tiếng,2D Lồng Tiếng,SCHEDULED,MOCK,2026-10-05T14:51:20.882Z
761e34569dee0d1be95f0a42d30f40dacb707d3d,henrys-first-date,galaxy-linh-trung,Galaxy Cinema Co.opXtra Linh Trung,,2026-10-06T08:45:00.000Z,2026-10-06T10:40:00.000Z,TWO_D,Lồng Tiếng,2D Lồng Tiếng,SCHEDULED,MOCK,2026-10-05T14:51:20.882Z
1828a9621c1e3d31aa091ccb7775cd274a6ca20b,henrys-first-date,galaxy-cineo-go-an-lac,Galaxy CineO GO! An Lạc,,2026-10-07T09:15:00.000Z,2026-10-07T11:10:00.000Z,TWO_D,Lồng Tiếng,2D Lồng Tiếng,SCHEDULED,MOCK,2026-10-05T14:51:21.938Z
90c819690fd7052d13fe0ad692684bf9f23df972,henrys-first-date,name:galaxy-cineo-go-ben-tre,Galaxy CineO GO! Bến Tre,,2026-10-07T04:00:00.000Z,2026-10-07T05:55:00.000Z,TWO_D,Lồng Tiếng,2D Lồng Tiếng,SCHEDULED,MOCK,2026-10-05T14:51:21.938Z
93e16810e6c82b6679fb8c5f2b377fa49c06eef0,henrys-first-date,galaxy-quang-trung,Galaxy CineO Coop Quang Trung,,2026-10-07T03:00:00.000Z,2026-10-07T04:55:00.000Z,TWO_D,Lồng Tiếng,2D Lồng Tiếng,SCHEDULED,MOCK,2026-10-05T14:51:21.938Z
d21b8c66a8a2eb6cd8c563af807f40a68adfa6f6,henrys-first-date,galaxy-quang-trung,Galaxy CineO Coop Quang Trung,,2026-10-07T08:30:00.000Z,2026-10-07T10:25:00.000Z,TWO_D,Lồng Tiếng,2D Lồng Tiếng,SCHEDULED,MOCK,2026-10-05T14:51:21.938Z
7bf4861a61b4704791dab94c0aca67acf033683f,henrys-first-date,name:galaxy-cineo-vincom-dan-phuong,Galaxy CineO Vincom Đan Phượng,,2026-10-07T07:30:00.000Z,2026-10-07T09:25:00.000Z,TWO_D,Lồng Tiếng,2D Lồng Tiếng,SCHEDULED,MOCK,2026-10-05T14:51:21.938Z
c55b7ab85c7771d056231cb91fa708e05175f4fe,henrys-first-date,galaxy-parc-mall-q8,Galaxy Cine+ Parc Mall,,2026-10-07T03:15:00.000Z,2026-10-07T05:10:00.000Z,TWO_D,Lồng Tiếng,2D Lồng Tiếng,SCHEDULED,MOCK,2026-10-05T14:51:21.938Z
0f07c21ace5047f5fed8ef39a15a926c4d610d50,henrys-first-date,galaxy-cine-thiso-phan-huy-ich,Galaxy Cine+ Thiso Mall Phan Huy Ích,,2026-10-07T05:45:00.000Z,2026-10-07T07:40:00.000Z,TWO_D,Lồng Tiếng,2D Lồng Tiếng,SCHEDULED,MOCK,2026-10-05T14:51:21.938Z
94b9f93f58aa8630f638dff17349314286f03644,henrys-first-date,name:galaxy-cine-vincom-vinh,Galaxy Cine+ Vincom Vinh,,2026-10-07T02:00:00.000Z,2026-10-07T03:55:00.000Z,TWO_D,Phụ Đề,2D Phụ Đề,SCHEDULED,MOCK,2026-10-05T14:51:21.938Z
c435540e691394ea38215a12f48e8eff11cc505b,henrys-first-date,galaxy-trung-chanh,Galaxy Cinema Trung Chánh,,2026-10-07T03:15:00.000Z,2026-10-07T05:10:00.000Z,TWO_D,Lồng Tiếng,2D Lồng Tiếng,SCHEDULED,MOCK,2026-10-05T14:51:21.938Z
86089b293455d41f59a9bc7f7df6592334759d20,henrys-first-date,galaxy-trung-chanh,Galaxy Cinema Trung Chánh,,2026-10-07T07:45:00.000Z,2026-10-07T09:40:00.000Z,TWO_D,Lồng Tiếng,2D Lồng Tiếng,SCHEDULED,MOCK,2026-10-05T14:51:21.938Z
fa0d0fb37e629b693524e4e86cbeb7a51b067364,henrys-first-date,galaxy-nguyen-van-qua,Galaxy Cinema Nguyễn Văn Quá,,2026-10-07T02:30:00.000Z,2026-10-07T04:25:00.000Z,TWO_D,Lồng Tiếng,2D Lồng Tiếng,SCHEDULED,MOCK,2026-10-05T14:51:21.938Z
3c86d345348e7a79b0ad3c29d9796af513fffb44,henrys-first-date,galaxy-nguyen-van-qua,Galaxy Cinema Nguyễn Văn Quá,,2026-10-07T06:40:00.000Z,2026-10-07T08:35:00.000Z,TWO_D,Lồng Tiếng,2D Lồng Tiếng,SCHEDULED,MOCK,2026-10-05T14:51:21.938Z
1faf64a71061330b3630e85364c7b8493d309850,henrys-first-date,fb233b0f-edb4-4eb1-ade8-7f8b83ab2457,Galaxy Cinema Nguyễn Du,,2026-10-07T03:30:00.000Z,2026-10-07T05:25:00.000Z,TWO_D,Lồng Tiếng,2D Lồng Tiếng,SCHEDULED,MOCK,2026-10-05T14:51:21.939Z
962921fe91fd86c0fb35143ff849cd45fa24e237,henrys-first-date,name:galaxy-cinema-sense-city-ben-tre,Galaxy Cinema Sense City Bến Tre,,2026-10-07T03:45:00.000Z,2026-10-07T05:40:00.000Z,TWO_D,Lồng Tiếng,2D Lồng Tiếng,SCHEDULED,MOCK,2026-10-05T14:51:21.939Z
d413399da6c782c02eb7aa262c40bf55d655c5fa,henrys-first-date,name:galaxy-cinema-long-xuyen,Galaxy Cinema Long Xuyên,,2026-10-07T03:45:00.000Z,2026-10-07T05:40:00.000Z,TWO_D,Lồng Tiếng,2D Lồng Tiếng,SCHEDULED,MOCK,2026-10-05T14:51:21.939Z
2431bb54a2397837aacb1ce54a3e62e8b422ec17,henrys-first-date,name:galaxy-cinema-coop-da-nang,Galaxy Cinema Coop Đà Nẵng,,2026-10-07T04:00:00.000Z,2026-10-07T05:55:00.000Z,TWO_D,Lồng Tiếng,2D Lồng Tiếng,SCHEDULED,MOCK,2026-10-05T14:51:21.939Z
11a212739bd071c925795c3d5daf3727e574988c,henrys-first-date,name:galaxy-cinema-coop-da-nang,Galaxy Cinema Coop Đà Nẵng,,2026-10-07T10:15:00.000Z,2026-10-07T12:10:00.000Z,TWO_D,Lồng Tiếng,2D Lồng Tiếng,SCHEDULED,MOCK,2026-10-05T14:51:21.939Z
ed288670a17bb9a723e2829cbe6c870f8d997e7e,henrys-first-date,name:galaxy-cinema-go-ba-ria,Galaxy Cinema GO! Bà Rịa,,2026-10-07T04:00:00.000Z,2026-10-07T05:55:00.000Z,TWO_D,Lồng Tiếng,2D Lồng Tiếng,SCHEDULED,MOCK,2026-10-05T14:51:21.939Z
59d5ce69c3810f69333ed8fc5797d4ae52272ce8,henrys-first-date,name:galaxy-cinema-coop-buon-ma-thuot,Galaxy Cinema Coop Buôn Ma Thuột,,2026-10-07T04:15:00.000Z,2026-10-07T06:10:00.000Z,TWO_D,Lồng Tiếng,2D Lồng Tiếng,SCHEDULED,MOCK,2026-10-05T14:51:21.939Z
2eb84b99c0d836024ad7bf2079f68a1a1df89189,henrys-first-date,galaxy-truong-chinh,Galaxy Cinema Coop Trường Chinh,,2026-10-07T04:20:00.000Z,2026-10-07T06:15:00.000Z,TWO_D,Lồng Tiếng,2D Lồng Tiếng,SCHEDULED,MOCK,2026-10-05T14:51:21.939Z
c10ce7fc2bbb8be38bb764514a929f7f9fc0837f,henrys-first-date,galaxy-truong-chinh,Galaxy Cinema Coop Trường Chinh,,2026-10-07T08:45:00.000Z,2026-10-07T10:40:00.000Z,TWO_D,Lồng Tiếng,2D Lồng Tiếng,SCHEDULED,MOCK,2026-10-05T14:51:21.939Z
72871a61dc4c2e703e5f9494a761f4c13dec5000,henrys-first-date,name:galaxy-cinema-sense-city-ca-mau,Galaxy Cinema Sense City Cà Mau,,2026-10-07T05:30:00.000Z,2026-10-07T07:25:00.000Z,TWO_D,Lồng Tiếng,2D Lồng Tiếng,SCHEDULED,MOCK,2026-10-05T14:51:21.939Z
db2e540ca74e8afa8ea3b212d34f07f00fd6742c,henrys-first-date,name:galaxy-cinema-sense-city-ca-mau,Galaxy Cinema Sense City Cà Mau,,2026-10-07T10:00:00.000Z,2026-10-07T11:55:00.000Z,TWO_D,Lồng Tiếng,2D Lồng Tiếng,SCHEDULED,MOCK,2026-10-05T14:51:21.939Z
d70783d8f36c01d404fd8f393f71bedeb2addc01,henrys-first-date,name:galaxy-cinema-nha-trang-center,Galaxy Cinema Nha Trang Center,,2026-10-07T06:30:00.000Z,2026-10-07T08:25:00.000Z,TWO_D,Lồng Tiếng,2D Lồng Tiếng,SCHEDULED,MOCK,2026-10-05T14:51:21.939Z
f4571d19d65d31b98290f599790527f6ceacf8bc,henrys-first-date,name:galaxy-cinema-aeon-mall-hue,Galaxy Cinema AEON Mall Huế,,2026-10-07T07:00:00.000Z,2026-10-07T08:55:00.000Z,TWO_D,Lồng Tiếng,2D Lồng Tiếng,SCHEDULED,MOCK,2026-10-05T14:51:21.939Z
bdc4eb6eec15b2e7473f4fd185b8ed3bcc06dcfd,henrys-first-date,name:galaxy-cinema-city-hub-vinh,Galaxy Cinema City HUB Vinh,,2026-10-07T07:30:00.000Z,2026-10-07T09:25:00.000Z,TWO_D,Lồng Tiếng,2D Lồng Tiếng,SCHEDULED,MOCK,2026-10-05T14:51:21.939Z
561ef7948a2babcd627e939524af051ac4e15723,henrys-first-date,galaxy-linh-trung,Galaxy Cinema Co.opXtra Linh Trung,,2026-10-07T08:45:00.000Z,2026-10-07T10:40:00.000Z,TWO_D,Lồng Tiếng,2D Lồng Tiếng,SCHEDULED,MOCK,2026-10-05T14:51:21.939Z
a5ec51fc0c97861f6689affa05f52ea38169ace5,henrys-first-date,galaxy-huynh-tan-phat,Galaxy Cinema Coop Huỳnh Tấn Phát,,2026-10-07T09:00:00.000Z,2026-10-07T10:55:00.000Z,TWO_D,Phụ Đề,2D Phụ Đề,SCHEDULED,MOCK,2026-10-05T14:51:21.939Z
e1e3d17b6e0ea3c732270dd1700e3bba4b37c59e,henrys-first-date,name:galaxy-cinema-aeon-mall-tan-an,Galaxy Cinema AEON Mall Tân An,,2026-10-07T09:15:00.000Z,2026-10-07T11:10:00.000Z,TWO_D,Lồng Tiếng,2D Lồng Tiếng,SCHEDULED,MOCK,2026-10-05T14:51:21.939Z
4e9dc7d9b836ccb123be236cddf45672ef8069b8,henrys-first-date,name:galaxy-cinema-mipec-long-bien,Galaxy Cinema Mipec Long Biên,,2026-10-07T15:15:00.000Z,2026-10-07T17:10:00.000Z,TWO_D,Lồng Tiếng,2D Lồng Tiếng,SCHEDULED,MOCK,2026-10-05T14:51:21.939Z
0c6f440c602ac8ba495d20510401945c417efc52,henrys-first-date,galaxy-cineo-go-an-lac,Galaxy CineO GO! An Lạc,,2026-10-08T09:15:00.000Z,2026-10-08T11:10:00.000Z,TWO_D,Lồng Tiếng,2D Lồng Tiếng,SCHEDULED,MOCK,2026-10-05T14:51:22.973Z
38b16469a3775299422dad436b360690e7e0a10e,henrys-first-date,name:galaxy-cineo-go-ben-tre,Galaxy CineO GO! Bến Tre,,2026-10-08T04:00:00.000Z,2026-10-08T05:55:00.000Z,TWO_D,Lồng Tiếng,2D Lồng Tiếng,SCHEDULED,MOCK,2026-10-05T14:51:22.973Z
4cf5e65c6d5d4a3c0e0d175ba685ae68d3bfd91f,henrys-first-date,galaxy-quang-trung,Galaxy CineO Coop Quang Trung,,2026-10-08T03:00:00.000Z,2026-10-08T04:55:00.000Z,TWO_D,Lồng Tiếng,2D Lồng Tiếng,SCHEDULED,MOCK,2026-10-05T14:51:22.973Z
257266294fe54cadfc0926b9067185da79d90075,henrys-first-date,galaxy-quang-trung,Galaxy CineO Coop Quang Trung,,2026-10-08T08:30:00.000Z,2026-10-08T10:25:00.000Z,TWO_D,Lồng Tiếng,2D Lồng Tiếng,SCHEDULED,MOCK,2026-10-05T14:51:22.973Z
22b0618d2a60a381440f1538f7752fbbb80da027,henrys-first-date,name:galaxy-cineo-vincom-dan-phuong,Galaxy CineO Vincom Đan Phượng,,2026-10-08T07:30:00.000Z,2026-10-08T09:25:00.000Z,TWO_D,Lồng Tiếng,2D Lồng Tiếng,SCHEDULED,MOCK,2026-10-05T14:51:22.974Z
7826e22af9d96d4412b5af38899bfc5187b8d16c,henrys-first-date,galaxy-parc-mall-q8,Galaxy Cine+ Parc Mall,,2026-10-08T03:15:00.000Z,2026-10-08T05:10:00.000Z,TWO_D,Lồng Tiếng,2D Lồng Tiếng,SCHEDULED,MOCK,2026-10-05T14:51:22.974Z
b7addb7ca9454351887c595a2bd59543069110f8,henrys-first-date,galaxy-cine-thiso-phan-huy-ich,Galaxy Cine+ Thiso Mall Phan Huy Ích,,2026-10-08T05:45:00.000Z,2026-10-08T07:40:00.000Z,TWO_D,Lồng Tiếng,2D Lồng Tiếng,SCHEDULED,MOCK,2026-10-05T14:51:22.974Z
f73fb4d62bb672df440d58db99f26902e592d780,henrys-first-date,galaxy-tan-binh,Galaxy Cinema Tân Bình,,2026-10-08T06:00:00.000Z,2026-10-08T07:55:00.000Z,TWO_D,Lồng Tiếng,2D Lồng Tiếng,SCHEDULED,MOCK,2026-10-05T14:51:22.974Z
564fc520999be785b6454f97dcc70b6c4a216a1f,henrys-first-date,galaxy-trung-chanh,Galaxy Cinema Trung Chánh,,2026-10-08T03:15:00.000Z,2026-10-08T05:10:00.000Z,TWO_D,Lồng Tiếng,2D Lồng Tiếng,SCHEDULED,MOCK,2026-10-05T14:51:22.974Z
d1d742732f1a3eccaca8489501e3cc4f0409618f,henrys-first-date,galaxy-trung-chanh,Galaxy Cinema Trung Chánh,,2026-10-08T07:45:00.000Z,2026-10-08T09:40:00.000Z,TWO_D,Lồng Tiếng,2D Lồng Tiếng,SCHEDULED,MOCK,2026-10-05T14:51:22.974Z
f7c6003eae06d73233a678f4f6a32731fa9b9fed,henrys-first-date,galaxy-nguyen-van-qua,Galaxy Cinema Nguyễn Văn Quá,,2026-10-08T02:30:00.000Z,2026-10-08T04:25:00.000Z,TWO_D,Lồng Tiếng,2D Lồng Tiếng,SCHEDULED,MOCK,2026-10-05T14:51:22.974Z
507a274fa8442456afbdea8dbd9424253bf08fa9,henrys-first-date,galaxy-nguyen-van-qua,Galaxy Cinema Nguyễn Văn Quá,,2026-10-08T06:40:00.000Z,2026-10-08T08:35:00.000Z,TWO_D,Lồng Tiếng,2D Lồng Tiếng,SCHEDULED,MOCK,2026-10-05T14:51:22.974Z
9614377f0f714f18b55ee96f49e87fea710db574,henrys-first-date,fb233b0f-edb4-4eb1-ade8-7f8b83ab2457,Galaxy Cinema Nguyễn Du,,2026-10-08T05:00:00.000Z,2026-10-08T06:55:00.000Z,TWO_D,Lồng Tiếng,2D Lồng Tiếng,SCHEDULED,MOCK,2026-10-05T14:51:22.974Z
60c5e9361d6e3c50eba584bbbb9214c2b0f3775d,henrys-first-date,fb233b0f-edb4-4eb1-ade8-7f8b83ab2457,Galaxy Cinema Nguyễn Du,,2026-10-08T16:15:00.000Z,2026-10-08T18:10:00.000Z,TWO_D,Lồng Tiếng,2D Lồng Tiếng,SCHEDULED,MOCK,2026-10-05T14:51:22.974Z
427ec64b73f6c18881f5f0724a19154b3c95fae8,henrys-first-date,name:galaxy-cinema-sense-city-ben-tre,Galaxy Cinema Sense City Bến Tre,,2026-10-08T03:45:00.000Z,2026-10-08T05:40:00.000Z,TWO_D,Lồng Tiếng,2D Lồng Tiếng,SCHEDULED,MOCK,2026-10-05T14:51:22.974Z
c31b9f966ae14e8d7b2962923fc760c060e8aabf,henrys-first-date,name:galaxy-cinema-long-xuyen,Galaxy Cinema Long Xuyên,,2026-10-08T03:45:00.000Z,2026-10-08T05:40:00.000Z,TWO_D,Lồng Tiếng,2D Lồng Tiếng,SCHEDULED,MOCK,2026-10-05T14:51:22.974Z
d12ecd603f6de8751122edc530a2e2ba8747c9e2,henrys-first-date,name:galaxy-cinema-coop-da-nang,Galaxy Cinema Coop Đà Nẵng,,2026-10-08T04:00:00.000Z,2026-10-08T05:55:00.000Z,TWO_D,Lồng Tiếng,2D Lồng Tiếng,SCHEDULED,MOCK,2026-10-05T14:51:22.974Z
d44d3c4551b4c01cce433c3cbcc6c241ad8564fc,henrys-first-date,name:galaxy-cinema-coop-da-nang,Galaxy Cinema Coop Đà Nẵng,,2026-10-08T10:15:00.000Z,2026-10-08T12:10:00.000Z,TWO_D,Lồng Tiếng,2D Lồng Tiếng,SCHEDULED,MOCK,2026-10-05T14:51:22.974Z
a094dd9ffc4207b59a0b2685ff5a86ce0008e9e7,henrys-first-date,name:galaxy-cinema-go-ba-ria,Galaxy Cinema GO! Bà Rịa,,2026-10-08T04:00:00.000Z,2026-10-08T05:55:00.000Z,TWO_D,Lồng Tiếng,2D Lồng Tiếng,SCHEDULED,MOCK,2026-10-05T14:51:22.975Z
efd95e662ab9f7401c10097a0329474a5738b15e,henrys-first-date,name:galaxy-cinema-coop-buon-ma-thuot,Galaxy Cinema Coop Buôn Ma Thuột,,2026-10-08T04:15:00.000Z,2026-10-08T06:10:00.000Z,TWO_D,Lồng Tiếng,2D Lồng Tiếng,SCHEDULED,MOCK,2026-10-05T14:51:22.975Z
e9b62b3457fc2051501c2f7da0ab5a2c5322b857,henrys-first-date,galaxy-truong-chinh,Galaxy Cinema Coop Trường Chinh,,2026-10-08T04:20:00.000Z,2026-10-08T06:15:00.000Z,TWO_D,Lồng Tiếng,2D Lồng Tiếng,SCHEDULED,MOCK,2026-10-05T14:51:22.975Z
3d8d67e94b8dc210139a17820e21edbad97f4e8d,henrys-first-date,galaxy-truong-chinh,Galaxy Cinema Coop Trường Chinh,,2026-10-08T08:45:00.000Z,2026-10-08T10:40:00.000Z,TWO_D,Lồng Tiếng,2D Lồng Tiếng,SCHEDULED,MOCK,2026-10-05T14:51:22.975Z
0d5dcc1d0d9d7a73f06b9c93bd657621e2221d02,henrys-first-date,name:galaxy-cinema-nha-trang-center,Galaxy Cinema Nha Trang Center,,2026-10-08T04:30:00.000Z,2026-10-08T06:25:00.000Z,TWO_D,Lồng Tiếng,2D Lồng Tiếng,SCHEDULED,MOCK,2026-10-05T14:51:22.975Z
2f89b0e9e54cb36bca1b30258c6ff9909f221553,henrys-first-date,name:galaxy-cinema-city-hub-vinh,Galaxy Cinema City HUB Vinh,,2026-10-08T05:15:00.000Z,2026-10-08T07:10:00.000Z,TWO_D,Lồng Tiếng,2D Lồng Tiếng,SCHEDULED,MOCK,2026-10-05T14:51:22.975Z
ba89468fbb83ad1719e677ed6a95487b7d2c83a6,henrys-first-date,name:galaxy-cinema-sense-city-ca-mau,Galaxy Cinema Sense City Cà Mau,,2026-10-08T05:30:00.000Z,2026-10-08T07:25:00.000Z,TWO_D,Lồng Tiếng,2D Lồng Tiếng,SCHEDULED,MOCK,2026-10-05T14:51:22.975Z
f38cd7e47c6d53e503c178471311d15732090aea,henrys-first-date,name:galaxy-cinema-sense-city-ca-mau,Galaxy Cinema Sense City Cà Mau,,2026-10-08T10:00:00.000Z,2026-10-08T11:55:00.000Z,TWO_D,Lồng Tiếng,2D Lồng Tiếng,SCHEDULED,MOCK,2026-10-05T14:51:22.975Z
6193b93f8f2444d556c3083a55b05e4a759ff9a8,henrys-first-date,name:galaxy-cinema-aeon-mall-hue,Galaxy Cinema AEON Mall Huế,,2026-10-08T07:00:00.000Z,2026-10-08T08:55:00.000Z,TWO_D,Lồng Tiếng,2D Lồng Tiếng,SCHEDULED,MOCK,2026-10-05T14:51:22.975Z
81d1e7e5d226fb4a5620b8f98b428af5f4b9920b,henrys-first-date,galaxy-linh-trung,Galaxy Cinema Co.opXtra Linh Trung,,2026-10-08T08:45:00.000Z,2026-10-08T10:40:00.000Z,TWO_D,Lồng Tiếng,2D Lồng Tiếng,SCHEDULED,MOCK,2026-10-05T14:51:22.975Z
19526b7d43c804351715fcbb4c2c4899f26f12e4,henrys-first-date,galaxy-huynh-tan-phat,Galaxy Cinema Coop Huỳnh Tấn Phát,,2026-10-08T09:00:00.000Z,2026-10-08T10:55:00.000Z,TWO_D,Phụ Đề,2D Phụ Đề,SCHEDULED,MOCK,2026-10-05T14:51:22.975Z
3d025e6a5229c6223650ca6926c8bbd5bc94e8fb,henrys-first-date,name:galaxy-cinema-aeon-mall-tan-an,Galaxy Cinema AEON Mall Tân An,,2026-10-08T09:15:00.000Z,2026-10-08T11:10:00.000Z,TWO_D,Lồng Tiếng,2D Lồng Tiếng,SCHEDULED,MOCK,2026-10-05T14:51:22.975Z
ee6015f0a22e6a9cfe51eeb3f23f33240d83f21d,scotty,name:galaxy-cinex-hanoi-centre,Galaxy CineX Hanoi Centre,,2026-10-06T11:15:00.000Z,2026-10-06T12:35:00.000Z,TWO_D,,,SCHEDULED,MOCK,2026-10-05T14:51:52.737Z
19fd2723e4cbec325dddf994b5b8d41ac6398633,scotty,name:galaxy-cinex-hanoi-centre,Galaxy CineX Hanoi Centre,,2026-10-06T13:00:00.000Z,2026-10-06T14:20:00.000Z,TWO_D,,,SCHEDULED,MOCK,2026-10-05T14:51:52.737Z
47f7d26137e312da6a05033f9f4225684a53852e,scotty,galaxy-sala,Galaxy CineX Thiso Mall Sala,,2026-10-06T05:30:00.000Z,2026-10-06T06:50:00.000Z,TWO_D,,,SCHEDULED,MOCK,2026-10-05T14:51:52.737Z
2bb8dd227244a8485f3bc323df173ca319a7badc,scotty,name:galaxy-cinex-aeon-mall-thanh-khe,Galaxy CineX AEON Mall Thanh Khê,,2026-10-06T07:15:00.000Z,2026-10-06T08:35:00.000Z,TWO_D,,,SCHEDULED,MOCK,2026-10-05T14:51:52.738Z
d2dbf5f488e6a02cce4eab3f0715607da8affee0,scotty,name:galaxy-cinex-aeon-mall-thanh-khe,Galaxy CineX AEON Mall Thanh Khê,,2026-10-06T11:30:00.000Z,2026-10-06T12:50:00.000Z,TWO_D,,,SCHEDULED,MOCK,2026-10-05T14:51:52.738Z
e89988b8680c32a52987de49667e4d26a3eebd9a,scotty,galaxy-cineo-go-an-lac,Galaxy CineO GO! An Lạc,,2026-10-06T07:15:00.000Z,2026-10-06T08:35:00.000Z,TWO_D,Lồng Tiếng,2D Lồng Tiếng,SCHEDULED,MOCK,2026-10-05T14:51:52.738Z
f8ddd96977566638f92bc982a0fdef5862bb8502,scotty,name:galaxy-cineo-go-ben-tre,Galaxy CineO GO! Bến Tre,,2026-10-06T02:30:00.000Z,2026-10-06T03:50:00.000Z,TWO_D,Lồng Tiếng,2D Lồng Tiếng,SCHEDULED,MOCK,2026-10-05T14:51:52.738Z
cd0614db90397c5a3f7903651a6aede9378eda3c,scotty,galaxy-quang-trung,Galaxy CineO Coop Quang Trung,,2026-10-06T02:30:00.000Z,2026-10-06T03:50:00.000Z,TWO_D,Lồng Tiếng,2D Lồng Tiếng,SCHEDULED,MOCK,2026-10-05T14:51:52.738Z
f4c037351c76382ecfb651ceb6b0d6f3a6bc6dd2,scotty,name:galaxy-cineo-vincom-dan-phuong,Galaxy CineO Vincom Đan Phượng,,2026-10-06T06:30:00.000Z,2026-10-06T07:50:00.000Z,TWO_D,Lồng Tiếng,2D Lồng Tiếng,SCHEDULED,MOCK,2026-10-05T14:51:52.738Z
469649534305555c099f8235228bb74b2be38c0c,scotty,name:galaxy-cine-gold-coast-nha-trang,Galaxy Cine+ Gold Coast Nha Trang,,2026-10-06T11:45:00.000Z,2026-10-06T13:05:00.000Z,TWO_D,,,SCHEDULED,MOCK,2026-10-05T14:51:52.738Z
f36921750cfc083d8bebfdd96e29a14b4fa4517c,scotty,name:galaxy-cine-gold-coast-nha-trang,Galaxy Cine+ Gold Coast Nha Trang,,2026-10-06T13:15:00.000Z,2026-10-06T14:35:00.000Z,TWO_D,,,SCHEDULED,MOCK,2026-10-05T14:51:52.738Z
e783bc415c4df87e39e2dd429b5a7ae3c7048be9,scotty,galaxy-parc-mall-q8,Galaxy Cine+ Parc Mall,,2026-10-06T11:30:00.000Z,2026-10-06T12:50:00.000Z,TWO_D,,,SCHEDULED,MOCK,2026-10-05T14:51:52.738Z
87261150efecd386fb2f0c139398556ab859ac08,scotty,galaxy-parc-mall-q8,Galaxy Cine+ Parc Mall,,2026-10-06T13:15:00.000Z,2026-10-06T14:35:00.000Z,TWO_D,,,SCHEDULED,MOCK,2026-10-05T14:51:52.738Z
cfdc90408c9126b6b16844d9ab6b80d012f03654,scotty,galaxy-cine-thiso-phan-huy-ich,Galaxy Cine+ Thiso Mall Phan Huy Ích,,2026-10-06T09:30:00.000Z,2026-10-06T10:50:00.000Z,TWO_D,,,SCHEDULED,MOCK,2026-10-05T14:51:52.738Z
4ca9d0f8ae2a0e29fd489b5ff3f0503451c08332,scotty,galaxy-cine-thiso-phan-huy-ich,Galaxy Cine+ Thiso Mall Phan Huy Ích,,2026-10-06T13:15:00.000Z,2026-10-06T14:35:00.000Z,TWO_D,,,SCHEDULED,MOCK,2026-10-05T14:51:52.738Z
f888d59eab303247096c2c6e19456ae813d27f4f,scotty,name:galaxy-cine-vincom-vinh,Galaxy Cine+ Vincom Vinh,,2026-10-06T11:00:00.000Z,2026-10-06T12:20:00.000Z,TWO_D,,,SCHEDULED,MOCK,2026-10-05T14:51:52.738Z
8868f6ab4df450d25b9c326514822fba1ffc5ce2,scotty,galaxy-kinh-duong-vuong,Galaxy Cinema Kinh Dương Vương,,2026-10-06T11:45:00.000Z,2026-10-06T13:05:00.000Z,TWO_D,Lồng Tiếng,2D Lồng Tiếng,SCHEDULED,MOCK,2026-10-05T14:51:52.738Z
09a50383dee5be43da30c332125c5ae9dbf2bf56,scotty,galaxy-tan-binh,Galaxy Cinema Tân Bình,,2026-10-06T02:00:00.000Z,2026-10-06T03:20:00.000Z,TWO_D,Lồng Tiếng,2D Lồng Tiếng,SCHEDULED,MOCK,2026-10-05T14:51:52.738Z
1a125d9475c77e6650377a3f81c7c36e911faac7,scotty,galaxy-trung-chanh,Galaxy Cinema Trung Chánh,,2026-10-06T02:40:00.000Z,2026-10-06T04:00:00.000Z,TWO_D,Lồng Tiếng,2D Lồng Tiếng,SCHEDULED,MOCK,2026-10-05T14:51:52.738Z
5b57e8d27233d13c08ff96bd3348d5bbfb70fd64,scotty,galaxy-nguyen-van-qua,Galaxy Cinema Nguyễn Văn Quá,,2026-10-06T02:15:00.000Z,2026-10-06T03:35:00.000Z,TWO_D,Lồng Tiếng,2D Lồng Tiếng,SCHEDULED,MOCK,2026-10-05T14:51:52.738Z
66450db6fd15924544f4c7084a25e6940965da5d,scotty,galaxy-nguyen-van-qua,Galaxy Cinema Nguyễn Văn Quá,,2026-10-06T07:30:00.000Z,2026-10-06T08:50:00.000Z,TWO_D,Lồng Tiếng,2D Lồng Tiếng,SCHEDULED,MOCK,2026-10-05T14:51:52.740Z
46939237428cad771395f8e5b3ba56e2f2235928,scotty,fb233b0f-edb4-4eb1-ade8-7f8b83ab2457,Galaxy Cinema Nguyễn Du,,2026-10-06T06:15:00.000Z,2026-10-06T07:35:00.000Z,TWO_D,Lồng Tiếng,2D Lồng Tiếng,SCHEDULED,MOCK,2026-10-05T14:51:52.740Z
6e1886a66f2c9603a975bf784ecb2438479e7314,scotty,name:galaxy-cinema-sense-city-ben-tre,Galaxy Cinema Sense City Bến Tre,,2026-10-06T02:15:00.000Z,2026-10-06T03:35:00.000Z,TWO_D,Lồng Tiếng,2D Lồng Tiếng,SCHEDULED,MOCK,2026-10-05T14:51:52.740Z
7332508b3d78a42ff6a73bf537bd1d683bbbb7ee,scotty,galaxy-linh-trung,Galaxy Cinema Co.opXtra Linh Trung,,2026-10-06T02:15:00.000Z,2026-10-06T03:35:00.000Z,TWO_D,Lồng Tiếng,2D Lồng Tiếng,SCHEDULED,MOCK,2026-10-05T14:51:52.740Z
be20de819fd538e215adf5a0b3d89f47e67ee59a,scotty,galaxy-truong-chinh,Galaxy Cinema Coop Trường Chinh,,2026-10-06T02:15:00.000Z,2026-10-06T03:35:00.000Z,TWO_D,Lồng Tiếng,2D Lồng Tiếng,SCHEDULED,MOCK,2026-10-05T14:51:52.740Z
93faa2c59584ed9adcc3419f4c8f27b339d251ec,scotty,name:galaxy-cinema-coop-buon-ma-thuot,Galaxy Cinema Coop Buôn Ma Thuột,,2026-10-06T02:30:00.000Z,2026-10-06T03:50:00.000Z,TWO_D,Lồng Tiếng,2D Lồng Tiếng,SCHEDULED,MOCK,2026-10-05T14:51:52.740Z
fba550ff40dbc126233eabde2de111fe25254a6b,scotty,name:galaxy-cinema-coop-buon-ma-thuot,Galaxy Cinema Coop Buôn Ma Thuột,,2026-10-06T10:30:00.000Z,2026-10-06T11:50:00.000Z,TWO_D,Lồng Tiếng,2D Lồng Tiếng,SCHEDULED,MOCK,2026-10-05T14:51:52.740Z
19a4ace89f39b68c5d49c7c1a55978c7991b07a2,scotty,name:galaxy-cinema-long-xuyen,Galaxy Cinema Long Xuyên,,2026-10-06T02:30:00.000Z,2026-10-06T03:50:00.000Z,TWO_D,Lồng Tiếng,2D Lồng Tiếng,SCHEDULED,MOCK,2026-10-05T14:51:52.740Z
3705b31a5ccfb835258d3fa5179e0187066de833,scotty,name:galaxy-cinema-city-hub-vinh,Galaxy Cinema City HUB Vinh,,2026-10-06T04:00:00.000Z,2026-10-06T05:20:00.000Z,TWO_D,Lồng Tiếng,2D Lồng Tiếng,SCHEDULED,MOCK,2026-10-05T14:51:52.740Z
940ae9624830fd5538a06a77955ea00bf66e91ff,scotty,name:galaxy-cinema-nha-trang-center,Galaxy Cinema Nha Trang Center,,2026-10-06T05:00:00.000Z,2026-10-06T06:20:00.000Z,TWO_D,Lồng Tiếng,2D Lồng Tiếng,SCHEDULED,MOCK,2026-10-05T14:51:52.740Z
362f88a089ddba6bc18bb67683a0087f40dd45bf,scotty,galaxy-huynh-tan-phat,Galaxy Cinema Coop Huỳnh Tấn Phát,,2026-10-06T07:15:00.000Z,2026-10-06T08:35:00.000Z,TWO_D,Lồng Tiếng,2D Lồng Tiếng,SCHEDULED,MOCK,2026-10-05T14:51:52.740Z
07492993fd9dc49e9ad2a1cf39829d48d3f51bdf,scotty,galaxy-huynh-tan-phat,Galaxy Cinema Coop Huỳnh Tấn Phát,,2026-10-06T11:15:00.000Z,2026-10-06T12:35:00.000Z,TWO_D,Lồng Tiếng,2D Lồng Tiếng,SCHEDULED,MOCK,2026-10-05T14:51:52.740Z
30374f36797520b91433240abb4568161ef5d9ee,scotty,name:galaxy-cinema-aeon-mall-tan-an,Galaxy Cinema AEON Mall Tân An,,2026-10-06T07:15:00.000Z,2026-10-06T08:35:00.000Z,TWO_D,Lồng Tiếng,2D Lồng Tiếng,SCHEDULED,MOCK,2026-10-05T14:51:52.740Z
0515ae23b2e6587ab9b1adedfbdc1eea00318625,scotty,name:galaxy-cinema-coop-da-nang,Galaxy Cinema Coop Đà Nẵng,,2026-10-06T09:30:00.000Z,2026-10-06T10:50:00.000Z,TWO_D,Lồng Tiếng,2D Lồng Tiếng,SCHEDULED,MOCK,2026-10-05T14:51:52.740Z
5bf13fa009ff85f38d214f4049c841da6287e675,scotty,name:galaxy-cinema-go-ba-ria,Galaxy Cinema GO! Bà Rịa,,2026-10-06T10:30:00.000Z,2026-10-06T11:50:00.000Z,TWO_D,Lồng Tiếng,2D Lồng Tiếng,SCHEDULED,MOCK,2026-10-05T14:51:52.740Z
78c306085e87e36583f83aaec530274939ab9481,scotty,name:galaxy-cinema-mipec-long-bien,Galaxy Cinema Mipec Long Biên,,2026-10-06T11:15:00.000Z,2026-10-06T12:35:00.000Z,TWO_D,Lồng Tiếng,2D Lồng Tiếng,SCHEDULED,MOCK,2026-10-05T14:51:52.740Z
fbf414c85a64f8fcd5181c13dad3b65af934d47a,scotty,name:galaxy-cinema-aeon-mall-hue,Galaxy Cinema AEON Mall Huế,,2026-10-06T11:15:00.000Z,2026-10-06T12:35:00.000Z,TWO_D,,,SCHEDULED,MOCK,2026-10-05T14:51:52.740Z
9fbd31ac62b5b4d866c3cff90097475b774d2e52,scotty,name:galaxy-cinema-aeon-mall-hue,Galaxy Cinema AEON Mall Huế,,2026-10-06T13:00:00.000Z,2026-10-06T14:20:00.000Z,TWO_D,,,SCHEDULED,MOCK,2026-10-05T14:51:52.741Z
84df0365f8ddf5c0d1b425c1625ea969fc258052,scotty,name:galaxy-cinema-sense-city-ca-mau,Galaxy Cinema Sense City Cà Mau,,2026-10-06T11:30:00.000Z,2026-10-06T12:50:00.000Z,TWO_D,Lồng Tiếng,2D Lồng Tiếng,SCHEDULED,MOCK,2026-10-05T14:51:52.741Z
6f3feabd623c46252827733c16a8065b3dab6303,scotty,name:galaxy-cinema-hai-phong,Galaxy Cinema Hải Phòng,,2026-10-06T11:30:00.000Z,2026-10-06T12:50:00.000Z,TWO_D,Lồng Tiếng,2D Lồng Tiếng,SCHEDULED,MOCK,2026-10-05T14:51:52.741Z
76a0787f8f0877437789f9efe9c146daa0dacf44,scotty,name:galaxy-cinex-hanoi-centre,Galaxy CineX Hanoi Centre,,2026-10-07T11:15:00.000Z,2026-10-07T12:35:00.000Z,TWO_D,,,SCHEDULED,MOCK,2026-10-05T14:51:53.806Z
38476aa13e1cd5519234089758f5091dbaecf74e,scotty,name:galaxy-cinex-hanoi-centre,Galaxy CineX Hanoi Centre,,2026-10-07T13:00:00.000Z,2026-10-07T14:20:00.000Z,TWO_D,,,SCHEDULED,MOCK,2026-10-05T14:51:53.806Z
63970563b214c49b9d9e5bee7d8778865348c244,scotty,name:galaxy-cinex-aeon-mall-thanh-khe,Galaxy CineX AEON Mall Thanh Khê,,2026-10-07T07:15:00.000Z,2026-10-07T08:35:00.000Z,TWO_D,,,SCHEDULED,MOCK,2026-10-05T14:51:53.806Z
70742b04c5bf848b010dff09913ddcee05723994,scotty,name:galaxy-cinex-aeon-mall-thanh-khe,Galaxy CineX AEON Mall Thanh Khê,,2026-10-07T11:30:00.000Z,2026-10-07T12:50:00.000Z,TWO_D,,,SCHEDULED,MOCK,2026-10-05T14:51:53.806Z
8235d050f9d4331439ce78e39c53ff200abad5c4,scotty,galaxy-cineo-go-an-lac,Galaxy CineO GO! An Lạc,,2026-10-07T07:30:00.000Z,2026-10-07T08:50:00.000Z,TWO_D,Lồng Tiếng,2D Lồng Tiếng,SCHEDULED,MOCK,2026-10-05T14:51:53.806Z
3027f50aee8a77ece080689127d6eadb33d03940,scotty,galaxy-cineo-go-an-lac,Galaxy CineO GO! An Lạc,,2026-10-07T11:30:00.000Z,2026-10-07T12:50:00.000Z,TWO_D,Lồng Tiếng,2D Lồng Tiếng,SCHEDULED,MOCK,2026-10-05T14:51:53.806Z
31a010c2400e8be7e82f26371d6fab8ec2555f02,scotty,name:galaxy-cineo-go-ben-tre,Galaxy CineO GO! Bến Tre,,2026-10-07T02:45:00.000Z,2026-10-07T04:05:00.000Z,TWO_D,Lồng Tiếng,2D Lồng Tiếng,SCHEDULED,MOCK,2026-10-05T14:51:53.806Z
a66aad1ea6100c8b778ad5ffbdd243ae914bed4a,scotty,galaxy-quang-trung,Galaxy CineO Coop Quang Trung,,2026-10-07T02:30:00.000Z,2026-10-07T03:50:00.000Z,TWO_D,Lồng Tiếng,2D Lồng Tiếng,SCHEDULED,MOCK,2026-10-05T14:51:53.806Z
c2014dc0521c6eadfd978602f29b920d45a6ecaf,scotty,name:galaxy-cineo-vincom-dan-phuong,Galaxy CineO Vincom Đan Phượng,,2026-10-07T06:30:00.000Z,2026-10-07T07:50:00.000Z,TWO_D,Lồng Tiếng,2D Lồng Tiếng,SCHEDULED,MOCK,2026-10-05T14:51:53.806Z
cd48cd9536001bf01b8be8b9a933677dbbc5bd60,scotty,name:galaxy-cine-gold-coast-nha-trang,Galaxy Cine+ Gold Coast Nha Trang,,2026-10-07T11:45:00.000Z,2026-10-07T13:05:00.000Z,TWO_D,,,SCHEDULED,MOCK,2026-10-05T14:51:53.806Z
5b4a5992348cf5daf5b43b1872258c95a096ed10,scotty,name:galaxy-cine-gold-coast-nha-trang,Galaxy Cine+ Gold Coast Nha Trang,,2026-10-07T13:15:00.000Z,2026-10-07T14:35:00.000Z,TWO_D,,,SCHEDULED,MOCK,2026-10-05T14:51:53.806Z
71eec78d30e8bd877e872851eb0ac5370b8f3015,scotty,galaxy-parc-mall-q8,Galaxy Cine+ Parc Mall,,2026-10-07T10:00:00.000Z,2026-10-07T11:20:00.000Z,TWO_D,,,SCHEDULED,MOCK,2026-10-05T14:51:53.806Z
62eb2f84e5a6b02e61ae2bced7cd865bccc85b74,scotty,galaxy-parc-mall-q8,Galaxy Cine+ Parc Mall,,2026-10-07T11:30:00.000Z,2026-10-07T12:50:00.000Z,TWO_D,,,SCHEDULED,MOCK,2026-10-05T14:51:53.806Z
d50283771d08a37b71060acead0e057eec40f1dc,scotty,galaxy-parc-mall-q8,Galaxy Cine+ Parc Mall,,2026-10-07T13:15:00.000Z,2026-10-07T14:35:00.000Z,TWO_D,,,SCHEDULED,MOCK,2026-10-05T14:51:53.806Z
907f72e1a21b2dd0f7fbce0c712216f73b568392,scotty,galaxy-cine-thiso-phan-huy-ich,Galaxy Cine+ Thiso Mall Phan Huy Ích,,2026-10-07T09:00:00.000Z,2026-10-07T10:20:00.000Z,TWO_D,,,SCHEDULED,MOCK,2026-10-05T14:51:53.806Z
791e957851cf77b4ef14696e6d2c3c7202739d5d,scotty,galaxy-cine-thiso-phan-huy-ich,Galaxy Cine+ Thiso Mall Phan Huy Ích,,2026-10-07T13:00:00.000Z,2026-10-07T14:20:00.000Z,TWO_D,,,SCHEDULED,MOCK,2026-10-05T14:51:53.806Z
4e334bc526cf658f32cfe671751e2de83380cab8,scotty,name:galaxy-cine-vincom-vinh,Galaxy Cine+ Vincom Vinh,,2026-10-07T11:00:00.000Z,2026-10-07T12:20:00.000Z,TWO_D,,,SCHEDULED,MOCK,2026-10-05T14:51:53.806Z
28d8f0b9cc3bb4d090234673948ab5b73469e97b,scotty,galaxy-kinh-duong-vuong,Galaxy Cinema Kinh Dương Vương,,2026-10-07T11:00:00.000Z,2026-10-07T12:20:00.000Z,TWO_D,Lồng Tiếng,2D Lồng Tiếng,SCHEDULED,MOCK,2026-10-05T14:51:53.806Z
d63b07a6214f580bd9bbc056213ac223c3d06003,scotty,galaxy-trung-chanh,Galaxy Cinema Trung Chánh,,2026-10-07T02:40:00.000Z,2026-10-07T04:00:00.000Z,TWO_D,Lồng Tiếng,2D Lồng Tiếng,SCHEDULED,MOCK,2026-10-05T14:51:53.806Z
eb375063ad2d04f23a4acf2739f830eff5f3eedd,scotty,galaxy-nguyen-van-qua,Galaxy Cinema Nguyễn Văn Quá,,2026-10-07T02:15:00.000Z,2026-10-07T03:35:00.000Z,TWO_D,Lồng Tiếng,2D Lồng Tiếng,SCHEDULED,MOCK,2026-10-05T14:51:53.806Z
ca5956d95e1b0c4f27d9fae88dab935b2d090215,scotty,galaxy-nguyen-van-qua,Galaxy Cinema Nguyễn Văn Quá,,2026-10-07T07:30:00.000Z,2026-10-07T08:50:00.000Z,TWO_D,Lồng Tiếng,2D Lồng Tiếng,SCHEDULED,MOCK,2026-10-05T14:51:53.806Z
9221d4bc7b66860d0f882d2c136bbc24cc5b6554,scotty,fb233b0f-edb4-4eb1-ade8-7f8b83ab2457,Galaxy Cinema Nguyễn Du,,2026-10-07T08:15:00.000Z,2026-10-07T09:35:00.000Z,TWO_D,Lồng Tiếng,2D Lồng Tiếng,SCHEDULED,MOCK,2026-10-05T14:51:53.806Z
b723eeaa7e5fcd2f65d9b38571c74cfdfbde445a,scotty,name:galaxy-cinema-city-hub-vinh,Galaxy Cinema City HUB Vinh,,2026-10-07T02:00:00.000Z,2026-10-07T03:20:00.000Z,TWO_D,Lồng Tiếng,2D Lồng Tiếng,SCHEDULED,MOCK,2026-10-05T14:51:53.806Z
0a6d5d3c6fb8b051b0b8b86cd44d4f733146c7f3,scotty,galaxy-linh-trung,Galaxy Cinema Co.opXtra Linh Trung,,2026-10-07T02:15:00.000Z,2026-10-07T03:35:00.000Z,TWO_D,Lồng Tiếng,2D Lồng Tiếng,SCHEDULED,MOCK,2026-10-05T14:51:53.806Z
ac75bb464cda5fa6a3a1ebe6070725e667363586,scotty,galaxy-truong-chinh,Galaxy Cinema Coop Trường Chinh,,2026-10-07T02:15:00.000Z,2026-10-07T03:35:00.000Z,TWO_D,Lồng Tiếng,2D Lồng Tiếng,SCHEDULED,MOCK,2026-10-05T14:51:53.806Z
d2dd65cbcf3842f7ab546606357a2ff410aa952a,scotty,name:galaxy-cinema-sense-city-ben-tre,Galaxy Cinema Sense City Bến Tre,,2026-10-07T02:30:00.000Z,2026-10-07T03:50:00.000Z,TWO_D,Lồng Tiếng,2D Lồng Tiếng,SCHEDULED,MOCK,2026-10-05T14:51:53.806Z
d8d71d3b84666e24f421c670816568295584a977,scotty,name:galaxy-cinema-go-ba-ria,Galaxy Cinema GO! Bà Rịa,,2026-10-07T02:30:00.000Z,2026-10-07T03:50:00.000Z,TWO_D,Lồng Tiếng,2D Lồng Tiếng,SCHEDULED,MOCK,2026-10-05T14:51:53.806Z
4f0fb0088e5944854193f5583e125f47f40a2c3a,scotty,name:galaxy-cinema-long-xuyen,Galaxy Cinema Long Xuyên,,2026-10-07T03:00:00.000Z,2026-10-07T04:20:00.000Z,TWO_D,Lồng Tiếng,2D Lồng Tiếng,SCHEDULED,MOCK,2026-10-05T14:51:53.806Z
463736598fab8a9abec507e144b5719503cdab22,scotty,name:galaxy-cinema-mipec-long-bien,Galaxy Cinema Mipec Long Biên,,2026-10-07T03:45:00.000Z,2026-10-07T05:05:00.000Z,TWO_D,Lồng Tiếng,2D Lồng Tiếng,SCHEDULED,MOCK,2026-10-05T14:51:53.806Z
51e32fb9267b4bc1c348c07cda1bc10e51400316,scotty,name:galaxy-cinema-nha-trang-center,Galaxy Cinema Nha Trang Center,,2026-10-07T05:00:00.000Z,2026-10-07T06:20:00.000Z,TWO_D,Lồng Tiếng,2D Lồng Tiếng,SCHEDULED,MOCK,2026-10-05T14:51:53.806Z
d0d37a189813093e2fcc2c9e681f5fdeec35ae03,scotty,name:galaxy-cinema-aeon-mall-tan-an,Galaxy Cinema AEON Mall Tân An,,2026-10-07T07:30:00.000Z,2026-10-07T08:50:00.000Z,TWO_D,Lồng Tiếng,2D Lồng Tiếng,SCHEDULED,MOCK,2026-10-05T14:51:53.806Z
2091fd5643a42df62b0d6d92756ffcb5ddbc4253,scotty,galaxy-huynh-tan-phat,Galaxy Cinema Coop Huỳnh Tấn Phát,,2026-10-07T08:30:00.000Z,2026-10-07T09:50:00.000Z,TWO_D,Lồng Tiếng,2D Lồng Tiếng,SCHEDULED,MOCK,2026-10-05T14:51:53.806Z
7bcf9402e030fabc98e66ebec0650ce44fb2662a,scotty,galaxy-huynh-tan-phat,Galaxy Cinema Coop Huỳnh Tấn Phát,,2026-10-07T11:15:00.000Z,2026-10-07T12:35:00.000Z,TWO_D,Lồng Tiếng,2D Lồng Tiếng,SCHEDULED,MOCK,2026-10-05T14:51:53.806Z
ea7c8b0d19be574b1cea7cf273d3cff4383c7151,scotty,name:galaxy-cinema-coop-da-nang,Galaxy Cinema Coop Đà Nẵng,,2026-10-07T09:30:00.000Z,2026-10-07T10:50:00.000Z,TWO_D,Lồng Tiếng,2D Lồng Tiếng,SCHEDULED,MOCK,2026-10-05T14:51:53.806Z
7cc5aed17892569bf9192f7972cb9aac94a495ee,scotty,name:galaxy-cinema-coop-buon-ma-thuot,Galaxy Cinema Coop Buôn Ma Thuột,,2026-10-07T10:30:00.000Z,2026-10-07T11:50:00.000Z,TWO_D,Lồng Tiếng,2D Lồng Tiếng,SCHEDULED,MOCK,2026-10-05T14:51:53.806Z
b3317d21d2a55884451ca9e912aceda47b4082d6,scotty,name:galaxy-cinema-aeon-mall-hue,Galaxy Cinema AEON Mall Huế,,2026-10-07T11:15:00.000Z,2026-10-07T12:35:00.000Z,TWO_D,,,SCHEDULED,MOCK,2026-10-05T14:51:53.806Z
8e16e1df83e91cd775909f704870051c3e6b60d0,scotty,name:galaxy-cinema-aeon-mall-hue,Galaxy Cinema AEON Mall Huế,,2026-10-07T13:00:00.000Z,2026-10-07T14:20:00.000Z,TWO_D,,,SCHEDULED,MOCK,2026-10-05T14:51:53.806Z
2562cf0a59db3f7bb8727a9f943a798cb27df2c1,scotty,name:galaxy-cinema-sense-city-ca-mau,Galaxy Cinema Sense City Cà Mau,,2026-10-07T11:30:00.000Z,2026-10-07T12:50:00.000Z,TWO_D,Lồng Tiếng,2D Lồng Tiếng,SCHEDULED,MOCK,2026-10-05T14:51:53.806Z
1844300f802203340f61c6a176a5a00f6a8e01c8,scotty,name:galaxy-cinex-hanoi-centre,Galaxy CineX Hanoi Centre,,2026-10-08T11:15:00.000Z,2026-10-08T12:35:00.000Z,TWO_D,,,SCHEDULED,MOCK,2026-10-05T14:51:54.892Z
d0e6abd12f87e5f7327016f0ae15c71dff84dea3,scotty,name:galaxy-cinex-hanoi-centre,Galaxy CineX Hanoi Centre,,2026-10-08T13:00:00.000Z,2026-10-08T14:20:00.000Z,TWO_D,,,SCHEDULED,MOCK,2026-10-05T14:51:54.892Z
688ecccc272c48c07fae5982f839d28647213b12,scotty,name:galaxy-cinex-aeon-mall-thanh-khe,Galaxy CineX AEON Mall Thanh Khê,,2026-10-08T07:15:00.000Z,2026-10-08T08:35:00.000Z,TWO_D,,,SCHEDULED,MOCK,2026-10-05T14:51:54.892Z
af88eca2c849bd373b21f18b0650546112a5bdfe,scotty,name:galaxy-cinex-aeon-mall-thanh-khe,Galaxy CineX AEON Mall Thanh Khê,,2026-10-08T11:30:00.000Z,2026-10-08T12:50:00.000Z,TWO_D,,,SCHEDULED,MOCK,2026-10-05T14:51:54.892Z
3aa9819c4fd0752647936ac099a1e8715c3f74d8,scotty,galaxy-cineo-go-an-lac,Galaxy CineO GO! An Lạc,,2026-10-08T07:30:00.000Z,2026-10-08T08:50:00.000Z,TWO_D,Lồng Tiếng,2D Lồng Tiếng,SCHEDULED,MOCK,2026-10-05T14:51:54.892Z
b97cbd19ab9191c5dead4f6524f4e4709a879dc3,scotty,name:galaxy-cineo-go-ben-tre,Galaxy CineO GO! Bến Tre,,2026-10-08T02:45:00.000Z,2026-10-08T04:05:00.000Z,TWO_D,Lồng Tiếng,2D Lồng Tiếng,SCHEDULED,MOCK,2026-10-05T14:51:54.892Z
d590f11b0e4ebab136632fcb96ff05a989b724e3,scotty,galaxy-quang-trung,Galaxy CineO Coop Quang Trung,,2026-10-08T02:30:00.000Z,2026-10-08T03:50:00.000Z,TWO_D,Lồng Tiếng,2D Lồng Tiếng,SCHEDULED,MOCK,2026-10-05T14:51:54.893Z
d1cb4ef217b4e9a0a5493bfda2508f4a2104048a,scotty,name:galaxy-cineo-vincom-dan-phuong,Galaxy CineO Vincom Đan Phượng,,2026-10-08T06:30:00.000Z,2026-10-08T07:50:00.000Z,TWO_D,Lồng Tiếng,2D Lồng Tiếng,SCHEDULED,MOCK,2026-10-05T14:51:54.893Z
fcdec49092c671a172fd0d4bf21bf4bdd54f95c1,scotty,name:galaxy-cine-gold-coast-nha-trang,Galaxy Cine+ Gold Coast Nha Trang,,2026-10-08T11:45:00.000Z,2026-10-08T13:05:00.000Z,TWO_D,,,SCHEDULED,MOCK,2026-10-05T14:51:54.893Z
3ed50b1c080fff215cc7e288197621e6041e4ea7,scotty,name:galaxy-cine-gold-coast-nha-trang,Galaxy Cine+ Gold Coast Nha Trang,,2026-10-08T13:15:00.000Z,2026-10-08T14:35:00.000Z,TWO_D,,,SCHEDULED,MOCK,2026-10-05T14:51:54.893Z
16c6dc0e7bff21de5626679700b4545626bfa4dc,scotty,galaxy-parc-mall-q8,Galaxy Cine+ Parc Mall,,2026-10-08T10:00:00.000Z,2026-10-08T11:20:00.000Z,TWO_D,,,SCHEDULED,MOCK,2026-10-05T14:51:54.893Z
2fa3fe469c8f71338fbabafc28da08aa9dd80202,scotty,galaxy-parc-mall-q8,Galaxy Cine+ Parc Mall,,2026-10-08T11:30:00.000Z,2026-10-08T12:50:00.000Z,TWO_D,,,SCHEDULED,MOCK,2026-10-05T14:51:54.893Z
a63482a04c50ecd9c9d029084ef27a426c51558b,scotty,galaxy-parc-mall-q8,Galaxy Cine+ Parc Mall,,2026-10-08T13:15:00.000Z,2026-10-08T14:35:00.000Z,TWO_D,,,SCHEDULED,MOCK,2026-10-05T14:51:54.893Z
90752b975079df2bc08b237dfa6c2e5f3886728d,scotty,galaxy-cine-thiso-phan-huy-ich,Galaxy Cine+ Thiso Mall Phan Huy Ích,,2026-10-08T09:00:00.000Z,2026-10-08T10:20:00.000Z,TWO_D,,,SCHEDULED,MOCK,2026-10-05T14:51:54.893Z
ee65429766b94df16789f76ffbc62309dd8f7e7b,scotty,galaxy-cine-thiso-phan-huy-ich,Galaxy Cine+ Thiso Mall Phan Huy Ích,,2026-10-08T13:00:00.000Z,2026-10-08T14:20:00.000Z,TWO_D,,,SCHEDULED,MOCK,2026-10-05T14:51:54.893Z
bba20f0e7538652cb42c97814d20b944b3e0f0ec,scotty,galaxy-kinh-duong-vuong,Galaxy Cinema Kinh Dương Vương,,2026-10-08T11:00:00.000Z,2026-10-08T12:20:00.000Z,TWO_D,Lồng Tiếng,2D Lồng Tiếng,SCHEDULED,MOCK,2026-10-05T14:51:54.893Z
38bec252a1ce3bbfc917a97f24724e5fbb506b37,scotty,galaxy-tan-binh,Galaxy Cinema Tân Bình,,2026-10-08T02:15:00.000Z,2026-10-08T03:35:00.000Z,TWO_D,Lồng Tiếng,2D Lồng Tiếng,SCHEDULED,MOCK,2026-10-05T14:51:54.893Z
932314d4353d2694e30ff208aa850f5858e442b4,scotty,galaxy-trung-chanh,Galaxy Cinema Trung Chánh,,2026-10-08T02:40:00.000Z,2026-10-08T04:00:00.000Z,TWO_D,Lồng Tiếng,2D Lồng Tiếng,SCHEDULED,MOCK,2026-10-05T14:51:54.893Z
5a8706c56cc3ff87dbcf01341409f379993806b1,scotty,galaxy-nguyen-van-qua,Galaxy Cinema Nguyễn Văn Quá,,2026-10-08T02:15:00.000Z,2026-10-08T03:35:00.000Z,TWO_D,Lồng Tiếng,2D Lồng Tiếng,SCHEDULED,MOCK,2026-10-05T14:51:54.893Z
7a1aeec4e178cda45cdb77d315ffc5dc9a32b762,scotty,galaxy-nguyen-van-qua,Galaxy Cinema Nguyễn Văn Quá,,2026-10-08T07:30:00.000Z,2026-10-08T08:50:00.000Z,TWO_D,Lồng Tiếng,2D Lồng Tiếng,SCHEDULED,MOCK,2026-10-05T14:51:54.893Z
8d74839798f11942357ff90f770d113cd2d5526a,scotty,fb233b0f-edb4-4eb1-ade8-7f8b83ab2457,Galaxy Cinema Nguyễn Du,,2026-10-08T10:45:00.000Z,2026-10-08T12:05:00.000Z,TWO_D,Lồng Tiếng,2D Lồng Tiếng,SCHEDULED,MOCK,2026-10-05T14:51:54.893Z
33c74c84e01d5b19210ce5674967877e33f23191,scotty,name:galaxy-cinema-city-hub-vinh,Galaxy Cinema City HUB Vinh,,2026-10-08T02:00:00.000Z,2026-10-08T03:20:00.000Z,TWO_D,Lồng Tiếng,2D Lồng Tiếng,SCHEDULED,MOCK,2026-10-05T14:51:54.893Z
d17aff95481f5379b26a7648a836c04b690d2f61,scotty,galaxy-linh-trung,Galaxy Cinema Co.opXtra Linh Trung,,2026-10-08T02:15:00.000Z,2026-10-08T03:35:00.000Z,TWO_D,Lồng Tiếng,2D Lồng Tiếng,SCHEDULED,MOCK,2026-10-05T14:51:54.893Z
4a2f5492f59017e66d6d9566b6faaa4511b78d4e,scotty,galaxy-truong-chinh,Galaxy Cinema Coop Trường Chinh,,2026-10-08T02:15:00.000Z,2026-10-08T03:35:00.000Z,TWO_D,Lồng Tiếng,2D Lồng Tiếng,SCHEDULED,MOCK,2026-10-05T14:51:54.893Z
0bada307dfe423aa3fabb378e612f679b8928a2b,scotty,name:galaxy-cinema-sense-city-ben-tre,Galaxy Cinema Sense City Bến Tre,,2026-10-08T02:30:00.000Z,2026-10-08T03:50:00.000Z,TWO_D,Lồng Tiếng,2D Lồng Tiếng,SCHEDULED,MOCK,2026-10-05T14:51:54.893Z
4f5cf3a74873305bece2cc7bdc34251bd0457c70,scotty,name:galaxy-cinema-go-ba-ria,Galaxy Cinema GO! Bà Rịa,,2026-10-08T02:30:00.000Z,2026-10-08T03:50:00.000Z,TWO_D,Lồng Tiếng,2D Lồng Tiếng,SCHEDULED,MOCK,2026-10-05T14:51:54.893Z
9ffc7bc48f59cb2df2a791a16078d06f572fae56,scotty,name:galaxy-cinema-long-xuyen,Galaxy Cinema Long Xuyên,,2026-10-08T03:00:00.000Z,2026-10-08T04:20:00.000Z,TWO_D,Lồng Tiếng,2D Lồng Tiếng,SCHEDULED,MOCK,2026-10-05T14:51:54.893Z
92cb7446217983bbb4be82d669c8d06c31c29bcf,scotty,name:galaxy-cinema-mipec-long-bien,Galaxy Cinema Mipec Long Biên,,2026-10-08T03:45:00.000Z,2026-10-08T05:05:00.000Z,TWO_D,Lồng Tiếng,2D Lồng Tiếng,SCHEDULED,MOCK,2026-10-05T14:51:54.893Z
116b6631d41ac85a09172ef9e781db133679191e,scotty,name:galaxy-cinema-aeon-mall-tan-an,Galaxy Cinema AEON Mall Tân An,,2026-10-08T07:30:00.000Z,2026-10-08T08:50:00.000Z,TWO_D,Lồng Tiếng,2D Lồng Tiếng,SCHEDULED,MOCK,2026-10-05T14:51:54.893Z
3282f1a370f3b85ff80a97af044befa4a6e2559a,scotty,galaxy-huynh-tan-phat,Galaxy Cinema Coop Huỳnh Tấn Phát,,2026-10-08T08:30:00.000Z,2026-10-08T09:50:00.000Z,TWO_D,Lồng Tiếng,2D Lồng Tiếng,SCHEDULED,MOCK,2026-10-05T14:51:54.893Z
31d4c4db7fb094c816f41d7ab44499248b657a70,scotty,galaxy-huynh-tan-phat,Galaxy Cinema Coop Huỳnh Tấn Phát,,2026-10-08T11:15:00.000Z,2026-10-08T12:35:00.000Z,TWO_D,Lồng Tiếng,2D Lồng Tiếng,SCHEDULED,MOCK,2026-10-05T14:51:54.893Z
32e86a5ca64c712b2d2193f0a716eef9a2917f82,scotty,name:galaxy-cinema-nha-trang-center,Galaxy Cinema Nha Trang Center,,2026-10-08T09:00:00.000Z,2026-10-08T10:20:00.000Z,TWO_D,Lồng Tiếng,2D Lồng Tiếng,SCHEDULED,MOCK,2026-10-05T14:51:54.893Z
a8ce04f8f877066f0e108305dc990178f4bad90a,scotty,name:galaxy-cinema-coop-da-nang,Galaxy Cinema Coop Đà Nẵng,,2026-10-08T09:30:00.000Z,2026-10-08T10:50:00.000Z,TWO_D,Lồng Tiếng,2D Lồng Tiếng,SCHEDULED,MOCK,2026-10-05T14:51:54.893Z
bec32794a88d68367e5348743dd425b65662fdf4,scotty,name:galaxy-cinema-coop-buon-ma-thuot,Galaxy Cinema Coop Buôn Ma Thuột,,2026-10-08T10:30:00.000Z,2026-10-08T11:50:00.000Z,TWO_D,Lồng Tiếng,2D Lồng Tiếng,SCHEDULED,MOCK,2026-10-05T14:51:54.893Z
8f294a579a8968e7ac5c0ee23f5ab49e29379e10,scotty,name:galaxy-cinema-aeon-mall-hue,Galaxy Cinema AEON Mall Huế,,2026-10-08T11:15:00.000Z,2026-10-08T12:35:00.000Z,TWO_D,,,SCHEDULED,MOCK,2026-10-05T14:51:54.893Z
8d247d3c84a6fccb603acfddcdf338bab6b22464,scotty,name:galaxy-cinema-aeon-mall-hue,Galaxy Cinema AEON Mall Huế,,2026-10-08T13:00:00.000Z,2026-10-08T14:20:00.000Z,TWO_D,,,SCHEDULED,MOCK,2026-10-05T14:51:54.893Z
b88fd4ce69288f4c997cb47fe44b3dbb1553ee41,scotty,name:galaxy-cinema-sense-city-ca-mau,Galaxy Cinema Sense City Cà Mau,,2026-10-08T11:30:00.000Z,2026-10-08T12:50:00.000Z,TWO_D,Lồng Tiếng,2D Lồng Tiếng,SCHEDULED,MOCK,2026-10-05T14:51:54.893Z
c0a405a89050a4760b1e35b19e3fe757d7057430,scotty,name:galaxy-cinema-go-ba-ria,Galaxy Cinema GO! Bà Rịa,,2026-10-10T11:00:00.000Z,2026-10-10T12:20:00.000Z,TWO_D,Lồng Tiếng,2D Lồng Tiếng,SCHEDULED,MOCK,2026-10-05T14:51:55.917Z
2a03997953cb5e2d8c6de9b43c43a355df0937f2,an-mang-xem-hoan-hao,name:galaxy-cineo-go-ben-tre,Galaxy CineO GO! Bến Tre,,2026-10-09T03:15:00.000Z,2026-10-09T05:19:00.000Z,TWO_D,Phụ Đề,2D Phụ Đề,SCHEDULED,MOCK,2026-10-05T14:52:06.940Z
b65750861e85e29c05b2b44df754472b727abac6,an-mang-xem-hoan-hao,name:galaxy-cineo-go-ben-tre,Galaxy CineO GO! Bến Tre,,2026-10-09T05:45:00.000Z,2026-10-09T07:49:00.000Z,TWO_D,Phụ Đề,2D Phụ Đề,SCHEDULED,MOCK,2026-10-05T14:52:06.940Z
1627d488c4723134cecdb6316e792e0c757b0cf2,an-mang-xem-hoan-hao,name:galaxy-cineo-go-ben-tre,Galaxy CineO GO! Bến Tre,,2026-10-09T08:00:00.000Z,2026-10-09T10:04:00.000Z,TWO_D,Phụ Đề,2D Phụ Đề,SCHEDULED,MOCK,2026-10-05T14:52:06.940Z
bff1a1e23d0aef264321acc1e77a43b8f0be9911,an-mang-xem-hoan-hao,name:galaxy-cineo-go-ben-tre,Galaxy CineO GO! Bến Tre,,2026-10-09T10:30:00.000Z,2026-10-09T12:34:00.000Z,TWO_D,Phụ Đề,2D Phụ Đề,SCHEDULED,MOCK,2026-10-05T14:52:06.940Z
6ceb41d1068a03ac3f45d3b79e6b5c290288ca49,an-mang-xem-hoan-hao,name:galaxy-cineo-go-ben-tre,Galaxy CineO GO! Bến Tre,,2026-10-09T13:00:00.000Z,2026-10-09T15:04:00.000Z,TWO_D,Phụ Đề,2D Phụ Đề,SCHEDULED,MOCK,2026-10-05T14:52:06.940Z
ae8455338c2db4cca87d10978fcd5a4d30cc8eca,an-mang-xem-hoan-hao,name:galaxy-cineo-go-ben-tre,Galaxy CineO GO! Bến Tre,,2026-10-09T15:15:00.000Z,2026-10-09T17:19:00.000Z,TWO_D,Phụ Đề,2D Phụ Đề,SCHEDULED,MOCK,2026-10-05T14:52:06.940Z
fca85e93e2ff6461d6d055d65c78e1dae5f8f312,an-mang-xem-hoan-hao,name:galaxy-cinema-sense-city-ca-mau,Galaxy Cinema Sense City Cà Mau,,2026-10-09T02:30:00.000Z,2026-10-09T04:34:00.000Z,TWO_D,Phụ Đề,2D Phụ Đề,SCHEDULED,MOCK,2026-10-05T14:52:06.940Z
35d0d7407a3a08c4045e431ea2dc3e77d20497ff,an-mang-xem-hoan-hao,name:galaxy-cinema-sense-city-ca-mau,Galaxy Cinema Sense City Cà Mau,,2026-10-09T05:00:00.000Z,2026-10-09T07:04:00.000Z,TWO_D,Phụ Đề,2D Phụ Đề,SCHEDULED,MOCK,2026-10-05T14:52:06.940Z
8f0a8ef8ed9a85cbe2f74a56f77e85b597a7a679,an-mang-xem-hoan-hao,name:galaxy-cinema-sense-city-ca-mau,Galaxy Cinema Sense City Cà Mau,,2026-10-09T07:30:00.000Z,2026-10-09T09:34:00.000Z,TWO_D,Phụ Đề,2D Phụ Đề,SCHEDULED,MOCK,2026-10-05T14:52:06.940Z
21e0e0f5265fc16c87a97d92e2b8693e83389226,an-mang-xem-hoan-hao,name:galaxy-cinema-sense-city-ca-mau,Galaxy Cinema Sense City Cà Mau,,2026-10-09T10:00:00.000Z,2026-10-09T12:04:00.000Z,TWO_D,Phụ Đề,2D Phụ Đề,SCHEDULED,MOCK,2026-10-05T14:52:06.940Z
65a82250b47f08cb8611117b127bf34899467a91,an-mang-xem-hoan-hao,name:galaxy-cinema-sense-city-ca-mau,Galaxy Cinema Sense City Cà Mau,,2026-10-09T12:30:00.000Z,2026-10-09T14:34:00.000Z,TWO_D,Phụ Đề,2D Phụ Đề,SCHEDULED,MOCK,2026-10-05T14:52:06.940Z
38f7dca3f64a2229d5637a636600d4dd2d2ffc95,an-mang-xem-hoan-hao,name:galaxy-cinema-sense-city-ca-mau,Galaxy Cinema Sense City Cà Mau,,2026-10-09T15:00:00.000Z,2026-10-09T17:04:00.000Z,TWO_D,Phụ Đề,2D Phụ Đề,SCHEDULED,MOCK,2026-10-05T14:52:06.941Z
a9096fa83662f1215866a0da20cb631c508a1e07,an-mang-xem-hoan-hao,name:galaxy-cinema-sense-city-ben-tre,Galaxy Cinema Sense City Bến Tre,,2026-10-09T03:00:00.000Z,2026-10-09T05:04:00.000Z,TWO_D,Phụ Đề,2D Phụ Đề,SCHEDULED,MOCK,2026-10-05T14:52:06.941Z
ad035aad3cbf2dab575fa76169bf021f1569c1cb,an-mang-xem-hoan-hao,name:galaxy-cinema-sense-city-ben-tre,Galaxy Cinema Sense City Bến Tre,,2026-10-09T05:30:00.000Z,2026-10-09T07:34:00.000Z,TWO_D,Phụ Đề,2D Phụ Đề,SCHEDULED,MOCK,2026-10-05T14:52:06.941Z
2748343b0845f71af3f7cd0681ac75d133f25b37,an-mang-xem-hoan-hao,name:galaxy-cinema-sense-city-ben-tre,Galaxy Cinema Sense City Bến Tre,,2026-10-09T08:00:00.000Z,2026-10-09T10:04:00.000Z,TWO_D,Phụ Đề,2D Phụ Đề,SCHEDULED,MOCK,2026-10-05T14:52:06.941Z
477f3fddc00320ad0474162cf550bdf308ec8094,an-mang-xem-hoan-hao,name:galaxy-cinema-sense-city-ben-tre,Galaxy Cinema Sense City Bến Tre,,2026-10-09T12:30:00.000Z,2026-10-09T14:34:00.000Z,TWO_D,Phụ Đề,2D Phụ Đề,SCHEDULED,MOCK,2026-10-05T14:52:06.941Z
b1a1b2670329202a46f3a2eef2ced8e67d12373b,an-mang-xem-hoan-hao,name:galaxy-cinema-sense-city-ben-tre,Galaxy Cinema Sense City Bến Tre,,2026-10-09T15:00:00.000Z,2026-10-09T17:04:00.000Z,TWO_D,Phụ Đề,2D Phụ Đề,SCHEDULED,MOCK,2026-10-05T14:52:06.941Z
59473fc78b7e093e8dedc27ed2d4877fccb291d9,an-mang-xem-hoan-hao,name:galaxy-cinema-long-xuyen,Galaxy Cinema Long Xuyên,,2026-10-09T03:00:00.000Z,2026-10-09T05:04:00.000Z,TWO_D,Phụ Đề,2D Phụ Đề,SCHEDULED,MOCK,2026-10-05T14:52:06.941Z
4964effe1222e8f8025c9507f535740d23b14db5,an-mang-xem-hoan-hao,name:galaxy-cinema-long-xuyen,Galaxy Cinema Long Xuyên,,2026-10-09T05:30:00.000Z,2026-10-09T07:34:00.000Z,TWO_D,Phụ Đề,2D Phụ Đề,SCHEDULED,MOCK,2026-10-05T14:52:06.941Z
b44c85e6ee99d6c549bd9942c22618241a870e66,an-mang-xem-hoan-hao,name:galaxy-cinema-long-xuyen,Galaxy Cinema Long Xuyên,,2026-10-09T08:00:00.000Z,2026-10-09T10:04:00.000Z,TWO_D,Phụ Đề,2D Phụ Đề,SCHEDULED,MOCK,2026-10-05T14:52:06.941Z
2956ded127cd9bb2f32f6507b868a7815ad448dc,an-mang-xem-hoan-hao,name:galaxy-cinema-long-xuyen,Galaxy Cinema Long Xuyên,,2026-10-09T12:30:00.000Z,2026-10-09T14:34:00.000Z,TWO_D,Phụ Đề,2D Phụ Đề,SCHEDULED,MOCK,2026-10-05T14:52:06.941Z
9188cc698f518441965561f4a7dfc4692d47a44e,an-mang-xem-hoan-hao,name:galaxy-cinema-long-xuyen,Galaxy Cinema Long Xuyên,,2026-10-09T15:00:00.000Z,2026-10-09T17:04:00.000Z,TWO_D,Phụ Đề,2D Phụ Đề,SCHEDULED,MOCK,2026-10-05T14:52:06.941Z
a8230b9d450ec65ce98f36fc3a0a1afc76aa67cf,an-mang-xem-hoan-hao,name:galaxy-cinema-go-ba-ria,Galaxy Cinema GO! Bà Rịa,,2026-10-09T03:00:00.000Z,2026-10-09T05:04:00.000Z,TWO_D,Phụ Đề,2D Phụ Đề,SCHEDULED,MOCK,2026-10-05T14:52:06.941Z
162364e493e3d46336d22b6ae03d3b998da3d32b,an-mang-xem-hoan-hao,name:galaxy-cinema-go-ba-ria,Galaxy Cinema GO! Bà Rịa,,2026-10-09T05:30:00.000Z,2026-10-09T07:34:00.000Z,TWO_D,Phụ Đề,2D Phụ Đề,SCHEDULED,MOCK,2026-10-05T14:52:06.941Z
215d1fbc649374056a692f75d1fc2bf9515f1ebd,an-mang-xem-hoan-hao,name:galaxy-cinema-go-ba-ria,Galaxy Cinema GO! Bà Rịa,,2026-10-09T08:00:00.000Z,2026-10-09T10:04:00.000Z,TWO_D,Phụ Đề,2D Phụ Đề,SCHEDULED,MOCK,2026-10-05T14:52:06.941Z
4fbaa7e9009c93ab83c28c7a8f3d187d40b99c49,an-mang-xem-hoan-hao,name:galaxy-cinema-go-ba-ria,Galaxy Cinema GO! Bà Rịa,,2026-10-09T12:30:00.000Z,2026-10-09T14:34:00.000Z,TWO_D,Phụ Đề,2D Phụ Đề,SCHEDULED,MOCK,2026-10-05T14:52:06.941Z
3e88bbe69d05043e79a1f11063d3c7c88ac12b98,an-mang-xem-hoan-hao,name:galaxy-cinema-go-ba-ria,Galaxy Cinema GO! Bà Rịa,,2026-10-09T15:00:00.000Z,2026-10-09T17:04:00.000Z,TWO_D,Phụ Đề,2D Phụ Đề,SCHEDULED,MOCK,2026-10-05T14:52:06.941Z
c81af337ddf076a92c7f6e2c0ebb064f70f7770b,an-mang-xem-hoan-hao,name:galaxy-cinema-coop-buon-ma-thuot,Galaxy Cinema Coop Buôn Ma Thuột,,2026-10-09T04:15:00.000Z,2026-10-09T06:19:00.000Z,TWO_D,Phụ Đề,2D Phụ Đề,SCHEDULED,MOCK,2026-10-05T14:52:06.941Z
37f85b3e603590540de1dff67c480eb7811fd5a1,an-mang-xem-hoan-hao,name:galaxy-cinema-coop-buon-ma-thuot,Galaxy Cinema Coop Buôn Ma Thuột,,2026-10-09T10:00:00.000Z,2026-10-09T12:04:00.000Z,TWO_D,Phụ Đề,2D Phụ Đề,SCHEDULED,MOCK,2026-10-05T14:52:06.941Z
597928982559ce5bbf27612b2db6bba60c547587,an-mang-xem-hoan-hao,name:galaxy-cinema-coop-buon-ma-thuot,Galaxy Cinema Coop Buôn Ma Thuột,,2026-10-09T13:15:00.000Z,2026-10-09T15:19:00.000Z,TWO_D,Phụ Đề,2D Phụ Đề,SCHEDULED,MOCK,2026-10-05T14:52:06.941Z
c357ac788401f37181c73f23c852371221f88100,an-mang-xem-hoan-hao,name:galaxy-cineo-go-ben-tre,Galaxy CineO GO! Bến Tre,,2026-10-10T03:15:00.000Z,2026-10-10T05:19:00.000Z,TWO_D,Phụ Đề,2D Phụ Đề,SCHEDULED,MOCK,2026-10-05T14:52:07.989Z
044f286d3211926d993c63fbab8872c374f6df0a,an-mang-xem-hoan-hao,name:galaxy-cineo-go-ben-tre,Galaxy CineO GO! Bến Tre,,2026-10-10T05:45:00.000Z,2026-10-10T07:49:00.000Z,TWO_D,Phụ Đề,2D Phụ Đề,SCHEDULED,MOCK,2026-10-05T14:52:07.989Z
fb6e3c2a656854c53ba67246fa6884f7103edf5e,an-mang-xem-hoan-hao,name:galaxy-cineo-go-ben-tre,Galaxy CineO GO! Bến Tre,,2026-10-10T08:00:00.000Z,2026-10-10T10:04:00.000Z,TWO_D,Phụ Đề,2D Phụ Đề,SCHEDULED,MOCK,2026-10-05T14:52:07.989Z
9666624c11fba47b8438554b4e4de0642bb6372e,an-mang-xem-hoan-hao,name:galaxy-cineo-go-ben-tre,Galaxy CineO GO! Bến Tre,,2026-10-10T10:30:00.000Z,2026-10-10T12:34:00.000Z,TWO_D,Phụ Đề,2D Phụ Đề,SCHEDULED,MOCK,2026-10-05T14:52:07.989Z
05f3638ecc1ea6ae669f6a7a04b6bed63e8d01a5,an-mang-xem-hoan-hao,name:galaxy-cineo-go-ben-tre,Galaxy CineO GO! Bến Tre,,2026-10-10T13:00:00.000Z,2026-10-10T15:04:00.000Z,TWO_D,Phụ Đề,2D Phụ Đề,SCHEDULED,MOCK,2026-10-05T14:52:07.989Z
3d00572fc53c54cf5ab159901f28630b94fafa5e,an-mang-xem-hoan-hao,name:galaxy-cineo-go-ben-tre,Galaxy CineO GO! Bến Tre,,2026-10-10T15:15:00.000Z,2026-10-10T17:19:00.000Z,TWO_D,Phụ Đề,2D Phụ Đề,SCHEDULED,MOCK,2026-10-05T14:52:07.990Z
4fc9928677f608ac75dc304c8c33378275db60d6,an-mang-xem-hoan-hao,name:galaxy-cinema-sense-city-ca-mau,Galaxy Cinema Sense City Cà Mau,,2026-10-10T02:30:00.000Z,2026-10-10T04:34:00.000Z,TWO_D,Phụ Đề,2D Phụ Đề,SCHEDULED,MOCK,2026-10-05T14:52:07.990Z
c36261070ea9a676e05913bd25dc1ec9f3bd62ef,an-mang-xem-hoan-hao,name:galaxy-cinema-sense-city-ca-mau,Galaxy Cinema Sense City Cà Mau,,2026-10-10T05:00:00.000Z,2026-10-10T07:04:00.000Z,TWO_D,Phụ Đề,2D Phụ Đề,SCHEDULED,MOCK,2026-10-05T14:52:07.990Z
8a29989a5bcdcd1574bd38d3ea4bff538da9050d,an-mang-xem-hoan-hao,name:galaxy-cinema-sense-city-ca-mau,Galaxy Cinema Sense City Cà Mau,,2026-10-10T07:30:00.000Z,2026-10-10T09:34:00.000Z,TWO_D,Phụ Đề,2D Phụ Đề,SCHEDULED,MOCK,2026-10-05T14:52:07.990Z
a6eb4f35bae6b29569ad9de68c840c6e03a23f44,an-mang-xem-hoan-hao,name:galaxy-cinema-sense-city-ca-mau,Galaxy Cinema Sense City Cà Mau,,2026-10-10T10:00:00.000Z,2026-10-10T12:04:00.000Z,TWO_D,Phụ Đề,2D Phụ Đề,SCHEDULED,MOCK,2026-10-05T14:52:07.990Z
69dd20af11b02021528d06bfcb3b9411a71d3748,an-mang-xem-hoan-hao,name:galaxy-cinema-sense-city-ca-mau,Galaxy Cinema Sense City Cà Mau,,2026-10-10T12:30:00.000Z,2026-10-10T14:34:00.000Z,TWO_D,Phụ Đề,2D Phụ Đề,SCHEDULED,MOCK,2026-10-05T14:52:07.990Z
d39138e007d9d2b93c0d72bc9b48e9abd0e31e29,an-mang-xem-hoan-hao,name:galaxy-cinema-sense-city-ca-mau,Galaxy Cinema Sense City Cà Mau,,2026-10-10T15:00:00.000Z,2026-10-10T17:04:00.000Z,TWO_D,Phụ Đề,2D Phụ Đề,SCHEDULED,MOCK,2026-10-05T14:52:07.990Z
961b29732da3f8e45379f7af531b1c8ce3fd33a0,an-mang-xem-hoan-hao,name:galaxy-cinema-sense-city-ben-tre,Galaxy Cinema Sense City Bến Tre,,2026-10-10T03:00:00.000Z,2026-10-10T05:04:00.000Z,TWO_D,Phụ Đề,2D Phụ Đề,SCHEDULED,MOCK,2026-10-05T14:52:07.990Z
b0ea7eab162eae88537340c906f8eb6a78b9056f,an-mang-xem-hoan-hao,name:galaxy-cinema-sense-city-ben-tre,Galaxy Cinema Sense City Bến Tre,,2026-10-10T05:30:00.000Z,2026-10-10T07:34:00.000Z,TWO_D,Phụ Đề,2D Phụ Đề,SCHEDULED,MOCK,2026-10-05T14:52:07.990Z
26b118dff8a2059c4e0cbf5517ba991b22e89fe1,an-mang-xem-hoan-hao,name:galaxy-cinema-sense-city-ben-tre,Galaxy Cinema Sense City Bến Tre,,2026-10-10T08:00:00.000Z,2026-10-10T10:04:00.000Z,TWO_D,Phụ Đề,2D Phụ Đề,SCHEDULED,MOCK,2026-10-05T14:52:07.990Z
2583f6a8aa1cf6a2bc3b0507951dd8fa7f06b269,an-mang-xem-hoan-hao,name:galaxy-cinema-sense-city-ben-tre,Galaxy Cinema Sense City Bến Tre,,2026-10-10T12:30:00.000Z,2026-10-10T14:34:00.000Z,TWO_D,Phụ Đề,2D Phụ Đề,SCHEDULED,MOCK,2026-10-05T14:52:07.990Z
a7179ee8b342f23bf2ab6820728640a45d59e492,an-mang-xem-hoan-hao,name:galaxy-cinema-sense-city-ben-tre,Galaxy Cinema Sense City Bến Tre,,2026-10-10T15:00:00.000Z,2026-10-10T17:04:00.000Z,TWO_D,Phụ Đề,2D Phụ Đề,SCHEDULED,MOCK,2026-10-05T14:52:07.990Z
d81fcb8ee00e25a1c6e0a4be5a8b9f16de49e118,an-mang-xem-hoan-hao,name:galaxy-cinema-long-xuyen,Galaxy Cinema Long Xuyên,,2026-10-10T03:00:00.000Z,2026-10-10T05:04:00.000Z,TWO_D,Phụ Đề,2D Phụ Đề,SCHEDULED,MOCK,2026-10-05T14:52:07.990Z
3cbd142776dcd0282cfcb07a1d5f16953578c058,an-mang-xem-hoan-hao,name:galaxy-cinema-long-xuyen,Galaxy Cinema Long Xuyên,,2026-10-10T05:30:00.000Z,2026-10-10T07:34:00.000Z,TWO_D,Phụ Đề,2D Phụ Đề,SCHEDULED,MOCK,2026-10-05T14:52:07.990Z
a97340ee6375059a9166a0fc4d2b839d67f1794d,an-mang-xem-hoan-hao,name:galaxy-cinema-long-xuyen,Galaxy Cinema Long Xuyên,,2026-10-10T08:00:00.000Z,2026-10-10T10:04:00.000Z,TWO_D,Phụ Đề,2D Phụ Đề,SCHEDULED,MOCK,2026-10-05T14:52:07.990Z
32760ae535498f5799a8b37947d85403c42982fe,an-mang-xem-hoan-hao,name:galaxy-cinema-long-xuyen,Galaxy Cinema Long Xuyên,,2026-10-10T12:30:00.000Z,2026-10-10T14:34:00.000Z,TWO_D,Phụ Đề,2D Phụ Đề,SCHEDULED,MOCK,2026-10-05T14:52:07.990Z
f8a35ffe698780a229eeb4d6f2dc01e0412fd9cb,an-mang-xem-hoan-hao,name:galaxy-cinema-long-xuyen,Galaxy Cinema Long Xuyên,,2026-10-10T15:00:00.000Z,2026-10-10T17:04:00.000Z,TWO_D,Phụ Đề,2D Phụ Đề,SCHEDULED,MOCK,2026-10-05T14:52:07.990Z
64741bdce432be85413dadb3de85623309c50768,an-mang-xem-hoan-hao,name:galaxy-cinema-go-ba-ria,Galaxy Cinema GO! Bà Rịa,,2026-10-10T03:50:00.000Z,2026-10-10T05:54:00.000Z,TWO_D,Phụ Đề,2D Phụ Đề,SCHEDULED,MOCK,2026-10-05T14:52:07.990Z
131c256a0f2c6e6750a6814d7096e94b7f4e1d6e,an-mang-xem-hoan-hao,name:galaxy-cinema-go-ba-ria,Galaxy Cinema GO! Bà Rịa,,2026-10-10T06:15:00.000Z,2026-10-10T08:19:00.000Z,TWO_D,Phụ Đề,2D Phụ Đề,SCHEDULED,MOCK,2026-10-05T14:52:07.990Z
c87f696218f8d911c6a7baf4a4d07aa15b6ccd4d,an-mang-xem-hoan-hao,name:galaxy-cinema-go-ba-ria,Galaxy Cinema GO! Bà Rịa,,2026-10-10T08:40:00.000Z,2026-10-10T10:44:00.000Z,TWO_D,Phụ Đề,2D Phụ Đề,SCHEDULED,MOCK,2026-10-05T14:52:07.990Z
80c7162887c15744f845fd8d6a2232a7853f1e66,an-mang-xem-hoan-hao,name:galaxy-cinema-go-ba-ria,Galaxy Cinema GO! Bà Rịa,,2026-10-10T12:30:00.000Z,2026-10-10T14:34:00.000Z,TWO_D,Phụ Đề,2D Phụ Đề,SCHEDULED,MOCK,2026-10-05T14:52:07.990Z
164457dcbaae76450f64c49a2fda36fe65977571,an-mang-xem-hoan-hao,name:galaxy-cinema-go-ba-ria,Galaxy Cinema GO! Bà Rịa,,2026-10-10T15:00:00.000Z,2026-10-10T17:04:00.000Z,TWO_D,Phụ Đề,2D Phụ Đề,SCHEDULED,MOCK,2026-10-05T14:52:07.991Z
ef73317271a0da872a56ab4d1d4648706205174c,an-mang-xem-hoan-hao,name:galaxy-cinema-coop-buon-ma-thuot,Galaxy Cinema Coop Buôn Ma Thuột,,2026-10-10T04:15:00.000Z,2026-10-10T06:19:00.000Z,TWO_D,Phụ Đề,2D Phụ Đề,SCHEDULED,MOCK,2026-10-05T14:52:07.991Z
0fe59e55159d1cd9d3159a62cf3820abd8d32a72,an-mang-xem-hoan-hao,name:galaxy-cinema-coop-buon-ma-thuot,Galaxy Cinema Coop Buôn Ma Thuột,,2026-10-10T10:00:00.000Z,2026-10-10T12:04:00.000Z,TWO_D,Phụ Đề,2D Phụ Đề,SCHEDULED,MOCK,2026-10-05T14:52:07.991Z
ea51f471dd455dd3f92c27eb92e9fd095b659653,an-mang-xem-hoan-hao,name:galaxy-cineo-go-ben-tre,Galaxy CineO GO! Bến Tre,,2026-10-11T03:15:00.000Z,2026-10-11T05:19:00.000Z,TWO_D,Phụ Đề,2D Phụ Đề,SCHEDULED,MOCK,2026-10-05T14:52:09.016Z
e2f909364a9adab574f99662f3cccb8f4c890bc0,an-mang-xem-hoan-hao,name:galaxy-cineo-go-ben-tre,Galaxy CineO GO! Bến Tre,,2026-10-11T05:45:00.000Z,2026-10-11T07:49:00.000Z,TWO_D,Phụ Đề,2D Phụ Đề,SCHEDULED,MOCK,2026-10-05T14:52:09.016Z
d90a629b15bf3aaf517d0029409f7154a4b2231b,an-mang-xem-hoan-hao,name:galaxy-cineo-go-ben-tre,Galaxy CineO GO! Bến Tre,,2026-10-11T08:00:00.000Z,2026-10-11T10:04:00.000Z,TWO_D,Phụ Đề,2D Phụ Đề,SCHEDULED,MOCK,2026-10-05T14:52:09.016Z
7d6e3560e7321d11e29c16b720fb67b76ae67700,an-mang-xem-hoan-hao,name:galaxy-cineo-go-ben-tre,Galaxy CineO GO! Bến Tre,,2026-10-11T10:30:00.000Z,2026-10-11T12:34:00.000Z,TWO_D,Phụ Đề,2D Phụ Đề,SCHEDULED,MOCK,2026-10-05T14:52:09.016Z
ad1e901e33e37627dff3704d26f01d083d1df2a2,an-mang-xem-hoan-hao,name:galaxy-cineo-go-ben-tre,Galaxy CineO GO! Bến Tre,,2026-10-11T13:00:00.000Z,2026-10-11T15:04:00.000Z,TWO_D,Phụ Đề,2D Phụ Đề,SCHEDULED,MOCK,2026-10-05T14:52:09.016Z
3e565f94aea2373b1f7d479176c97e74375c88a4,an-mang-xem-hoan-hao,name:galaxy-cineo-go-ben-tre,Galaxy CineO GO! Bến Tre,,2026-10-11T15:15:00.000Z,2026-10-11T17:19:00.000Z,TWO_D,Phụ Đề,2D Phụ Đề,SCHEDULED,MOCK,2026-10-05T14:52:09.016Z
1dd8c10ab8251c7d1f5e405acf32aa0338d5b630,an-mang-xem-hoan-hao,name:galaxy-cinema-sense-city-ca-mau,Galaxy Cinema Sense City Cà Mau,,2026-10-11T02:30:00.000Z,2026-10-11T04:34:00.000Z,TWO_D,Phụ Đề,2D Phụ Đề,SCHEDULED,MOCK,2026-10-05T14:52:09.016Z
3fcb585588f5c37ed9dee643aaa630a1f5ad525a,an-mang-xem-hoan-hao,name:galaxy-cinema-sense-city-ca-mau,Galaxy Cinema Sense City Cà Mau,,2026-10-11T05:00:00.000Z,2026-10-11T07:04:00.000Z,TWO_D,Phụ Đề,2D Phụ Đề,SCHEDULED,MOCK,2026-10-05T14:52:09.016Z
b2113bfb5b2fe72abf0ea62ad230984db3ef34e6,an-mang-xem-hoan-hao,name:galaxy-cinema-sense-city-ca-mau,Galaxy Cinema Sense City Cà Mau,,2026-10-11T07:30:00.000Z,2026-10-11T09:34:00.000Z,TWO_D,Phụ Đề,2D Phụ Đề,SCHEDULED,MOCK,2026-10-05T14:52:09.016Z
f2f4a480d4ffeb9b42aaaaecbd4427577a85c4be,an-mang-xem-hoan-hao,name:galaxy-cinema-sense-city-ca-mau,Galaxy Cinema Sense City Cà Mau,,2026-10-11T10:00:00.000Z,2026-10-11T12:04:00.000Z,TWO_D,Phụ Đề,2D Phụ Đề,SCHEDULED,MOCK,2026-10-05T14:52:09.016Z
cd959a84bc6c54adbafc73237651188c9a1aea1f,an-mang-xem-hoan-hao,name:galaxy-cinema-sense-city-ca-mau,Galaxy Cinema Sense City Cà Mau,,2026-10-11T12:30:00.000Z,2026-10-11T14:34:00.000Z,TWO_D,Phụ Đề,2D Phụ Đề,SCHEDULED,MOCK,2026-10-05T14:52:09.016Z
76f3b0fb54c7923e63be992d41f55b1f013a3a02,an-mang-xem-hoan-hao,name:galaxy-cinema-sense-city-ca-mau,Galaxy Cinema Sense City Cà Mau,,2026-10-11T15:00:00.000Z,2026-10-11T17:04:00.000Z,TWO_D,Phụ Đề,2D Phụ Đề,SCHEDULED,MOCK,2026-10-05T14:52:09.016Z
cb155ceb82cafd71fa8a30fa87d0683968f9dc80,an-mang-xem-hoan-hao,name:galaxy-cinema-sense-city-ben-tre,Galaxy Cinema Sense City Bến Tre,,2026-10-11T03:00:00.000Z,2026-10-11T05:04:00.000Z,TWO_D,Phụ Đề,2D Phụ Đề,SCHEDULED,MOCK,2026-10-05T14:52:09.016Z
46fb57f1609513bb2e2fdaaee6f2ffa11185e46e,an-mang-xem-hoan-hao,name:galaxy-cinema-sense-city-ben-tre,Galaxy Cinema Sense City Bến Tre,,2026-10-11T05:30:00.000Z,2026-10-11T07:34:00.000Z,TWO_D,Phụ Đề,2D Phụ Đề,SCHEDULED,MOCK,2026-10-05T14:52:09.016Z
88b05b8f564fac6ddb609c2c4944dc8a0096c378,an-mang-xem-hoan-hao,name:galaxy-cinema-sense-city-ben-tre,Galaxy Cinema Sense City Bến Tre,,2026-10-11T08:00:00.000Z,2026-10-11T10:04:00.000Z,TWO_D,Phụ Đề,2D Phụ Đề,SCHEDULED,MOCK,2026-10-05T14:52:09.016Z
118eda2599b637fc51fe7b6473f062419d1f6604,an-mang-xem-hoan-hao,name:galaxy-cinema-long-xuyen,Galaxy Cinema Long Xuyên,,2026-10-11T03:00:00.000Z,2026-10-11T05:04:00.000Z,TWO_D,Phụ Đề,2D Phụ Đề,SCHEDULED,MOCK,2026-10-05T14:52:09.016Z
94ed7f03a0e19f4e296ccd5cdfc86f93d4261aec,an-mang-xem-hoan-hao,name:galaxy-cinema-long-xuyen,Galaxy Cinema Long Xuyên,,2026-10-11T05:30:00.000Z,2026-10-11T07:34:00.000Z,TWO_D,Phụ Đề,2D Phụ Đề,SCHEDULED,MOCK,2026-10-05T14:52:09.016Z
f00e105e49c912d0c14b5c3a2438cdeef7b3c12c,an-mang-xem-hoan-hao,name:galaxy-cinema-long-xuyen,Galaxy Cinema Long Xuyên,,2026-10-11T08:00:00.000Z,2026-10-11T10:04:00.000Z,TWO_D,Phụ Đề,2D Phụ Đề,SCHEDULED,MOCK,2026-10-05T14:52:09.016Z
a49a7a24f5dc51cbfacd16834949779c85ae39fa,an-mang-xem-hoan-hao,name:galaxy-cinema-go-ba-ria,Galaxy Cinema GO! Bà Rịa,,2026-10-11T03:50:00.000Z,2026-10-11T05:54:00.000Z,TWO_D,Phụ Đề,2D Phụ Đề,SCHEDULED,MOCK,2026-10-05T14:52:09.016Z
e801cc7ad5d27d43f1e71ba132b30c10bb24219e,an-mang-xem-hoan-hao,name:galaxy-cinema-go-ba-ria,Galaxy Cinema GO! Bà Rịa,,2026-10-11T06:15:00.000Z,2026-10-11T08:19:00.000Z,TWO_D,Phụ Đề,2D Phụ Đề,SCHEDULED,MOCK,2026-10-05T14:52:09.016Z
5e98f61de644b8a6c704c8e7f911ae0b13155ffa,an-mang-xem-hoan-hao,name:galaxy-cinema-go-ba-ria,Galaxy Cinema GO! Bà Rịa,,2026-10-11T08:40:00.000Z,2026-10-11T10:44:00.000Z,TWO_D,Phụ Đề,2D Phụ Đề,SCHEDULED,MOCK,2026-10-05T14:52:09.016Z
613aad6da90c1864c55c1d19f48676847f45bf70,an-mang-xem-hoan-hao,name:galaxy-cinema-coop-buon-ma-thuot,Galaxy Cinema Coop Buôn Ma Thuột,,2026-10-11T04:15:00.000Z,2026-10-11T06:19:00.000Z,TWO_D,Phụ Đề,2D Phụ Đề,SCHEDULED,MOCK,2026-10-05T14:52:09.016Z
cf9019f6276a819702d1391e03e71dccbc6f0d78,an-mang-xem-hoan-hao,name:galaxy-cinema-coop-buon-ma-thuot,Galaxy Cinema Coop Buôn Ma Thuột,,2026-10-11T10:00:00.000Z,2026-10-11T12:04:00.000Z,TWO_D,Phụ Đề,2D Phụ Đề,SCHEDULED,MOCK,2026-10-05T14:52:09.016Z
297bb2f721654dbd3fb7f36114e2d3442388d53a,bts-world-tour-arirang-in-sao-paulo-live-viewing,name:galaxy-cinex-hanoi-centre,Galaxy CineX Hanoi Centre,,2026-10-31T06:45:00.000Z,2026-10-31T10:00:00.000Z,TWO_D,,,SCHEDULED,MOCK,2026-10-05T14:52:38.191Z
560cf6d9e2b14593ea1bce6cd3a1c09a4cbd9133,bts-world-tour-arirang-in-sao-paulo-live-viewing,name:galaxy-cinex-hanoi-centre,Galaxy CineX Hanoi Centre,,2026-10-31T10:30:00.000Z,2026-10-31T13:45:00.000Z,TWO_D,,,SCHEDULED,MOCK,2026-10-05T14:52:38.191Z
9aadad809ae3ccebe97bbd2bab1e146cc008d27d,bts-world-tour-arirang-in-sao-paulo-live-viewing,galaxy-sala,Galaxy CineX Thiso Mall Sala,,2026-10-31T10:30:00.000Z,2026-10-31T13:45:00.000Z,TWO_D,,,SCHEDULED,MOCK,2026-10-05T14:52:38.191Z
17f73b98e70bb393e5cb05f61f4039fe4ead74a9,bts-world-tour-arirang-in-sao-paulo-live-viewing,name:galaxy-cinex-aeon-mall-thanh-khe,Galaxy CineX AEON Mall Thanh Khê,,2026-10-31T06:45:00.000Z,2026-10-31T10:00:00.000Z,TWO_D,,,SCHEDULED,MOCK,2026-10-05T14:52:38.191Z
ba1fc586ae2b2cc2dc1a6bd36402bb252baf0dac,bts-world-tour-arirang-in-sao-paulo-live-viewing,name:galaxy-cinex-aeon-mall-thanh-khe,Galaxy CineX AEON Mall Thanh Khê,,2026-10-31T10:30:00.000Z,2026-10-31T13:45:00.000Z,TWO_D,,,SCHEDULED,MOCK,2026-10-05T14:52:38.191Z
2a57ce2d18ffa1abb44bf9844b4ea13b80467c47,bts-world-tour-arirang-in-sao-paulo-live-viewing,galaxy-quang-trung,Galaxy CineO Coop Quang Trung,,2026-10-31T06:45:00.000Z,2026-10-31T10:00:00.000Z,TWO_D,,,SCHEDULED,MOCK,2026-10-05T14:52:38.191Z
ff6774406b5b5296c347f575ff65f7dea641fd1f,bts-world-tour-arirang-in-sao-paulo-live-viewing,galaxy-quang-trung,Galaxy CineO Coop Quang Trung,,2026-10-31T10:30:00.000Z,2026-10-31T13:45:00.000Z,TWO_D,,,SCHEDULED,MOCK,2026-10-05T14:52:38.191Z
45d8724ab916e870b4594dfecba40d36ccbb0000,bts-world-tour-arirang-in-sao-paulo-live-viewing,name:galaxy-cineo-vincom-dan-phuong,Galaxy CineO Vincom Đan Phượng,,2026-10-31T06:45:00.000Z,2026-10-31T10:00:00.000Z,TWO_D,,,SCHEDULED,MOCK,2026-10-05T14:52:38.191Z
ca9e42640c5a89a57e6a4f92490100bf36b248b2,bts-world-tour-arirang-in-sao-paulo-live-viewing,name:galaxy-cineo-vincom-dan-phuong,Galaxy CineO Vincom Đan Phượng,,2026-10-31T10:30:00.000Z,2026-10-31T13:45:00.000Z,TWO_D,,,SCHEDULED,MOCK,2026-10-05T14:52:38.191Z
f1b432b50eb1d0f0db5924ea6cc701d1ed90207b,bts-world-tour-arirang-in-sao-paulo-live-viewing,name:galaxy-cine-gold-coast-nha-trang,Galaxy Cine+ Gold Coast Nha Trang,,2026-10-31T06:45:00.000Z,2026-10-31T10:00:00.000Z,TWO_D,,,SCHEDULED,MOCK,2026-10-05T14:52:38.191Z
e66034aeb5f9faecd88bed5526a1874cedaf2315,bts-world-tour-arirang-in-sao-paulo-live-viewing,name:galaxy-cine-gold-coast-nha-trang,Galaxy Cine+ Gold Coast Nha Trang,,2026-10-31T10:30:00.000Z,2026-10-31T13:45:00.000Z,TWO_D,,,SCHEDULED,MOCK,2026-10-05T14:52:38.191Z
cd6a6ca5f684a291622163b3312839b05bc1f996,bts-world-tour-arirang-in-sao-paulo-live-viewing,galaxy-parc-mall-q8,Galaxy Cine+ Parc Mall,,2026-10-31T06:45:00.000Z,2026-10-31T10:00:00.000Z,TWO_D,,,SCHEDULED,MOCK,2026-10-05T14:52:38.191Z
10ab1628cc6260aa640a3a3b02a6d42e97d5f902,bts-world-tour-arirang-in-sao-paulo-live-viewing,galaxy-parc-mall-q8,Galaxy Cine+ Parc Mall,,2026-10-31T10:30:00.000Z,2026-10-31T13:45:00.000Z,TWO_D,,,SCHEDULED,MOCK,2026-10-05T14:52:38.191Z
a03bf1e237be9c3dd2cc1363c16bcf1de588a199,bts-world-tour-arirang-in-sao-paulo-live-viewing,galaxy-cine-thiso-phan-huy-ich,Galaxy Cine+ Thiso Mall Phan Huy Ích,,2026-10-31T06:45:00.000Z,2026-10-31T10:00:00.000Z,TWO_D,,,SCHEDULED,MOCK,2026-10-05T14:52:38.191Z
972bfab8132679a4c8e77874ef67b058e7d07b9d,bts-world-tour-arirang-in-sao-paulo-live-viewing,galaxy-cine-thiso-phan-huy-ich,Galaxy Cine+ Thiso Mall Phan Huy Ích,,2026-10-31T10:30:00.000Z,2026-10-31T13:45:00.000Z,TWO_D,,,SCHEDULED,MOCK,2026-10-05T14:52:38.191Z
4cc40253b8d759474fef8a9031a8bb307bbd4d3e,bts-world-tour-arirang-in-sao-paulo-live-viewing,galaxy-kinh-duong-vuong,Galaxy Cinema Kinh Dương Vương,,2026-10-31T06:45:00.000Z,2026-10-31T10:00:00.000Z,TWO_D,,,SCHEDULED,MOCK,2026-10-05T14:52:38.191Z
53939833f2ff80b7e5589c0e6740f98dc4bfca2f,bts-world-tour-arirang-in-sao-paulo-live-viewing,galaxy-kinh-duong-vuong,Galaxy Cinema Kinh Dương Vương,,2026-10-31T10:30:00.000Z,2026-10-31T13:45:00.000Z,TWO_D,,,SCHEDULED,MOCK,2026-10-05T14:52:38.191Z
e260875476c7fb02ea2067e17a9839b986d41c37,bts-world-tour-arirang-in-sao-paulo-live-viewing,galaxy-tan-binh,Galaxy Cinema Tân Bình,,2026-10-31T06:45:00.000Z,2026-10-31T10:00:00.000Z,TWO_D,,,SCHEDULED,MOCK,2026-10-05T14:52:38.191Z
1f06d016fd3f48ae3f70fcc8eceafc7bd2c3453e,bts-world-tour-arirang-in-sao-paulo-live-viewing,galaxy-tan-binh,Galaxy Cinema Tân Bình,,2026-10-31T10:30:00.000Z,2026-10-31T13:45:00.000Z,TWO_D,,,SCHEDULED,MOCK,2026-10-05T14:52:38.191Z
62de809350cc170e7dac2afdf93a521e9dd69886,bts-world-tour-arirang-in-sao-paulo-live-viewing,fb233b0f-edb4-4eb1-ade8-7f8b83ab2457,Galaxy Cinema Nguyễn Du,,2026-10-31T06:45:00.000Z,2026-10-31T10:00:00.000Z,TWO_D,,,SCHEDULED,MOCK,2026-10-05T14:52:38.191Z
11331a992f367ab28253774f9b230ec28fd4947e,bts-world-tour-arirang-in-sao-paulo-live-viewing,fb233b0f-edb4-4eb1-ade8-7f8b83ab2457,Galaxy Cinema Nguyễn Du,,2026-10-31T10:30:00.000Z,2026-10-31T13:45:00.000Z,TWO_D,,,SCHEDULED,MOCK,2026-10-05T14:52:38.191Z
94b8387a32278b3a712fc0e411c2b874118d86b1,bts-world-tour-arirang-in-sao-paulo-live-viewing,name:galaxy-cinema-sense-city-ben-tre,Galaxy Cinema Sense City Bến Tre,,2026-10-31T06:45:00.000Z,2026-10-31T10:00:00.000Z,TWO_D,,,SCHEDULED,MOCK,2026-10-05T14:52:38.191Z
fe5b491f3583ae3c821ecf9a15d434057f6f9c1d,bts-world-tour-arirang-in-sao-paulo-live-viewing,name:galaxy-cinema-sense-city-ben-tre,Galaxy Cinema Sense City Bến Tre,,2026-10-31T10:30:00.000Z,2026-10-31T13:45:00.000Z,TWO_D,,,SCHEDULED,MOCK,2026-10-05T14:52:38.191Z
53d8a944128839a4bfdef76f2cbc140ceb06fe13,bts-world-tour-arirang-in-sao-paulo-live-viewing,name:galaxy-cinema-mipec-long-bien,Galaxy Cinema Mipec Long Biên,,2026-10-31T06:45:00.000Z,2026-10-31T10:00:00.000Z,TWO_D,,,SCHEDULED,MOCK,2026-10-05T14:52:38.191Z
b2ed42286c81d2896d6b9a618a2ca4a2acde2745,bts-world-tour-arirang-in-sao-paulo-live-viewing,name:galaxy-cinema-mipec-long-bien,Galaxy Cinema Mipec Long Biên,,2026-10-31T10:30:00.000Z,2026-10-31T13:45:00.000Z,TWO_D,,,SCHEDULED,MOCK,2026-10-05T14:52:38.191Z
4cdd0ea2c675ceae506504fe1fa7abe9ae86d12b,bts-world-tour-arirang-in-sao-paulo-live-viewing,name:galaxy-cinema-coop-da-nang,Galaxy Cinema Coop Đà Nẵng,,2026-10-31T06:45:00.000Z,2026-10-31T10:00:00.000Z,TWO_D,,,SCHEDULED,MOCK,2026-10-05T14:52:38.191Z
2a12c862df1f79968fa0c420fd9a5d22473a3ec7,bts-world-tour-arirang-in-sao-paulo-live-viewing,name:galaxy-cinema-coop-da-nang,Galaxy Cinema Coop Đà Nẵng,,2026-10-31T10:30:00.000Z,2026-10-31T13:45:00.000Z,TWO_D,,,SCHEDULED,MOCK,2026-10-05T14:52:38.191Z
8ef3f8031a5c20924b0d9facec74c85665af01b1,bts-world-tour-arirang-in-sao-paulo-live-viewing,name:galaxy-cinema-city-hub-vinh,Galaxy Cinema City HUB Vinh,,2026-10-31T06:45:00.000Z,2026-10-31T10:00:00.000Z,TWO_D,,,SCHEDULED,MOCK,2026-10-05T14:52:38.191Z
e19521f9764ebec315b72fa2dcc00b2aeafe1a69,bts-world-tour-arirang-in-sao-paulo-live-viewing,name:galaxy-cinema-city-hub-vinh,Galaxy Cinema City HUB Vinh,,2026-10-31T10:30:00.000Z,2026-10-31T13:45:00.000Z,TWO_D,,,SCHEDULED,MOCK,2026-10-05T14:52:38.191Z
6fcba0b6ae4dc01cd18b0e9972e6ce54bb67db9e,bts-world-tour-arirang-in-sao-paulo-live-viewing,name:galaxy-cinema-hai-phong,Galaxy Cinema Hải Phòng,,2026-10-31T06:45:00.000Z,2026-10-31T10:00:00.000Z,TWO_D,,,SCHEDULED,MOCK,2026-10-05T14:52:38.191Z
fd7c983ddaea6d2a46b21291d36926af98999563,bts-world-tour-arirang-in-sao-paulo-live-viewing,name:galaxy-cinema-hai-phong,Galaxy Cinema Hải Phòng,,2026-10-31T10:30:00.000Z,2026-10-31T13:45:00.000Z,TWO_D,,,SCHEDULED,MOCK,2026-10-05T14:52:38.191Z
85b70182e6613bdacce0dc8e69928032ae323c4f,bts-world-tour-arirang-in-sao-paulo-live-viewing,name:galaxy-cinema-long-xuyen,Galaxy Cinema Long Xuyên,,2026-10-31T06:45:00.000Z,2026-10-31T10:00:00.000Z,TWO_D,,,SCHEDULED,MOCK,2026-10-05T14:52:38.191Z
00e82b54dd4ab860d5313dedb8cbd045cfc45334,bts-world-tour-arirang-in-sao-paulo-live-viewing,name:galaxy-cinema-long-xuyen,Galaxy Cinema Long Xuyên,,2026-10-31T10:30:00.000Z,2026-10-31T13:45:00.000Z,TWO_D,,,SCHEDULED,MOCK,2026-10-05T14:52:38.191Z
a92be60b9094f3b0c592c698065ee86f8b1b60b0,len-huong,galaxy-kinh-duong-vuong,Galaxy Cinema Kinh Dương Vương,,2026-10-05T15:45:00.000Z,2026-10-05T17:46:00.000Z,TWO_D,Phụ Đề,2D Phụ Đề,SCHEDULED,MOCK,2026-10-05T14:54:03.889Z
25ca7acfa54d8e91e4ea399c8902707b2ed792b7,len-huong,name:galaxy-cinema-sense-city-ben-tre,Galaxy Cinema Sense City Bến Tre,,2026-10-05T15:00:00.000Z,2026-10-05T17:01:00.000Z,TWO_D,Phụ Đề,2D Phụ Đề,SCHEDULED,MOCK,2026-10-05T14:54:03.889Z
22f211ee3e437021f19c70575ea3ad6f44262f3a,len-huong,name:galaxy-cinema-sense-city-ca-mau,Galaxy Cinema Sense City Cà Mau,,2026-10-05T15:00:00.000Z,2026-10-05T17:01:00.000Z,TWO_D,Phụ Đề,2D Phụ Đề,SCHEDULED,MOCK,2026-10-05T14:54:03.889Z
680ae713f363f2d04a5fd7ca4c4e9c040d19d7d0,len-huong,name:galaxy-cinema-coop-da-nang,Galaxy Cinema Coop Đà Nẵng,,2026-10-05T15:30:00.000Z,2026-10-05T17:31:00.000Z,TWO_D,Phụ Đề,2D Phụ Đề,SCHEDULED,MOCK,2026-10-05T14:54:03.889Z
1376eb61cf981afebe32a0c7112942aca5202c71,len-huong,galaxy-sala,Galaxy CineX Thiso Mall Sala,,2026-10-06T07:15:00.000Z,2026-10-06T09:16:00.000Z,TWO_D,,,SCHEDULED,MOCK,2026-10-05T14:54:05.164Z
4d98b938fda7dec86ebe4a2d7a01f352d9a52a29,len-huong,galaxy-cineo-go-an-lac,Galaxy CineO GO! An Lạc,,2026-10-06T02:30:00.000Z,2026-10-06T04:31:00.000Z,TWO_D,Phụ Đề,2D Phụ Đề,SCHEDULED,MOCK,2026-10-05T14:54:05.164Z
42e61b6298c6dcbc528c22acb790631f3e7d8a06,len-huong,name:galaxy-cineo-go-ben-tre,Galaxy CineO GO! Bến Tre,,2026-10-06T08:15:00.000Z,2026-10-06T10:16:00.000Z,TWO_D,Phụ Đề,2D Phụ Đề,SCHEDULED,MOCK,2026-10-05T14:54:05.164Z
00b68985d742038c7ebe704fb3341172f6dd8127,len-huong,galaxy-quang-trung,Galaxy CineO Coop Quang Trung,,2026-10-06T09:15:00.000Z,2026-10-06T11:16:00.000Z,TWO_D,Phụ Đề,2D Phụ Đề,SCHEDULED,MOCK,2026-10-05T14:54:05.164Z
eac62014596c90019ee527a42df62b8efe7feb46,len-huong,galaxy-parc-mall-q8,Galaxy Cine+ Parc Mall,,2026-10-06T08:15:00.000Z,2026-10-06T10:16:00.000Z,TWO_D,Phụ Đề,2D Phụ Đề,SCHEDULED,MOCK,2026-10-05T14:54:05.164Z
4fc509fca5728d1bedb0e84873ce5442f3eae7d3,len-huong,galaxy-parc-mall-q8,Galaxy Cine+ Parc Mall,,2026-10-06T10:30:00.000Z,2026-10-06T12:31:00.000Z,TWO_D,Phụ Đề,2D Phụ Đề,SCHEDULED,MOCK,2026-10-05T14:54:05.164Z
3d1895ca2bd7fe70e0d36e31862f9c6c2207eb52,len-huong,galaxy-cine-thiso-phan-huy-ich,Galaxy Cine+ Thiso Mall Phan Huy Ích,,2026-10-06T10:45:00.000Z,2026-10-06T12:46:00.000Z,TWO_D,Phụ Đề,2D Phụ Đề,SCHEDULED,MOCK,2026-10-05T14:54:05.164Z
75930aa413d1b209e67960ed2064c751047b2c3d,len-huong,galaxy-kinh-duong-vuong,Galaxy Cinema Kinh Dương Vương,,2026-10-06T06:45:00.000Z,2026-10-06T08:46:00.000Z,TWO_D,Phụ Đề,2D Phụ Đề,SCHEDULED,MOCK,2026-10-05T14:54:05.164Z
7b968237ec4ec90fde66bf2ed0e7a281d70663ac,len-huong,galaxy-kinh-duong-vuong,Galaxy Cinema Kinh Dương Vương,,2026-10-06T13:15:00.000Z,2026-10-06T15:16:00.000Z,TWO_D,Phụ Đề,2D Phụ Đề,SCHEDULED,MOCK,2026-10-05T14:54:05.164Z
e41e5abbb154bfc7d05ce3dcb602655883db857f,len-huong,galaxy-kinh-duong-vuong,Galaxy Cinema Kinh Dương Vương,,2026-10-06T15:45:00.000Z,2026-10-06T17:46:00.000Z,TWO_D,Phụ Đề,2D Phụ Đề,SCHEDULED,MOCK,2026-10-05T14:54:05.164Z
f71840b506b5ce83bc8b7e0276e154d1bc90e656,len-huong,galaxy-tan-binh,Galaxy Cinema Tân Bình,,2026-10-06T04:15:00.000Z,2026-10-06T06:16:00.000Z,TWO_D,Phụ Đề,2D Phụ Đề,SCHEDULED,MOCK,2026-10-05T14:54:05.164Z
bb97d54cd2a4f01356a15bde71720adcb268b677,len-huong,galaxy-trung-chanh,Galaxy Cinema Trung Chánh,,2026-10-06T05:15:00.000Z,2026-10-06T07:16:00.000Z,TWO_D,Phụ Đề,2D Phụ Đề,SCHEDULED,MOCK,2026-10-05T14:54:05.164Z
4822684e21245a017cd5fd3f384825ba0b90ae1a,len-huong,galaxy-nguyen-van-qua,Galaxy Cinema Nguyễn Văn Quá,,2026-10-06T03:15:00.000Z,2026-10-06T05:16:00.000Z,TWO_D,Phụ Đề,2D Phụ Đề,SCHEDULED,MOCK,2026-10-05T14:54:05.164Z
ac6005ed89c0b86ec78708b2c6f1990226337782,len-huong,galaxy-nguyen-van-qua,Galaxy Cinema Nguyễn Văn Quá,,2026-10-06T08:50:00.000Z,2026-10-06T10:51:00.000Z,TWO_D,Phụ Đề,2D Phụ Đề,SCHEDULED,MOCK,2026-10-05T14:54:05.164Z
436c831730f599251fabc0e6c3c31e9ebc3f61d5,len-huong,fb233b0f-edb4-4eb1-ade8-7f8b83ab2457,Galaxy Cinema Nguyễn Du,,2026-10-06T10:30:00.000Z,2026-10-06T12:31:00.000Z,TWO_D,Phụ Đề,2D Phụ Đề,SCHEDULED,MOCK,2026-10-05T14:54:05.164Z
07a032265061d829ed1a5ce3649d4655312fdb81,len-huong,galaxy-linh-trung,Galaxy Cinema Co.opXtra Linh Trung,,2026-10-06T02:00:00.000Z,2026-10-06T04:01:00.000Z,TWO_D,Phụ Đề,2D Phụ Đề,SCHEDULED,MOCK,2026-10-05T14:54:05.165Z
e4c8b062af836ce43a13f79270aedb41f69663be,len-huong,galaxy-linh-trung,Galaxy Cinema Co.opXtra Linh Trung,,2026-10-06T04:30:00.000Z,2026-10-06T06:31:00.000Z,TWO_D,Phụ Đề,2D Phụ Đề,SCHEDULED,MOCK,2026-10-05T14:54:05.165Z
f9ead1167c247188ab9f141fd22b2b229e4a9d20,len-huong,name:galaxy-cinema-coop-da-nang,Galaxy Cinema Coop Đà Nẵng,,2026-10-06T02:45:00.000Z,2026-10-06T04:46:00.000Z,TWO_D,Phụ Đề,2D Phụ Đề,SCHEDULED,MOCK,2026-10-05T14:54:05.165Z
5c9aa5116ee252b02f509f6c4046e20a8083577f,len-huong,name:galaxy-cinema-coop-da-nang,Galaxy Cinema Coop Đà Nẵng,,2026-10-06T07:15:00.000Z,2026-10-06T09:16:00.000Z,TWO_D,Phụ Đề,2D Phụ Đề,SCHEDULED,MOCK,2026-10-05T14:54:05.165Z
3071f61fbf6aa7b2c9733f0eb0bc31e8ced6d4ff,len-huong,name:galaxy-cinema-coop-da-nang,Galaxy Cinema Coop Đà Nẵng,,2026-10-06T13:15:00.000Z,2026-10-06T15:16:00.000Z,TWO_D,Phụ Đề,2D Phụ Đề,SCHEDULED,MOCK,2026-10-05T14:54:05.165Z
fedf1a0aafe912143c7599606d5167a06f35b6fb,len-huong,name:galaxy-cinema-coop-da-nang,Galaxy Cinema Coop Đà Nẵng,,2026-10-06T15:30:00.000Z,2026-10-06T17:31:00.000Z,TWO_D,Phụ Đề,2D Phụ Đề,SCHEDULED,MOCK,2026-10-05T14:54:05.165Z
0201e0b4c4633464d5c7608d879a06f7fa8be0f4,len-huong,galaxy-truong-chinh,Galaxy Cinema Coop Trường Chinh,,2026-10-06T02:45:00.000Z,2026-10-06T04:46:00.000Z,TWO_D,Phụ Đề,2D Phụ Đề,SCHEDULED,MOCK,2026-10-05T14:54:05.165Z
62cd7acefef96f1992606da91069a23cb70bac7a,len-huong,name:galaxy-cinema-aeon-mall-hue,Galaxy Cinema AEON Mall Huế,,2026-10-06T04:30:00.000Z,2026-10-06T06:31:00.000Z,TWO_D,Phụ Đề,2D Phụ Đề,SCHEDULED,MOCK,2026-10-05T14:54:05.165Z
98dcb2c1cad57e827826f41d2dd5403c78ef47ca,len-huong,name:galaxy-cinema-sense-city-ca-mau,Galaxy Cinema Sense City Cà Mau,,2026-10-06T05:00:00.000Z,2026-10-06T07:01:00.000Z,TWO_D,Phụ Đề,2D Phụ Đề,SCHEDULED,MOCK,2026-10-05T14:54:05.165Z
7925d57abb3b607d0bae1ccde89c552fe1635370,len-huong,name:galaxy-cinema-sense-city-ca-mau,Galaxy Cinema Sense City Cà Mau,,2026-10-06T09:15:00.000Z,2026-10-06T11:16:00.000Z,TWO_D,Phụ Đề,2D Phụ Đề,SCHEDULED,MOCK,2026-10-05T14:54:05.165Z
dc02f68d5f0a096b905fabb5ae207316d23fec91,len-huong,name:galaxy-cinema-sense-city-ca-mau,Galaxy Cinema Sense City Cà Mau,,2026-10-06T15:00:00.000Z,2026-10-06T17:01:00.000Z,TWO_D,Phụ Đề,2D Phụ Đề,SCHEDULED,MOCK,2026-10-05T14:54:05.165Z
3f274095b121f2b9ca717c7e580c8ede2ae5b1ce,len-huong,name:galaxy-cinema-sense-city-ben-tre,Galaxy Cinema Sense City Bến Tre,,2026-10-06T08:15:00.000Z,2026-10-06T10:16:00.000Z,TWO_D,Phụ Đề,2D Phụ Đề,SCHEDULED,MOCK,2026-10-05T14:54:05.165Z
d629d532304f2dd867b47d028b7ffd4659a41149,len-huong,name:galaxy-cinema-coop-buon-ma-thuot,Galaxy Cinema Coop Buôn Ma Thuột,,2026-10-06T08:15:00.000Z,2026-10-06T10:16:00.000Z,TWO_D,Phụ Đề,2D Phụ Đề,SCHEDULED,MOCK,2026-10-05T14:54:05.165Z
d80d43b9ec852bfa6dd7a43a97d2afeda90e3d6c,len-huong,name:galaxy-cinema-long-xuyen,Galaxy Cinema Long Xuyên,,2026-10-06T08:15:00.000Z,2026-10-06T10:16:00.000Z,TWO_D,Phụ Đề,2D Phụ Đề,SCHEDULED,MOCK,2026-10-05T14:54:05.165Z
9961378f6446fd9ab92fcbc7e72d6cbb32fb8f69,len-huong,name:galaxy-cinema-go-ba-ria,Galaxy Cinema GO! Bà Rịa,,2026-10-06T08:15:00.000Z,2026-10-06T10:16:00.000Z,TWO_D,Phụ Đề,2D Phụ Đề,SCHEDULED,MOCK,2026-10-05T14:54:05.165Z
450b41438453e47961855aff95ac4b335a71322b,len-huong,galaxy-huynh-tan-phat,Galaxy Cinema Coop Huỳnh Tấn Phát,,2026-10-06T08:45:00.000Z,2026-10-06T10:46:00.000Z,TWO_D,Phụ Đề,2D Phụ Đề,SCHEDULED,MOCK,2026-10-05T14:54:05.165Z
a2a94af2fcda25559c7821f942092d5d15672499,len-huong,galaxy-huynh-tan-phat,Galaxy Cinema Coop Huỳnh Tấn Phát,,2026-10-06T15:15:00.000Z,2026-10-06T17:16:00.000Z,TWO_D,Phụ Đề,2D Phụ Đề,SCHEDULED,MOCK,2026-10-05T14:54:05.165Z
8a5e5d0acb5a87a957d8e4479e9139ed74104c62,len-huong,name:galaxy-cinema-mipec-long-bien,Galaxy Cinema Mipec Long Biên,,2026-10-06T10:45:00.000Z,2026-10-06T12:46:00.000Z,TWO_D,Phụ Đề,2D Phụ Đề,SCHEDULED,MOCK,2026-10-05T14:54:05.165Z
b9da613179265e752febfbdce9f38a26884787ed,len-huong,name:galaxy-cinema-aeon-mall-tan-an,Galaxy Cinema AEON Mall Tân An,,2026-10-06T11:30:00.000Z,2026-10-06T13:31:00.000Z,TWO_D,Phụ Đề,2D Phụ Đề,SCHEDULED,MOCK,2026-10-05T14:54:05.165Z
75d268be3fd9ddff1911b03a742c75e86e7f904d,len-huong,galaxy-cineo-go-an-lac,Galaxy CineO GO! An Lạc,,2026-10-07T05:15:00.000Z,2026-10-07T07:16:00.000Z,TWO_D,Phụ Đề,2D Phụ Đề,SCHEDULED,MOCK,2026-10-05T14:54:06.223Z
1ab97ec3104b78f553e546ef7dbaad00fb6ac9bb,len-huong,name:galaxy-cineo-go-ben-tre,Galaxy CineO GO! Bến Tre,,2026-10-07T08:15:00.000Z,2026-10-07T10:16:00.000Z,TWO_D,Phụ Đề,2D Phụ Đề,SCHEDULED,MOCK,2026-10-05T14:54:06.223Z
d07c12852c0d229394c6551d651fec8f83aab7d3,len-huong,galaxy-quang-trung,Galaxy CineO Coop Quang Trung,,2026-10-07T09:45:00.000Z,2026-10-07T11:46:00.000Z,TWO_D,Phụ Đề,2D Phụ Đề,SCHEDULED,MOCK,2026-10-05T14:54:06.223Z
c6ece31e59b72b4feb04ca0840274d61166f329a,len-huong,galaxy-parc-mall-q8,Galaxy Cine+ Parc Mall,,2026-10-07T05:45:00.000Z,2026-10-07T07:46:00.000Z,TWO_D,Phụ Đề,2D Phụ Đề,SCHEDULED,MOCK,2026-10-05T14:54:06.223Z
8a959463c2035c143dc42aaa0f8719530409b6e2,len-huong,galaxy-parc-mall-q8,Galaxy Cine+ Parc Mall,,2026-10-07T10:15:00.000Z,2026-10-07T12:16:00.000Z,TWO_D,Phụ Đề,2D Phụ Đề,SCHEDULED,MOCK,2026-10-05T14:54:06.223Z
e68300117bb7cf9621a14f42eedd5e714926259f,len-huong,galaxy-cine-thiso-phan-huy-ich,Galaxy Cine+ Thiso Mall Phan Huy Ích,,2026-10-07T03:30:00.000Z,2026-10-07T05:31:00.000Z,TWO_D,Phụ Đề,2D Phụ Đề,SCHEDULED,MOCK,2026-10-05T14:54:06.223Z
a071cbff927ed557f6eae2fcdd1d7b6b6db45a63,len-huong,galaxy-kinh-duong-vuong,Galaxy Cinema Kinh Dương Vương,,2026-10-07T03:15:00.000Z,2026-10-07T05:16:00.000Z,TWO_D,Phụ Đề,2D Phụ Đề,SCHEDULED,MOCK,2026-10-05T14:54:06.223Z
7183936d68a6305843289901b0d59795bd67bbd2,len-huong,galaxy-trung-chanh,Galaxy Cinema Trung Chánh,,2026-10-07T05:30:00.000Z,2026-10-07T07:31:00.000Z,TWO_D,Phụ Đề,2D Phụ Đề,SCHEDULED,MOCK,2026-10-05T14:54:06.223Z
b30ed72f9c88e3d98f96718cb852f34a7f7fb9a4,len-huong,galaxy-nguyen-van-qua,Galaxy Cinema Nguyễn Văn Quá,,2026-10-07T03:15:00.000Z,2026-10-07T05:16:00.000Z,TWO_D,Phụ Đề,2D Phụ Đề,SCHEDULED,MOCK,2026-10-05T14:54:06.223Z
aa9781060b3cf60c03b52d2bfb97cc0336efebcb,len-huong,galaxy-nguyen-van-qua,Galaxy Cinema Nguyễn Văn Quá,,2026-10-07T08:50:00.000Z,2026-10-07T10:51:00.000Z,TWO_D,Phụ Đề,2D Phụ Đề,SCHEDULED,MOCK,2026-10-05T14:54:06.223Z
75b8c6056dc31f978a072fae05a441f9319c40aa,len-huong,fb233b0f-edb4-4eb1-ade8-7f8b83ab2457,Galaxy Cinema Nguyễn Du,,2026-10-07T06:00:00.000Z,2026-10-07T08:01:00.000Z,TWO_D,Phụ Đề,2D Phụ Đề,SCHEDULED,MOCK,2026-10-05T14:54:06.223Z
3160a1ec1983c46e3965b0d78334f93aea4250ba,len-huong,fb233b0f-edb4-4eb1-ade8-7f8b83ab2457,Galaxy Cinema Nguyễn Du,,2026-10-07T09:45:00.000Z,2026-10-07T11:46:00.000Z,TWO_D,Phụ Đề,2D Phụ Đề,SCHEDULED,MOCK,2026-10-05T14:54:06.223Z
0bb396983a9adf42150cd3f38644338664a73090,len-huong,name:galaxy-cinema-coop-da-nang,Galaxy Cinema Coop Đà Nẵng,,2026-10-07T02:45:00.000Z,2026-10-07T04:46:00.000Z,TWO_D,Phụ Đề,2D Phụ Đề,SCHEDULED,MOCK,2026-10-05T14:54:06.223Z
a1e551874a087009423c9c843327a98a0794cc86,len-huong,name:galaxy-cinema-coop-da-nang,Galaxy Cinema Coop Đà Nẵng,,2026-10-07T07:15:00.000Z,2026-10-07T09:16:00.000Z,TWO_D,Phụ Đề,2D Phụ Đề,SCHEDULED,MOCK,2026-10-05T14:54:06.224Z
fe2cd9ccc9c3219ae19c800ed3356317a82a9759,len-huong,galaxy-truong-chinh,Galaxy Cinema Coop Trường Chinh,,2026-10-07T02:45:00.000Z,2026-10-07T04:46:00.000Z,TWO_D,Phụ Đề,2D Phụ Đề,SCHEDULED,MOCK,2026-10-05T14:54:06.224Z
7e3ee8e1bddd3c48ffa19de0531ada0297eff28b,len-huong,galaxy-linh-trung,Galaxy Cinema Co.opXtra Linh Trung,,2026-10-07T04:30:00.000Z,2026-10-07T06:31:00.000Z,TWO_D,Phụ Đề,2D Phụ Đề,SCHEDULED,MOCK,2026-10-05T14:54:06.224Z
35fc6b921ac91607becf4a6b65a6f8770e7defc0,len-huong,name:galaxy-cinema-aeon-mall-hue,Galaxy Cinema AEON Mall Huế,,2026-10-07T04:30:00.000Z,2026-10-07T06:31:00.000Z,TWO_D,Phụ Đề,2D Phụ Đề,SCHEDULED,MOCK,2026-10-05T14:54:06.224Z
dd727b8a4e1862717bccb85ff376535f3b773cc9,len-huong,name:galaxy-cinema-aeon-mall-hue,Galaxy Cinema AEON Mall Huế,,2026-10-07T15:15:00.000Z,2026-10-07T17:16:00.000Z,TWO_D,Phụ Đề,2D Phụ Đề,SCHEDULED,MOCK,2026-10-05T14:54:06.224Z
5b15473ee9eb9badefa0f71e5242d544b398cb01,len-huong,name:galaxy-cinema-sense-city-ca-mau,Galaxy Cinema Sense City Cà Mau,,2026-10-07T05:00:00.000Z,2026-10-07T07:01:00.000Z,TWO_D,Phụ Đề,2D Phụ Đề,SCHEDULED,MOCK,2026-10-05T14:54:06.224Z
c667173ef80cc1892b545272c7e90a1088b728ed,len-huong,name:galaxy-cinema-sense-city-ca-mau,Galaxy Cinema Sense City Cà Mau,,2026-10-07T09:15:00.000Z,2026-10-07T11:16:00.000Z,TWO_D,Phụ Đề,2D Phụ Đề,SCHEDULED,MOCK,2026-10-05T14:54:06.224Z
f35bce06962fd06b521a1f0cad7e74b1b766673b,len-huong,name:galaxy-cinema-sense-city-ca-mau,Galaxy Cinema Sense City Cà Mau,,2026-10-07T15:00:00.000Z,2026-10-07T17:01:00.000Z,TWO_D,Phụ Đề,2D Phụ Đề,SCHEDULED,MOCK,2026-10-05T14:54:06.224Z
b6088002079c68c66183beb326d55764df61a09e,len-huong,name:galaxy-cinema-mipec-long-bien,Galaxy Cinema Mipec Long Biên,,2026-10-07T05:15:00.000Z,2026-10-07T07:16:00.000Z,TWO_D,Phụ Đề,2D Phụ Đề,SCHEDULED,MOCK,2026-10-05T14:54:06.224Z
7a5e6359d14af03bb07203132322d04e1d283ac1,len-huong,name:galaxy-cinema-aeon-mall-tan-an,Galaxy Cinema AEON Mall Tân An,,2026-10-07T05:15:00.000Z,2026-10-07T07:16:00.000Z,TWO_D,Phụ Đề,2D Phụ Đề,SCHEDULED,MOCK,2026-10-05T14:54:06.224Z
628c7693c73a021641b2556b31d6fd7c3966c296,len-huong,galaxy-huynh-tan-phat,Galaxy Cinema Coop Huỳnh Tấn Phát,,2026-10-07T06:00:00.000Z,2026-10-07T08:01:00.000Z,TWO_D,Phụ Đề,2D Phụ Đề,SCHEDULED,MOCK,2026-10-05T14:54:06.224Z
ad4bc43187a3ac58fa7185b6c36b7cde00373762,len-huong,name:galaxy-cinema-sense-city-ben-tre,Galaxy Cinema Sense City Bến Tre,,2026-10-07T08:15:00.000Z,2026-10-07T10:16:00.000Z,TWO_D,Phụ Đề,2D Phụ Đề,SCHEDULED,MOCK,2026-10-05T14:54:06.224Z
6d2c0f03e307b239dfeb593419cfc11a8f45da45,len-huong,name:galaxy-cinema-coop-buon-ma-thuot,Galaxy Cinema Coop Buôn Ma Thuột,,2026-10-07T08:15:00.000Z,2026-10-07T10:16:00.000Z,TWO_D,Phụ Đề,2D Phụ Đề,SCHEDULED,MOCK,2026-10-05T14:54:06.224Z
3604676dca46c4021efe928586a1ea166313ef25,len-huong,name:galaxy-cinema-long-xuyen,Galaxy Cinema Long Xuyên,,2026-10-07T08:15:00.000Z,2026-10-07T10:16:00.000Z,TWO_D,Phụ Đề,2D Phụ Đề,SCHEDULED,MOCK,2026-10-05T14:54:06.224Z
027b875ecff28ec4f5f2c6abf63c790653751c69,len-huong,name:galaxy-cinema-go-ba-ria,Galaxy Cinema GO! Bà Rịa,,2026-10-07T08:15:00.000Z,2026-10-07T10:16:00.000Z,TWO_D,Phụ Đề,2D Phụ Đề,SCHEDULED,MOCK,2026-10-05T14:54:06.224Z
08032c76c7d2ac7dfaf1e076f028677b444fc594,len-huong,galaxy-cineo-go-an-lac,Galaxy CineO GO! An Lạc,,2026-10-08T05:15:00.000Z,2026-10-08T07:16:00.000Z,TWO_D,Phụ Đề,2D Phụ Đề,SCHEDULED,MOCK,2026-10-05T14:54:07.253Z
090bd18040e8a7c92a56dd9f923a53c5dfdbebac,len-huong,name:galaxy-cineo-go-ben-tre,Galaxy CineO GO! Bến Tre,,2026-10-08T08:15:00.000Z,2026-10-08T10:16:00.000Z,TWO_D,Phụ Đề,2D Phụ Đề,SCHEDULED,MOCK,2026-10-05T14:54:07.253Z
ace90d67b0e2f1403bc8013b257855fae513d0d3,len-huong,galaxy-quang-trung,Galaxy CineO Coop Quang Trung,,2026-10-08T09:45:00.000Z,2026-10-08T11:46:00.000Z,TWO_D,Phụ Đề,2D Phụ Đề,SCHEDULED,MOCK,2026-10-05T14:54:07.253Z
4f00145d93662bc63764dc5e85374c94a593b1af,len-huong,galaxy-parc-mall-q8,Galaxy Cine+ Parc Mall,,2026-10-08T05:45:00.000Z,2026-10-08T07:46:00.000Z,TWO_D,Phụ Đề,2D Phụ Đề,SCHEDULED,MOCK,2026-10-05T14:54:07.253Z
1d756dabe70de2dd58cf069cfdd8f8ea96d03beb,len-huong,galaxy-parc-mall-q8,Galaxy Cine+ Parc Mall,,2026-10-08T10:15:00.000Z,2026-10-08T12:16:00.000Z,TWO_D,Phụ Đề,2D Phụ Đề,SCHEDULED,MOCK,2026-10-05T14:54:07.253Z
92dafb4ab8e5a77cfa9735c8dc5248c93f6e840e,len-huong,galaxy-cine-thiso-phan-huy-ich,Galaxy Cine+ Thiso Mall Phan Huy Ích,,2026-10-08T03:30:00.000Z,2026-10-08T05:31:00.000Z,TWO_D,Phụ Đề,2D Phụ Đề,SCHEDULED,MOCK,2026-10-05T14:54:07.253Z
78ad5053e763243c08fd34ae8f85867f89f7a7b5,len-huong,galaxy-cine-thiso-phan-huy-ich,Galaxy Cine+ Thiso Mall Phan Huy Ích,,2026-10-08T11:15:00.000Z,2026-10-08T13:16:00.000Z,TWO_D,Phụ Đề,2D Phụ Đề,SCHEDULED,MOCK,2026-10-05T14:54:07.253Z
c2b9469d0a222cee8093f29b5867d54cb9930bb9,len-huong,galaxy-kinh-duong-vuong,Galaxy Cinema Kinh Dương Vương,,2026-10-08T03:15:00.000Z,2026-10-08T05:16:00.000Z,TWO_D,Phụ Đề,2D Phụ Đề,SCHEDULED,MOCK,2026-10-05T14:54:07.253Z
40d0725d7538990fece5262ae2ebfa071f38a308,len-huong,galaxy-tan-binh,Galaxy Cinema Tân Bình,,2026-10-08T08:30:00.000Z,2026-10-08T10:31:00.000Z,TWO_D,Phụ Đề,2D Phụ Đề,SCHEDULED,MOCK,2026-10-05T14:54:07.253Z
14b7bc00100778e2bb8c8fcc9b1779abdaefa95a,len-huong,galaxy-trung-chanh,Galaxy Cinema Trung Chánh,,2026-10-08T05:30:00.000Z,2026-10-08T07:31:00.000Z,TWO_D,Phụ Đề,2D Phụ Đề,SCHEDULED,MOCK,2026-10-05T14:54:07.253Z
1156bc3a89b4c360dabbb651fa475a0bc232cbbc,len-huong,galaxy-nguyen-van-qua,Galaxy Cinema Nguyễn Văn Quá,,2026-10-08T03:15:00.000Z,2026-10-08T05:16:00.000Z,TWO_D,Phụ Đề,2D Phụ Đề,SCHEDULED,MOCK,2026-10-05T14:54:07.253Z
6bbd4d83bbdb710dd1967c8dde9eab6b703bf5d3,len-huong,galaxy-nguyen-van-qua,Galaxy Cinema Nguyễn Văn Quá,,2026-10-08T08:50:00.000Z,2026-10-08T10:51:00.000Z,TWO_D,Phụ Đề,2D Phụ Đề,SCHEDULED,MOCK,2026-10-05T14:54:07.253Z
86b40cc52f539585b8628e2bc03c68394feeec33,len-huong,fb233b0f-edb4-4eb1-ade8-7f8b83ab2457,Galaxy Cinema Nguyễn Du,,2026-10-08T02:15:00.000Z,2026-10-08T04:16:00.000Z,TWO_D,Phụ Đề,2D Phụ Đề,SCHEDULED,MOCK,2026-10-05T14:54:07.253Z
6d37a68fc58532b45759e2a3252d435728455e23,len-huong,fb233b0f-edb4-4eb1-ade8-7f8b83ab2457,Galaxy Cinema Nguyễn Du,,2026-10-08T15:45:00.000Z,2026-10-08T17:46:00.000Z,TWO_D,Phụ Đề,2D Phụ Đề,SCHEDULED,MOCK,2026-10-05T14:54:07.253Z
7271fade9de84890e199102dc015868c23da5b2f,len-huong,name:galaxy-cinema-coop-da-nang,Galaxy Cinema Coop Đà Nẵng,,2026-10-08T02:45:00.000Z,2026-10-08T04:46:00.000Z,TWO_D,Phụ Đề,2D Phụ Đề,SCHEDULED,MOCK,2026-10-05T14:54:07.253Z
a799875d8503ef99593ebe5671073c87062b23cf,len-huong,name:galaxy-cinema-coop-da-nang,Galaxy Cinema Coop Đà Nẵng,,2026-10-08T07:15:00.000Z,2026-10-08T09:16:00.000Z,TWO_D,Phụ Đề,2D Phụ Đề,SCHEDULED,MOCK,2026-10-05T14:54:07.254Z
1aa91ea8a6be7eb56053633dc9cf91a045cf19f1,len-huong,name:galaxy-cinema-coop-da-nang,Galaxy Cinema Coop Đà Nẵng,,2026-10-08T13:15:00.000Z,2026-10-08T15:16:00.000Z,TWO_D,Phụ Đề,2D Phụ Đề,SCHEDULED,MOCK,2026-10-05T14:54:07.254Z
a7e30702c35c5a97073a22cd3ec761d31e49bd62,len-huong,name:galaxy-cinema-coop-da-nang,Galaxy Cinema Coop Đà Nẵng,,2026-10-08T15:30:00.000Z,2026-10-08T17:31:00.000Z,TWO_D,Phụ Đề,2D Phụ Đề,SCHEDULED,MOCK,2026-10-05T14:54:07.254Z
67792e2687a3c78e31d52bd3c7ceeae3bbb49d4f,len-huong,galaxy-truong-chinh,Galaxy Cinema Coop Trường Chinh,,2026-10-08T02:45:00.000Z,2026-10-08T04:46:00.000Z,TWO_D,Phụ Đề,2D Phụ Đề,SCHEDULED,MOCK,2026-10-05T14:54:07.254Z
f75e5f6f9c001be3f676f6c48c145426a6b59f47,len-huong,galaxy-linh-trung,Galaxy Cinema Co.opXtra Linh Trung,,2026-10-08T04:30:00.000Z,2026-10-08T06:31:00.000Z,TWO_D,Phụ Đề,2D Phụ Đề,SCHEDULED,MOCK,2026-10-05T14:54:07.255Z
c091510eae2ba3e7feb6d0b882fc6bc037d7c39c,len-huong,name:galaxy-cinema-aeon-mall-hue,Galaxy Cinema AEON Mall Huế,,2026-10-08T04:30:00.000Z,2026-10-08T06:31:00.000Z,TWO_D,Phụ Đề,2D Phụ Đề,SCHEDULED,MOCK,2026-10-05T14:54:07.255Z
c6f1137e4b9131c6879c072268e53935a55b050d,len-huong,name:galaxy-cinema-aeon-mall-hue,Galaxy Cinema AEON Mall Huế,,2026-10-08T15:15:00.000Z,2026-10-08T17:16:00.000Z,TWO_D,Phụ Đề,2D Phụ Đề,SCHEDULED,MOCK,2026-10-05T14:54:07.255Z
2b281bb4c9187682b3b36de61ab9cc45328aa46d,len-huong,name:galaxy-cinema-sense-city-ca-mau,Galaxy Cinema Sense City Cà Mau,,2026-10-08T05:00:00.000Z,2026-10-08T07:01:00.000Z,TWO_D,Phụ Đề,2D Phụ Đề,SCHEDULED,MOCK,2026-10-05T14:54:07.255Z
df81735a983fe9baf16e7479652809c68d13211f,len-huong,name:galaxy-cinema-sense-city-ca-mau,Galaxy Cinema Sense City Cà Mau,,2026-10-08T09:15:00.000Z,2026-10-08T11:16:00.000Z,TWO_D,Phụ Đề,2D Phụ Đề,SCHEDULED,MOCK,2026-10-05T14:54:07.255Z
1764fcd0f49c1df18d67013d09d4eb33ee474339,len-huong,name:galaxy-cinema-sense-city-ca-mau,Galaxy Cinema Sense City Cà Mau,,2026-10-08T15:00:00.000Z,2026-10-08T17:01:00.000Z,TWO_D,Phụ Đề,2D Phụ Đề,SCHEDULED,MOCK,2026-10-05T14:54:07.255Z
363a6f093b85b0530216df3df7c511ec925bd26c,len-huong,name:galaxy-cinema-mipec-long-bien,Galaxy Cinema Mipec Long Biên,,2026-10-08T05:15:00.000Z,2026-10-08T07:16:00.000Z,TWO_D,Phụ Đề,2D Phụ Đề,SCHEDULED,MOCK,2026-10-05T14:54:07.255Z
f0e6ebcf189a8ba2d72501f03c0e191199021de5,len-huong,name:galaxy-cinema-aeon-mall-tan-an,Galaxy Cinema AEON Mall Tân An,,2026-10-08T05:15:00.000Z,2026-10-08T07:16:00.000Z,TWO_D,Phụ Đề,2D Phụ Đề,SCHEDULED,MOCK,2026-10-05T14:54:07.255Z
adf85de5fd99bdc2f590b224e06536bd5934196d,len-huong,galaxy-huynh-tan-phat,Galaxy Cinema Coop Huỳnh Tấn Phát,,2026-10-08T06:00:00.000Z,2026-10-08T08:01:00.000Z,TWO_D,Phụ Đề,2D Phụ Đề,SCHEDULED,MOCK,2026-10-05T14:54:07.255Z
48800c1395c526a3be5f1c5db9d72c4595bc625e,len-huong,name:galaxy-cinema-sense-city-ben-tre,Galaxy Cinema Sense City Bến Tre,,2026-10-08T08:15:00.000Z,2026-10-08T10:16:00.000Z,TWO_D,Phụ Đề,2D Phụ Đề,SCHEDULED,MOCK,2026-10-05T14:54:07.255Z
5b935ac7eff34e71c484e73773118df54fc83153,len-huong,name:galaxy-cinema-coop-buon-ma-thuot,Galaxy Cinema Coop Buôn Ma Thuột,,2026-10-08T08:15:00.000Z,2026-10-08T10:16:00.000Z,TWO_D,Phụ Đề,2D Phụ Đề,SCHEDULED,MOCK,2026-10-05T14:54:07.255Z
0bf3a6fe98ffab1ec4b3bd06544c401d7f747ca9,len-huong,name:galaxy-cinema-long-xuyen,Galaxy Cinema Long Xuyên,,2026-10-08T08:15:00.000Z,2026-10-08T10:16:00.000Z,TWO_D,Phụ Đề,2D Phụ Đề,SCHEDULED,MOCK,2026-10-05T14:54:07.255Z
ba99c142c5fcf9416caf170db6ab799b04a56f80,len-huong,name:galaxy-cinema-go-ba-ria,Galaxy Cinema GO! Bà Rịa,,2026-10-08T08:15:00.000Z,2026-10-08T10:16:00.000Z,TWO_D,Phụ Đề,2D Phụ Đề,SCHEDULED,MOCK,2026-10-05T14:54:07.255Z
7d63823ebc39c8083a08ead3df4d4d27e8cbfc8e,trai-buon-nguoi,name:galaxy-cinex-hanoi-centre,Galaxy CineX Hanoi Centre,,2026-10-05T15:00:00.000Z,2026-10-05T17:15:00.000Z,TWO_D,,,SCHEDULED,MOCK,2026-10-05T14:56:12.440Z
2c157d71b09ce97bd0949cd0352ca4dfefd1e557,trai-buon-nguoi,name:galaxy-cinex-hanoi-centre,Galaxy CineX Hanoi Centre,,2026-10-05T15:30:00.000Z,2026-10-05T17:45:00.000Z,TWO_D,,,SCHEDULED,MOCK,2026-10-05T14:56:12.440Z
36270ff3575a4deed25a147790ae8a30d833cb12,trai-buon-nguoi,name:galaxy-cinex-hanoi-centre,Galaxy CineX Hanoi Centre,,2026-10-05T16:00:00.000Z,2026-10-05T18:15:00.000Z,TWO_D,Phụ Đề,2D Phụ Đề,SCHEDULED,MOCK,2026-10-05T14:56:12.440Z
758774421053d5c53aad0d0ea0661c47146e3ecf,trai-buon-nguoi,name:galaxy-cinex-hanoi-centre,Galaxy CineX Hanoi Centre,,2026-10-05T16:55:00.000Z,2026-10-05T19:10:00.000Z,TWO_D,Phụ Đề,2D Phụ Đề,SCHEDULED,MOCK,2026-10-05T14:56:12.441Z
27f3054cc6e75b2531750890c50190eb603ded79,trai-buon-nguoi,name:galaxy-cinex-hanoi-centre,Galaxy CineX Hanoi Centre,,2026-10-05T16:15:00.000Z,2026-10-05T18:30:00.000Z,TWO_D,Phụ Đề,2D Phụ Đề,SCHEDULED,MOCK,2026-10-05T14:56:12.441Z
289a814648c85cb0e057783695062820cee46737,trai-buon-nguoi,name:galaxy-cinex-hanoi-centre,Galaxy CineX Hanoi Centre,,2026-10-05T16:30:00.000Z,2026-10-05T18:45:00.000Z,TWO_D,Phụ Đề,2D Phụ Đề,SCHEDULED,MOCK,2026-10-05T14:56:12.441Z
ca141c1c70066cc3cf862ebdef45147791b8df8e,trai-buon-nguoi,galaxy-sala,Galaxy CineX Thiso Mall Sala,,2026-10-05T15:00:00.000Z,2026-10-05T17:15:00.000Z,TWO_D,Phụ Đề,2D Phụ Đề,SCHEDULED,MOCK,2026-10-05T14:56:12.441Z
de0007c3234809c63297cb1248726b4bcb461fac,trai-buon-nguoi,galaxy-sala,Galaxy CineX Thiso Mall Sala,,2026-10-05T15:45:00.000Z,2026-10-05T18:00:00.000Z,TWO_D,Phụ Đề,2D Phụ Đề,SCHEDULED,MOCK,2026-10-05T14:56:12.441Z
11e9dfc37c579a795df162fbf2054006d974a85c,trai-buon-nguoi,name:galaxy-cinex-aeon-mall-thanh-khe,Galaxy CineX AEON Mall Thanh Khê,,2026-10-05T15:00:00.000Z,2026-10-05T17:15:00.000Z,TWO_D,,,SCHEDULED,MOCK,2026-10-05T14:56:12.441Z
4ad35b21b2061a56b3ea311090370734800391d2,trai-buon-nguoi,name:galaxy-cinex-aeon-mall-thanh-khe,Galaxy CineX AEON Mall Thanh Khê,,2026-10-05T15:15:00.000Z,2026-10-05T17:30:00.000Z,TWO_D,,,SCHEDULED,MOCK,2026-10-05T14:56:12.441Z
3a68df7c82768e221f0a7909842d1ea4b9b9a443,trai-buon-nguoi,name:galaxy-cinex-aeon-mall-thanh-khe,Galaxy CineX AEON Mall Thanh Khê,,2026-10-05T15:30:00.000Z,2026-10-05T17:45:00.000Z,TWO_D,Phụ Đề,2D Phụ Đề,SCHEDULED,MOCK,2026-10-05T14:56:12.441Z
bde6c98a1e8d776db4d743ac16914987842bb58f,trai-buon-nguoi,galaxy-cineo-go-an-lac,Galaxy CineO GO! An Lạc,,2026-10-05T15:15:00.000Z,2026-10-05T17:30:00.000Z,TWO_D,Phụ Đề,2D Phụ Đề,SCHEDULED,MOCK,2026-10-05T14:56:12.441Z
b15f0088a2c9ad70fe7f04d9bb275327f48756dd,trai-buon-nguoi,galaxy-cineo-go-an-lac,Galaxy CineO GO! An Lạc,,2026-10-05T15:30:00.000Z,2026-10-05T17:45:00.000Z,TWO_D,Phụ Đề,2D Phụ Đề,SCHEDULED,MOCK,2026-10-05T14:56:12.441Z
6d734aa666b8879cb998e480660f45ac6a95ca74,trai-buon-nguoi,name:galaxy-cineo-go-ben-tre,Galaxy CineO GO! Bến Tre,,2026-10-05T15:00:00.000Z,2026-10-05T17:15:00.000Z,TWO_D,Phụ Đề,2D Phụ Đề,SCHEDULED,MOCK,2026-10-05T14:56:12.441Z
d5263c34beb1cd5e5236ef5c52f6222eaf7b72ff,trai-buon-nguoi,name:galaxy-cineo-go-ben-tre,Galaxy CineO GO! Bến Tre,,2026-10-05T15:30:00.000Z,2026-10-05T17:45:00.000Z,TWO_D,Phụ Đề,2D Phụ Đề,SCHEDULED,MOCK,2026-10-05T14:56:12.441Z
4803d973a387af8e57d073c71380e07c3fc586b6,trai-buon-nguoi,galaxy-quang-trung,Galaxy CineO Coop Quang Trung,,2026-10-05T15:00:00.000Z,2026-10-05T17:15:00.000Z,TWO_D,Phụ Đề,2D Phụ Đề,SCHEDULED,MOCK,2026-10-05T14:56:12.441Z
baa9c4358d3777314dd776b1d60cab3ca0bdba1d,trai-buon-nguoi,galaxy-quang-trung,Galaxy CineO Coop Quang Trung,,2026-10-05T15:45:00.000Z,2026-10-05T18:00:00.000Z,TWO_D,Phụ Đề,2D Phụ Đề,SCHEDULED,MOCK,2026-10-05T14:56:12.441Z
ad62e2806e44d53e44b2acfe5b11bb83cbfb8153,trai-buon-nguoi,galaxy-quang-trung,Galaxy CineO Coop Quang Trung,,2026-10-05T16:00:00.000Z,2026-10-05T18:15:00.000Z,TWO_D,Phụ Đề,2D Phụ Đề,SCHEDULED,MOCK,2026-10-05T14:56:12.441Z
b54fab32a298a12beb3f13985645eb885dff1e9c,trai-buon-nguoi,galaxy-quang-trung,Galaxy CineO Coop Quang Trung,,2026-10-05T16:15:00.000Z,2026-10-05T18:30:00.000Z,TWO_D,Phụ Đề,2D Phụ Đề,SCHEDULED,MOCK,2026-10-05T14:56:12.441Z
0857177070ce7daff93fb2607d00e5ea7541099b,trai-buon-nguoi,galaxy-quang-trung,Galaxy CineO Coop Quang Trung,,2026-10-05T16:30:00.000Z,2026-10-05T18:45:00.000Z,TWO_D,Phụ Đề,2D Phụ Đề,SCHEDULED,MOCK,2026-10-05T14:56:12.441Z
dded19a9fe9464a4371408e0a3b0c989289ec4b1,trai-buon-nguoi,galaxy-quang-trung,Galaxy CineO Coop Quang Trung,,2026-10-05T16:45:00.000Z,2026-10-05T19:00:00.000Z,TWO_D,Phụ Đề,2D Phụ Đề,SCHEDULED,MOCK,2026-10-05T14:56:12.441Z
2ef25b5d97c59a1474089f0014fa64e79b9a5fe3,trai-buon-nguoi,name:galaxy-cineo-vincom-dan-phuong,Galaxy CineO Vincom Đan Phượng,,2026-10-05T15:15:00.000Z,2026-10-05T17:30:00.000Z,TWO_D,Phụ Đề,2D Phụ Đề,SCHEDULED,MOCK,2026-10-05T14:56:12.441Z
9a7a54367334578426e3c539d51ea6124e8d1ae0,trai-buon-nguoi,name:galaxy-cineo-vincom-dan-phuong,Galaxy CineO Vincom Đan Phượng,,2026-10-05T15:30:00.000Z,2026-10-05T17:45:00.000Z,TWO_D,Phụ Đề,2D Phụ Đề,SCHEDULED,MOCK,2026-10-05T14:56:12.441Z
11c4f31ed53e5cc225999163cb30d6451074a256,trai-buon-nguoi,name:galaxy-cineo-vincom-dan-phuong,Galaxy CineO Vincom Đan Phượng,,2026-10-05T15:45:00.000Z,2026-10-05T18:00:00.000Z,TWO_D,Phụ Đề,2D Phụ Đề,SCHEDULED,MOCK,2026-10-05T14:56:12.442Z
c625b10cad80d1aa07f7eb8f40c6da1922449820,trai-buon-nguoi,name:galaxy-cineo-vincom-dan-phuong,Galaxy CineO Vincom Đan Phượng,,2026-10-05T16:15:00.000Z,2026-10-05T18:30:00.000Z,TWO_D,Phụ Đề,2D Phụ Đề,SCHEDULED,MOCK,2026-10-05T14:56:12.442Z
59a8eca8d7edcb823de8a97bbc30cfad84b217d7,trai-buon-nguoi,name:galaxy-cine-gold-coast-nha-trang,Galaxy Cine+ Gold Coast Nha Trang,,2026-10-05T15:00:00.000Z,2026-10-05T17:15:00.000Z,TWO_D,Phụ Đề,2D Phụ Đề,SCHEDULED,MOCK,2026-10-05T14:56:12.442Z
d2351edca0fb28d0fe6f096b4bdc196f9f7d2a43,trai-buon-nguoi,name:galaxy-cine-gold-coast-nha-trang,Galaxy Cine+ Gold Coast Nha Trang,,2026-10-05T15:30:00.000Z,2026-10-05T17:45:00.000Z,TWO_D,Phụ Đề,2D Phụ Đề,SCHEDULED,MOCK,2026-10-05T14:56:12.442Z
c52d439ead575d28027a9446704b50760a16f2a3,trai-buon-nguoi,name:galaxy-cine-gold-coast-nha-trang,Galaxy Cine+ Gold Coast Nha Trang,,2026-10-05T16:00:00.000Z,2026-10-05T18:15:00.000Z,TWO_D,Phụ Đề,2D Phụ Đề,SCHEDULED,MOCK,2026-10-05T14:56:12.442Z
73f6adde0ceba5e6d6958ddbb8d28c9790e88bc7,trai-buon-nguoi,name:galaxy-cine-gold-coast-nha-trang,Galaxy Cine+ Gold Coast Nha Trang,,2026-10-05T16:30:00.000Z,2026-10-05T18:45:00.000Z,TWO_D,Phụ Đề,2D Phụ Đề,SCHEDULED,MOCK,2026-10-05T14:56:12.442Z
2663d3c9259b474447f332061cecab0529287348,trai-buon-nguoi,galaxy-parc-mall-q8,Galaxy Cine+ Parc Mall,,2026-10-05T15:00:00.000Z,2026-10-05T17:15:00.000Z,TWO_D,Phụ Đề,2D Phụ Đề,SCHEDULED,MOCK,2026-10-05T14:56:12.442Z
1996d464bba1c23f366af920e0e65e8c091a9028,trai-buon-nguoi,galaxy-parc-mall-q8,Galaxy Cine+ Parc Mall,,2026-10-05T15:30:00.000Z,2026-10-05T17:45:00.000Z,TWO_D,Phụ Đề,2D Phụ Đề,SCHEDULED,MOCK,2026-10-05T14:56:12.442Z
ee866164734eef48cab21576d2c41bf4c7ebe25b,trai-buon-nguoi,galaxy-parc-mall-q8,Galaxy Cine+ Parc Mall,,2026-10-05T16:00:00.000Z,2026-10-05T18:15:00.000Z,TWO_D,Phụ Đề,2D Phụ Đề,SCHEDULED,MOCK,2026-10-05T14:56:12.442Z
77c635d71e84423521c13a516932b14788c4cb74,trai-buon-nguoi,galaxy-parc-mall-q8,Galaxy Cine+ Parc Mall,,2026-10-05T16:30:00.000Z,2026-10-05T18:45:00.000Z,TWO_D,Phụ Đề,2D Phụ Đề,SCHEDULED,MOCK,2026-10-05T14:56:12.442Z
c2b0d0574b509e06b349e8918d78cf372e8f4ac3,trai-buon-nguoi,galaxy-cine-thiso-phan-huy-ich,Galaxy Cine+ Thiso Mall Phan Huy Ích,,2026-10-05T15:00:00.000Z,2026-10-05T17:15:00.000Z,TWO_D,Phụ Đề,2D Phụ Đề,SCHEDULED,MOCK,2026-10-05T14:56:12.442Z
2611d705a958e2f7c18706487eec0e52805496f8,trai-buon-nguoi,galaxy-cine-thiso-phan-huy-ich,Galaxy Cine+ Thiso Mall Phan Huy Ích,,2026-10-05T15:30:00.000Z,2026-10-05T17:45:00.000Z,TWO_D,Phụ Đề,2D Phụ Đề,SCHEDULED,MOCK,2026-10-05T14:56:12.442Z
23d6e34ce0a031a23c983e78f4ef18f06774e316,trai-buon-nguoi,name:galaxy-cine-vincom-vinh,Galaxy Cine+ Vincom Vinh,,2026-10-05T15:00:00.000Z,2026-10-05T17:15:00.000Z,TWO_D,,,SCHEDULED,MOCK,2026-10-05T14:56:12.442Z
f818202f9dfca1202478d9df9a4498a93bd2eae0,trai-buon-nguoi,name:galaxy-cine-vincom-vinh,Galaxy Cine+ Vincom Vinh,,2026-10-05T15:15:00.000Z,2026-10-05T17:30:00.000Z,TWO_D,Phụ Đề,2D Phụ Đề,SCHEDULED,MOCK,2026-10-05T14:56:12.442Z
bf89a4b0cfbc46e9dd9541d7b10877da9cfacf9f,trai-buon-nguoi,name:galaxy-cine-vincom-vinh,Galaxy Cine+ Vincom Vinh,,2026-10-05T15:45:00.000Z,2026-10-05T18:00:00.000Z,TWO_D,Phụ Đề,2D Phụ Đề,SCHEDULED,MOCK,2026-10-05T14:56:12.442Z
1ffc72d6cca338fbcd9d10831d7eea4467782cd6,trai-buon-nguoi,name:galaxy-cine-vincom-vinh,Galaxy Cine+ Vincom Vinh,,2026-10-05T16:15:00.000Z,2026-10-05T18:30:00.000Z,TWO_D,Phụ Đề,2D Phụ Đề,SCHEDULED,MOCK,2026-10-05T14:56:12.442Z
c8ff49ceb183ef4a0d91924c3c3e7409d0effd87,trai-buon-nguoi,galaxy-kinh-duong-vuong,Galaxy Cinema Kinh Dương Vương,,2026-10-05T15:00:00.000Z,2026-10-05T17:15:00.000Z,TWO_D,Phụ Đề,2D Phụ Đề,SCHEDULED,MOCK,2026-10-05T14:56:12.442Z
12d2ba62b69ae460b6445d98fa13f4c9cb7bb437,trai-buon-nguoi,galaxy-kinh-duong-vuong,Galaxy Cinema Kinh Dương Vương,,2026-10-05T15:30:00.000Z,2026-10-05T17:45:00.000Z,TWO_D,Phụ Đề,2D Phụ Đề,SCHEDULED,MOCK,2026-10-05T14:56:12.442Z
1afbad79305d1cefe6b4b700d90c8d0174ecd4e0,trai-buon-nguoi,galaxy-kinh-duong-vuong,Galaxy Cinema Kinh Dương Vương,,2026-10-05T16:00:00.000Z,2026-10-05T18:15:00.000Z,TWO_D,Phụ Đề,2D Phụ Đề,SCHEDULED,MOCK,2026-10-05T14:56:12.443Z
e51b2c5f694e49dae8d70cd6b80aebf7ce6dd63d,trai-buon-nguoi,galaxy-kinh-duong-vuong,Galaxy Cinema Kinh Dương Vương,,2026-10-05T16:15:00.000Z,2026-10-05T18:30:00.000Z,TWO_D,Phụ Đề,2D Phụ Đề,SCHEDULED,MOCK,2026-10-05T14:56:12.443Z
b115de82347ad82ba342123fa204d8488d5374da,trai-buon-nguoi,galaxy-kinh-duong-vuong,Galaxy Cinema Kinh Dương Vương,,2026-10-05T16:30:00.000Z,2026-10-05T18:45:00.000Z,TWO_D,Phụ Đề,2D Phụ Đề,SCHEDULED,MOCK,2026-10-05T14:56:12.443Z
57a8fc2c8326a246650d84ac0289be2e59199bc8,trai-buon-nguoi,galaxy-kinh-duong-vuong,Galaxy Cinema Kinh Dương Vương,,2026-10-05T16:55:00.000Z,2026-10-05T19:10:00.000Z,TWO_D,Phụ Đề,2D Phụ Đề,SCHEDULED,MOCK,2026-10-05T14:56:12.443Z
aa82ed1d1632324fbb9ff5b940544ea1bdf5d0d0,trai-buon-nguoi,galaxy-tan-binh,Galaxy Cinema Tân Bình,,2026-10-05T15:00:00.000Z,2026-10-05T17:15:00.000Z,TWO_D,Phụ Đề,2D Phụ Đề,SCHEDULED,MOCK,2026-10-05T14:56:12.443Z
e67a62ba75ae2caa6e17583df759a0a24f5f115b,trai-buon-nguoi,galaxy-tan-binh,Galaxy Cinema Tân Bình,,2026-10-05T15:30:00.000Z,2026-10-05T17:45:00.000Z,TWO_D,Phụ Đề,2D Phụ Đề,SCHEDULED,MOCK,2026-10-05T14:56:12.443Z
102ec72232a3f4c3120f3dcc314ab0f3bc89e364,trai-buon-nguoi,galaxy-tan-binh,Galaxy Cinema Tân Bình,,2026-10-05T15:45:00.000Z,2026-10-05T18:00:00.000Z,TWO_D,Phụ Đề,2D Phụ Đề,SCHEDULED,MOCK,2026-10-05T14:56:12.443Z
cea3b95ca7bee9482e719ab67b1891392bc5017d,trai-buon-nguoi,galaxy-tan-binh,Galaxy Cinema Tân Bình,,2026-10-05T16:15:00.000Z,2026-10-05T18:30:00.000Z,TWO_D,Phụ Đề,2D Phụ Đề,SCHEDULED,MOCK,2026-10-05T14:56:12.443Z
93f72b8eb200ca456f3899123d704209317b5c16,trai-buon-nguoi,galaxy-tan-binh,Galaxy Cinema Tân Bình,,2026-10-05T16:55:00.000Z,2026-10-05T19:10:00.000Z,TWO_D,Phụ Đề,2D Phụ Đề,SCHEDULED,MOCK,2026-10-05T14:56:12.443Z
303120da00a91751dc064463ea23523aa703260a,trai-buon-nguoi,galaxy-trung-chanh,Galaxy Cinema Trung Chánh,,2026-10-05T15:00:00.000Z,2026-10-05T17:15:00.000Z,TWO_D,Phụ Đề,2D Phụ Đề,SCHEDULED,MOCK,2026-10-05T14:56:12.443Z
31505de624df555848ad01f7e1927e51797d15ea,trai-buon-nguoi,galaxy-trung-chanh,Galaxy Cinema Trung Chánh,,2026-10-05T15:30:00.000Z,2026-10-05T17:45:00.000Z,TWO_D,Phụ Đề,2D Phụ Đề,SCHEDULED,MOCK,2026-10-05T14:56:12.443Z
9db13ca51914564d532d95c93b5fcb64f74fc5c7,trai-buon-nguoi,galaxy-trung-chanh,Galaxy Cinema Trung Chánh,,2026-10-05T15:45:00.000Z,2026-10-05T18:00:00.000Z,TWO_D,Phụ Đề,2D Phụ Đề,SCHEDULED,MOCK,2026-10-05T14:56:12.443Z
ae612fb6302807acdfaad877c858dd0f6a6b6c35,trai-buon-nguoi,galaxy-trung-chanh,Galaxy Cinema Trung Chánh,,2026-10-05T16:00:00.000Z,2026-10-05T18:15:00.000Z,TWO_D,Phụ Đề,2D Phụ Đề,SCHEDULED,MOCK,2026-10-05T14:56:12.443Z
0b09ef44a0ea9ce69ac7b76c6d18cb5af0c73bb5,trai-buon-nguoi,galaxy-trung-chanh,Galaxy Cinema Trung Chánh,,2026-10-05T16:30:00.000Z,2026-10-05T18:45:00.000Z,TWO_D,Phụ Đề,2D Phụ Đề,SCHEDULED,MOCK,2026-10-05T14:56:12.443Z
b0f5f74e213b83cf7f5c6dcc775ee30789926826,trai-buon-nguoi,galaxy-nguyen-van-qua,Galaxy Cinema Nguyễn Văn Quá,,2026-10-05T15:00:00.000Z,2026-10-05T17:15:00.000Z,TWO_D,Phụ Đề,2D Phụ Đề,SCHEDULED,MOCK,2026-10-05T14:56:12.443Z
054acf71f5a7bb79c4a3c6e2b0d13e1e314d4fd8,trai-buon-nguoi,galaxy-nguyen-van-qua,Galaxy Cinema Nguyễn Văn Quá,,2026-10-05T15:15:00.000Z,2026-10-05T17:30:00.000Z,TWO_D,Phụ Đề,2D Phụ Đề,SCHEDULED,MOCK,2026-10-05T14:56:12.443Z
704f82896afd271300d5cb4e3f042b1acffc40a2,trai-buon-nguoi,galaxy-nguyen-van-qua,Galaxy Cinema Nguyễn Văn Quá,,2026-10-05T16:00:00.000Z,2026-10-05T18:15:00.000Z,TWO_D,Phụ Đề,2D Phụ Đề,SCHEDULED,MOCK,2026-10-05T14:56:12.443Z
6d1b351f10be85315f30250d575bf142087f5e1e,trai-buon-nguoi,galaxy-nguyen-van-qua,Galaxy Cinema Nguyễn Văn Quá,,2026-10-05T16:15:00.000Z,2026-10-05T18:30:00.000Z,TWO_D,Phụ Đề,2D Phụ Đề,SCHEDULED,MOCK,2026-10-05T14:56:12.443Z
354ca246354afdf3d2430cddac1fce1c7b9ce686,trai-buon-nguoi,fb233b0f-edb4-4eb1-ade8-7f8b83ab2457,Galaxy Cinema Nguyễn Du,,2026-10-05T15:00:00.000Z,2026-10-05T17:15:00.000Z,TWO_D,Phụ Đề,2D Phụ Đề,SCHEDULED,MOCK,2026-10-05T14:56:12.443Z
dfbfb4ca9b0ba1b098971b1355828c4d49e1d0f5,trai-buon-nguoi,fb233b0f-edb4-4eb1-ade8-7f8b83ab2457,Galaxy Cinema Nguyễn Du,,2026-10-05T15:45:00.000Z,2026-10-05T18:00:00.000Z,TWO_D,Phụ Đề,2D Phụ Đề,SCHEDULED,MOCK,2026-10-05T14:56:12.444Z
c80f563577bbcfd555a9f5e96c89e8c856d3ec83,trai-buon-nguoi,fb233b0f-edb4-4eb1-ade8-7f8b83ab2457,Galaxy Cinema Nguyễn Du,,2026-10-05T16:15:00.000Z,2026-10-05T18:30:00.000Z,TWO_D,Phụ Đề,2D Phụ Đề,SCHEDULED,MOCK,2026-10-05T14:56:12.444Z
9638b576a1b7bcb9845937b096a33be4ab149b54,trai-buon-nguoi,name:galaxy-cinema-mipec-long-bien,Galaxy Cinema Mipec Long Biên,,2026-10-05T15:00:00.000Z,2026-10-05T17:15:00.000Z,TWO_D,Phụ Đề,2D Phụ Đề,SCHEDULED,MOCK,2026-10-05T14:56:12.444Z
e4ad6e9399158802eeb0032ff98982fbad912f5b,trai-buon-nguoi,name:galaxy-cinema-mipec-long-bien,Galaxy Cinema Mipec Long Biên,,2026-10-05T15:15:00.000Z,2026-10-05T17:30:00.000Z,TWO_D,Phụ Đề,2D Phụ Đề,SCHEDULED,MOCK,2026-10-05T14:56:12.444Z
91b363aef25e77a531cd9516a1784a1d653f45ac,trai-buon-nguoi,name:galaxy-cinema-mipec-long-bien,Galaxy Cinema Mipec Long Biên,,2026-10-05T15:30:00.000Z,2026-10-05T17:45:00.000Z,TWO_D,Phụ Đề,2D Phụ Đề,SCHEDULED,MOCK,2026-10-05T14:56:12.444Z
bb35f50a354045da01179389c9fe603aa0d2e08e,trai-buon-nguoi,name:galaxy-cinema-mipec-long-bien,Galaxy Cinema Mipec Long Biên,,2026-10-05T15:45:00.000Z,2026-10-05T18:00:00.000Z,TWO_D,Phụ Đề,2D Phụ Đề,SCHEDULED,MOCK,2026-10-05T14:56:12.444Z
3fa81fddaafc2ea0b457115491c9772188094bfa,trai-buon-nguoi,name:galaxy-cinema-mipec-long-bien,Galaxy Cinema Mipec Long Biên,,2026-10-05T16:00:00.000Z,2026-10-05T18:15:00.000Z,TWO_D,Phụ Đề,2D Phụ Đề,SCHEDULED,MOCK,2026-10-05T14:56:12.444Z
c937e6b5e71685798badac13a6493aed63f7e870,trai-buon-nguoi,name:galaxy-cinema-mipec-long-bien,Galaxy Cinema Mipec Long Biên,,2026-10-05T16:30:00.000Z,2026-10-05T18:45:00.000Z,TWO_D,Phụ Đề,2D Phụ Đề,SCHEDULED,MOCK,2026-10-05T14:56:12.444Z
0360e1632a53be3cf57cca15838653f402898c39,trai-buon-nguoi,name:galaxy-cinema-coop-da-nang,Galaxy Cinema Coop Đà Nẵng,,2026-10-05T15:00:00.000Z,2026-10-05T17:15:00.000Z,TWO_D,Phụ Đề,2D Phụ Đề,SCHEDULED,MOCK,2026-10-05T14:56:12.444Z
b0fab8097eac64bfeb0b5e7fef147f81d2d8b727,trai-buon-nguoi,name:galaxy-cinema-coop-da-nang,Galaxy Cinema Coop Đà Nẵng,,2026-10-05T15:15:00.000Z,2026-10-05T17:30:00.000Z,TWO_D,Phụ Đề,2D Phụ Đề,SCHEDULED,MOCK,2026-10-05T14:56:12.444Z
4d247a9efa13948b08aa392f145d539ee1aa037e,trai-buon-nguoi,name:galaxy-cinema-coop-da-nang,Galaxy Cinema Coop Đà Nẵng,,2026-10-05T15:30:00.000Z,2026-10-05T17:45:00.000Z,TWO_D,Phụ Đề,2D Phụ Đề,SCHEDULED,MOCK,2026-10-05T14:56:12.444Z
9b12248b1ba7d7333611b16c5f948a75b1a148a2,trai-buon-nguoi,name:galaxy-cinema-coop-da-nang,Galaxy Cinema Coop Đà Nẵng,,2026-10-05T16:00:00.000Z,2026-10-05T18:15:00.000Z,TWO_D,Phụ Đề,2D Phụ Đề,SCHEDULED,MOCK,2026-10-05T14:56:12.444Z
1e38acd665b385c936a68e5ac4a0e3b6b741ce06,trai-buon-nguoi,name:galaxy-cinema-coop-da-nang,Galaxy Cinema Coop Đà Nẵng,,2026-10-05T16:30:00.000Z,2026-10-05T18:45:00.000Z,TWO_D,Phụ Đề,2D Phụ Đề,SCHEDULED,MOCK,2026-10-05T14:56:12.444Z
1aa49214da7731f47701d353cf27b22aa1622231,trai-buon-nguoi,galaxy-huynh-tan-phat,Galaxy Cinema Coop Huỳnh Tấn Phát,,2026-10-05T15:00:00.000Z,2026-10-05T17:15:00.000Z,TWO_D,Phụ Đề,2D Phụ Đề,SCHEDULED,MOCK,2026-10-05T14:56:12.444Z
ddcd4c04ddd6832109c05b01fa7a6f895c80a06f,trai-buon-nguoi,galaxy-huynh-tan-phat,Galaxy Cinema Coop Huỳnh Tấn Phát,,2026-10-05T15:15:00.000Z,2026-10-05T17:30:00.000Z,TWO_D,Phụ Đề,2D Phụ Đề,SCHEDULED,MOCK,2026-10-05T14:56:12.444Z
559e55157ba7cff3598acdbb80082c0d0517e789,trai-buon-nguoi,galaxy-huynh-tan-phat,Galaxy Cinema Coop Huỳnh Tấn Phát,,2026-10-05T15:30:00.000Z,2026-10-05T17:45:00.000Z,TWO_D,Phụ Đề,2D Phụ Đề,SCHEDULED,MOCK,2026-10-05T14:56:12.444Z
0a06a247fd1faabec536f3f2b3845d4123ad7541,trai-buon-nguoi,galaxy-huynh-tan-phat,Galaxy Cinema Coop Huỳnh Tấn Phát,,2026-10-05T16:00:00.000Z,2026-10-05T18:15:00.000Z,TWO_D,Phụ Đề,2D Phụ Đề,SCHEDULED,MOCK,2026-10-05T14:56:12.444Z
7dbb2fa0271ae8862f6d48d48e8e8af80211d32c,trai-buon-nguoi,name:galaxy-cinema-hai-phong,Galaxy Cinema Hải Phòng,,2026-10-05T15:00:00.000Z,2026-10-05T17:15:00.000Z,TWO_D,Phụ Đề,2D Phụ Đề,SCHEDULED,MOCK,2026-10-05T14:56:12.444Z
2e14ee07ddbb7104e0326e03a5214ebf3e816eae,trai-buon-nguoi,name:galaxy-cinema-hai-phong,Galaxy Cinema Hải Phòng,,2026-10-05T15:15:00.000Z,2026-10-05T17:30:00.000Z,TWO_D,Phụ Đề,2D Phụ Đề,SCHEDULED,MOCK,2026-10-05T14:56:12.444Z
4975972a81d2ee638af82f60d834553d4ebe588b,trai-buon-nguoi,name:galaxy-cinema-hai-phong,Galaxy Cinema Hải Phòng,,2026-10-05T15:30:00.000Z,2026-10-05T17:45:00.000Z,TWO_D,Phụ Đề,2D Phụ Đề,SCHEDULED,MOCK,2026-10-05T14:56:12.444Z
bf401e504dae356088718590fe15da727d60280a,trai-buon-nguoi,name:galaxy-cinema-hai-phong,Galaxy Cinema Hải Phòng,,2026-10-05T16:15:00.000Z,2026-10-05T18:30:00.000Z,TWO_D,Phụ Đề,2D Phụ Đề,SCHEDULED,MOCK,2026-10-05T14:56:12.444Z
e1db1aaa7591b9d2103d6a6308149cb75006850f,trai-buon-nguoi,name:galaxy-cinema-hai-phong,Galaxy Cinema Hải Phòng,,2026-10-05T16:55:00.000Z,2026-10-05T19:10:00.000Z,TWO_D,Phụ Đề,2D Phụ Đề,SCHEDULED,MOCK,2026-10-05T14:56:12.444Z
9259dde39ffb5ed07d94c53cdf7f6f924bb7a54b,trai-buon-nguoi,name:galaxy-cinema-coop-buon-ma-thuot,Galaxy Cinema Coop Buôn Ma Thuột,,2026-10-05T15:00:00.000Z,2026-10-05T17:15:00.000Z,TWO_D,Phụ Đề,2D Phụ Đề,SCHEDULED,MOCK,2026-10-05T14:56:12.444Z
737cf8d16b3dba766f502172fc96140fa71ade12,trai-buon-nguoi,name:galaxy-cinema-coop-buon-ma-thuot,Galaxy Cinema Coop Buôn Ma Thuột,,2026-10-05T15:15:00.000Z,2026-10-05T17:30:00.000Z,TWO_D,Phụ Đề,2D Phụ Đề,SCHEDULED,MOCK,2026-10-05T14:56:12.444Z
b1c36c4d9b6a7cdf41646e742c5e68a8760697b0,trai-buon-nguoi,name:galaxy-cinema-long-xuyen,Galaxy Cinema Long Xuyên,,2026-10-05T15:00:00.000Z,2026-10-05T17:15:00.000Z,TWO_D,Phụ Đề,2D Phụ Đề,SCHEDULED,MOCK,2026-10-05T14:56:12.444Z
8befe278b89a9274375b7a97edb3a796ac1ff3d1,trai-buon-nguoi,name:galaxy-cinema-long-xuyen,Galaxy Cinema Long Xuyên,,2026-10-05T15:15:00.000Z,2026-10-05T17:30:00.000Z,TWO_D,Phụ Đề,2D Phụ Đề,SCHEDULED,MOCK,2026-10-05T14:56:12.445Z
24a1e635d48181a5ebce5544feac7852cdb03e9f,trai-buon-nguoi,galaxy-linh-trung,Galaxy Cinema Co.opXtra Linh Trung,,2026-10-05T15:00:00.000Z,2026-10-05T17:15:00.000Z,TWO_D,Phụ Đề,2D Phụ Đề,SCHEDULED,MOCK,2026-10-05T14:56:12.445Z
ea5739b2b623444bc3411258f903eb4b8a6defa6,trai-buon-nguoi,galaxy-linh-trung,Galaxy Cinema Co.opXtra Linh Trung,,2026-10-05T15:30:00.000Z,2026-10-05T17:45:00.000Z,TWO_D,Phụ Đề,2D Phụ Đề,SCHEDULED,MOCK,2026-10-05T14:56:12.445Z
dd106fc43b25d0d39bde3265b99ff10c6211b9f7,trai-buon-nguoi,galaxy-linh-trung,Galaxy Cinema Co.opXtra Linh Trung,,2026-10-05T16:00:00.000Z,2026-10-05T18:15:00.000Z,TWO_D,Phụ Đề,2D Phụ Đề,SCHEDULED,MOCK,2026-10-05T14:56:12.445Z
4359e31034cfb48ddcbaced5d84dd9497d22e132,trai-buon-nguoi,galaxy-linh-trung,Galaxy Cinema Co.opXtra Linh Trung,,2026-10-05T16:15:00.000Z,2026-10-05T18:30:00.000Z,TWO_D,Phụ Đề,2D Phụ Đề,SCHEDULED,MOCK,2026-10-05T14:56:12.445Z
3afdfdc36493f2770173ff2c21d33edec9700b83,trai-buon-nguoi,galaxy-linh-trung,Galaxy Cinema Co.opXtra Linh Trung,,2026-10-05T16:30:00.000Z,2026-10-05T18:45:00.000Z,TWO_D,Phụ Đề,2D Phụ Đề,SCHEDULED,MOCK,2026-10-05T14:56:12.445Z
c1b502b458b6b94241748409edc42068f01c33d8,trai-buon-nguoi,galaxy-truong-chinh,Galaxy Cinema Coop Trường Chinh,,2026-10-05T15:00:00.000Z,2026-10-05T17:15:00.000Z,TWO_D,Phụ Đề,2D Phụ Đề,SCHEDULED,MOCK,2026-10-05T14:56:12.445Z
060b7c713e13993137ff0076ee0e19a76574d5ff,trai-buon-nguoi,galaxy-truong-chinh,Galaxy Cinema Coop Trường Chinh,,2026-10-05T15:30:00.000Z,2026-10-05T17:45:00.000Z,TWO_D,Phụ Đề,2D Phụ Đề,SCHEDULED,MOCK,2026-10-05T14:56:12.445Z
155887f6fef34b7544de44db5725e0f005f6f57d,trai-buon-nguoi,galaxy-truong-chinh,Galaxy Cinema Coop Trường Chinh,,2026-10-05T16:00:00.000Z,2026-10-05T18:15:00.000Z,TWO_D,Phụ Đề,2D Phụ Đề,SCHEDULED,MOCK,2026-10-05T14:56:12.445Z
032c8d038ec8fd2935acc1abbdbd0ea103daa180,trai-buon-nguoi,galaxy-truong-chinh,Galaxy Cinema Coop Trường Chinh,,2026-10-05T16:15:00.000Z,2026-10-05T18:30:00.000Z,TWO_D,Phụ Đề,2D Phụ Đề,SCHEDULED,MOCK,2026-10-05T14:56:12.445Z
7ff25e3c3c8299b11a57fad46a6f66df35ae419c,trai-buon-nguoi,name:galaxy-cinema-go-ba-ria,Galaxy Cinema GO! Bà Rịa,,2026-10-05T15:00:00.000Z,2026-10-05T17:15:00.000Z,TWO_D,Phụ Đề,2D Phụ Đề,SCHEDULED,MOCK,2026-10-05T14:56:12.445Z
ef85094332b5e2df2c9975d13e9fb834947767d4,trai-buon-nguoi,name:galaxy-cinema-go-ba-ria,Galaxy Cinema GO! Bà Rịa,,2026-10-05T15:15:00.000Z,2026-10-05T17:30:00.000Z,TWO_D,Phụ Đề,2D Phụ Đề,SCHEDULED,MOCK,2026-10-05T14:56:12.445Z
dd338be1bb20b562a64f65d08794d175fdef11c7,trai-buon-nguoi,name:galaxy-cinema-aeon-mall-hue,Galaxy Cinema AEON Mall Huế,,2026-10-05T15:00:00.000Z,2026-10-05T17:15:00.000Z,TWO_D,Phụ Đề,2D Phụ Đề,SCHEDULED,MOCK,2026-10-05T14:56:12.445Z
ac4d2680f9b9ff8d4e21d0dea80143a72a05d7b2,trai-buon-nguoi,name:galaxy-cinema-aeon-mall-hue,Galaxy Cinema AEON Mall Huế,,2026-10-05T15:40:00.000Z,2026-10-05T17:55:00.000Z,TWO_D,Phụ Đề,2D Phụ Đề,SCHEDULED,MOCK,2026-10-05T14:56:12.445Z
f53cf6014bcafb672c6f5b733e345bfe0587627c,trai-buon-nguoi,name:galaxy-cinema-sense-city-ben-tre,Galaxy Cinema Sense City Bến Tre,,2026-10-05T15:15:00.000Z,2026-10-05T17:30:00.000Z,TWO_D,Phụ Đề,2D Phụ Đề,SCHEDULED,MOCK,2026-10-05T14:56:12.445Z
74bbdf92cc03b2e45f57a33e3d515bfaa8926197,trai-buon-nguoi,name:galaxy-cinema-sense-city-ca-mau,Galaxy Cinema Sense City Cà Mau,,2026-10-05T15:15:00.000Z,2026-10-05T17:30:00.000Z,TWO_D,Phụ Đề,2D Phụ Đề,SCHEDULED,MOCK,2026-10-05T14:56:12.445Z
c549699683cf01bf7f31135bf761b8356546e6e4,trai-buon-nguoi,name:galaxy-cinema-sense-city-ca-mau,Galaxy Cinema Sense City Cà Mau,,2026-10-05T15:45:00.000Z,2026-10-05T18:00:00.000Z,TWO_D,Phụ Đề,2D Phụ Đề,SCHEDULED,MOCK,2026-10-05T14:56:12.445Z
3b3897f46994e626637aae320fc5b0a3d477d60f,trai-buon-nguoi,name:galaxy-cinema-city-hub-vinh,Galaxy Cinema City HUB Vinh,,2026-10-05T15:15:00.000Z,2026-10-05T17:30:00.000Z,TWO_D,Phụ Đề,2D Phụ Đề,SCHEDULED,MOCK,2026-10-05T14:56:12.445Z
fc9bf3b34df4587cc6a82bf591fa7ca61c41f193,trai-buon-nguoi,name:galaxy-cinema-city-hub-vinh,Galaxy Cinema City HUB Vinh,,2026-10-05T15:30:00.000Z,2026-10-05T17:45:00.000Z,TWO_D,Phụ Đề,2D Phụ Đề,SCHEDULED,MOCK,2026-10-05T14:56:12.445Z
5c70015900620dcfff8e7b437d3955a988517f11,trai-buon-nguoi,name:galaxy-cinema-city-hub-vinh,Galaxy Cinema City HUB Vinh,,2026-10-05T15:45:00.000Z,2026-10-05T18:00:00.000Z,TWO_D,Phụ Đề,2D Phụ Đề,SCHEDULED,MOCK,2026-10-05T14:56:12.446Z
d2ec1e3732695b83273ed86786151f15a429df4d,trai-buon-nguoi,name:galaxy-cinema-city-hub-vinh,Galaxy Cinema City HUB Vinh,,2026-10-05T16:15:00.000Z,2026-10-05T18:30:00.000Z,TWO_D,Phụ Đề,2D Phụ Đề,SCHEDULED,MOCK,2026-10-05T14:56:12.446Z
bbc7d64680578499564feefeefdbbdf8c911638d,trai-buon-nguoi,name:galaxy-cinema-aeon-mall-tan-an,Galaxy Cinema AEON Mall Tân An,,2026-10-05T15:15:00.000Z,2026-10-05T17:30:00.000Z,TWO_D,Phụ Đề,2D Phụ Đề,SCHEDULED,MOCK,2026-10-05T14:56:12.446Z
674e8aa4e724e239612e90ae36aaa54e2f1a6c30,trai-buon-nguoi,name:galaxy-cinema-aeon-mall-tan-an,Galaxy Cinema AEON Mall Tân An,,2026-10-05T15:30:00.000Z,2026-10-05T17:45:00.000Z,TWO_D,Phụ Đề,2D Phụ Đề,SCHEDULED,MOCK,2026-10-05T14:56:12.446Z
cf850f1af514f8ed87e280f5ddf3fa3dcf36ef37,trai-buon-nguoi,name:galaxy-cinex-hanoi-centre,Galaxy CineX Hanoi Centre,,2026-10-06T02:00:00.000Z,2026-10-06T04:15:00.000Z,TWO_D,Phụ Đề,2D Phụ Đề,SCHEDULED,MOCK,2026-10-05T14:56:13.512Z
7f9b0af7164ef2eab890d80569d75b0a81579258,trai-buon-nguoi,name:galaxy-cinex-hanoi-centre,Galaxy CineX Hanoi Centre,,2026-10-06T03:30:00.000Z,2026-10-06T05:45:00.000Z,TWO_D,Phụ Đề,2D Phụ Đề,SCHEDULED,MOCK,2026-10-05T14:56:13.512Z
2193b1c81a99ca758f52dbec6d58c610c553c09c,trai-buon-nguoi,name:galaxy-cinex-hanoi-centre,Galaxy CineX Hanoi Centre,,2026-10-06T04:30:00.000Z,2026-10-06T06:45:00.000Z,TWO_D,Phụ Đề,2D Phụ Đề,SCHEDULED,MOCK,2026-10-05T14:56:13.513Z
e68396b79c5ea9eaa63038705c3abfac16502409,trai-buon-nguoi,name:galaxy-cinex-hanoi-centre,Galaxy CineX Hanoi Centre,,2026-10-06T06:00:00.000Z,2026-10-06T08:15:00.000Z,TWO_D,Phụ Đề,2D Phụ Đề,SCHEDULED,MOCK,2026-10-05T14:56:13.513Z
7effd7d0fb7299af0e0a99bf78de38a7dde02f42,trai-buon-nguoi,name:galaxy-cinex-hanoi-centre,Galaxy CineX Hanoi Centre,,2026-10-06T07:00:00.000Z,2026-10-06T09:15:00.000Z,TWO_D,Phụ Đề,2D Phụ Đề,SCHEDULED,MOCK,2026-10-05T14:56:13.513Z
c541fcb7fea29bd02f7fd124d8be1e71f95e5cf5,trai-buon-nguoi,name:galaxy-cinex-hanoi-centre,Galaxy CineX Hanoi Centre,,2026-10-06T08:30:00.000Z,2026-10-06T10:45:00.000Z,TWO_D,Phụ Đề,2D Phụ Đề,SCHEDULED,MOCK,2026-10-05T14:56:13.513Z
5a860fb02e5dbfa204a2e10924f3056abc2c8b90,trai-buon-nguoi,name:galaxy-cinex-hanoi-centre,Galaxy CineX Hanoi Centre,,2026-10-06T09:30:00.000Z,2026-10-06T11:45:00.000Z,TWO_D,Phụ Đề,2D Phụ Đề,SCHEDULED,MOCK,2026-10-05T14:56:13.513Z
f29f4515c117d7260eb235fa2d5769eb7b6799d1,trai-buon-nguoi,name:galaxy-cinex-hanoi-centre,Galaxy CineX Hanoi Centre,,2026-10-06T11:00:00.000Z,2026-10-06T13:15:00.000Z,TWO_D,Phụ Đề,2D Phụ Đề,SCHEDULED,MOCK,2026-10-05T14:56:13.513Z
a805fa6086dd3f46712932a76bde43dd076e7422,trai-buon-nguoi,name:galaxy-cinex-hanoi-centre,Galaxy CineX Hanoi Centre,,2026-10-06T12:00:00.000Z,2026-10-06T14:15:00.000Z,TWO_D,Phụ Đề,2D Phụ Đề,SCHEDULED,MOCK,2026-10-05T14:56:13.513Z
81bf3deb766c51608c6b20272b8055acd2fbe23a,trai-buon-nguoi,name:galaxy-cinex-hanoi-centre,Galaxy CineX Hanoi Centre,,2026-10-06T13:30:00.000Z,2026-10-06T15:45:00.000Z,TWO_D,Phụ Đề,2D Phụ Đề,SCHEDULED,MOCK,2026-10-05T14:56:13.513Z
1d58888b7413ca143ecd35d13912b4bd81dab1a8,trai-buon-nguoi,name:galaxy-cinex-hanoi-centre,Galaxy CineX Hanoi Centre,,2026-10-06T14:30:00.000Z,2026-10-06T16:45:00.000Z,TWO_D,Phụ Đề,2D Phụ Đề,SCHEDULED,MOCK,2026-10-05T14:56:13.513Z
5b66d4399efb426a6c822acac82d121af91d175a,trai-buon-nguoi,name:galaxy-cinex-hanoi-centre,Galaxy CineX Hanoi Centre,,2026-10-06T16:00:00.000Z,2026-10-06T18:15:00.000Z,TWO_D,Phụ Đề,2D Phụ Đề,SCHEDULED,MOCK,2026-10-05T14:56:13.513Z
e8f1dbfd1206ff6ecbc6680f4a0431ef38733a0f,trai-buon-nguoi,name:galaxy-cinex-hanoi-centre,Galaxy CineX Hanoi Centre,,2026-10-06T16:55:00.000Z,2026-10-06T19:10:00.000Z,TWO_D,Phụ Đề,2D Phụ Đề,SCHEDULED,MOCK,2026-10-05T14:56:13.513Z
a620ba259181695b0584e8b69aa9f53abbdfe6e7,trai-buon-nguoi,name:galaxy-cinex-hanoi-centre,Galaxy CineX Hanoi Centre,,2026-10-06T02:30:00.000Z,2026-10-06T04:45:00.000Z,TWO_D,Phụ Đề,2D Phụ Đề,SCHEDULED,MOCK,2026-10-05T14:56:13.513Z
40bcff8bca20ef5222f1096b32b70270344f0a66,trai-buon-nguoi,name:galaxy-cinex-hanoi-centre,Galaxy CineX Hanoi Centre,,2026-10-06T05:00:00.000Z,2026-10-06T07:15:00.000Z,TWO_D,Phụ Đề,2D Phụ Đề,SCHEDULED,MOCK,2026-10-05T14:56:13.513Z
f4ec84ea317f47159a3cc23d076744a14279cf55,trai-buon-nguoi,name:galaxy-cinex-hanoi-centre,Galaxy CineX Hanoi Centre,,2026-10-06T07:30:00.000Z,2026-10-06T09:45:00.000Z,TWO_D,Phụ Đề,2D Phụ Đề,SCHEDULED,MOCK,2026-10-05T14:56:13.513Z
e1fb4951a7685c87e551138f434bda3613cf7d8e,trai-buon-nguoi,name:galaxy-cinex-hanoi-centre,Galaxy CineX Hanoi Centre,,2026-10-06T10:00:00.000Z,2026-10-06T12:15:00.000Z,TWO_D,Phụ Đề,2D Phụ Đề,SCHEDULED,MOCK,2026-10-05T14:56:13.513Z
21450215490de67b00b415f2bee910a630b5a54b,trai-buon-nguoi,name:galaxy-cinex-hanoi-centre,Galaxy CineX Hanoi Centre,,2026-10-06T12:30:00.000Z,2026-10-06T14:45:00.000Z,TWO_D,Phụ Đề,2D Phụ Đề,SCHEDULED,MOCK,2026-10-05T14:56:13.513Z
722084ca3d6fdcbcc4f7c2f23172e8c998461d15,trai-buon-nguoi,name:galaxy-cinex-hanoi-centre,Galaxy CineX Hanoi Centre,,2026-10-06T15:00:00.000Z,2026-10-06T17:15:00.000Z,TWO_D,Phụ Đề,2D Phụ Đề,SCHEDULED,MOCK,2026-10-05T14:56:13.513Z
b7296314dda836b89df8b89f551ba3d7bc75dfd9,trai-buon-nguoi,name:galaxy-cinex-hanoi-centre,Galaxy CineX Hanoi Centre,,2026-10-06T03:00:00.000Z,2026-10-06T05:15:00.000Z,TWO_D,Phụ Đề,2D Phụ Đề,SCHEDULED,MOCK,2026-10-05T14:56:13.513Z
f47cafa9a3ffeb414092b5b8a6f626b2fcdc5a84,trai-buon-nguoi,name:galaxy-cinex-hanoi-centre,Galaxy CineX Hanoi Centre,,2026-10-06T05:30:00.000Z,2026-10-06T07:45:00.000Z,TWO_D,Phụ Đề,2D Phụ Đề,SCHEDULED,MOCK,2026-10-05T14:56:13.513Z
96c6c288da4a7d75d56e7629c4357eb51ad21ccd,trai-buon-nguoi,name:galaxy-cinex-hanoi-centre,Galaxy CineX Hanoi Centre,,2026-10-06T08:00:00.000Z,2026-10-06T10:15:00.000Z,TWO_D,Phụ Đề,2D Phụ Đề,SCHEDULED,MOCK,2026-10-05T14:56:13.513Z
7caabbf5d4160c2e6d5f153c7e0a4c59ff1c7844,trai-buon-nguoi,name:galaxy-cinex-hanoi-centre,Galaxy CineX Hanoi Centre,,2026-10-06T10:30:00.000Z,2026-10-06T12:45:00.000Z,TWO_D,Phụ Đề,2D Phụ Đề,SCHEDULED,MOCK,2026-10-05T14:56:13.513Z
78cfa2fe04454690cd0a3b833764014b60acbd20,trai-buon-nguoi,name:galaxy-cinex-hanoi-centre,Galaxy CineX Hanoi Centre,,2026-10-06T13:00:00.000Z,2026-10-06T15:15:00.000Z,TWO_D,Phụ Đề,2D Phụ Đề,SCHEDULED,MOCK,2026-10-05T14:56:13.513Z
c7ce0074ca55f557a2417501a37bd56d97ced4f8,trai-buon-nguoi,name:galaxy-cinex-hanoi-centre,Galaxy CineX Hanoi Centre,,2026-10-06T15:30:00.000Z,2026-10-06T17:45:00.000Z,TWO_D,Phụ Đề,2D Phụ Đề,SCHEDULED,MOCK,2026-10-05T14:56:13.513Z
332439a1090fa92bebe17c818e148de311a4f0a7,trai-buon-nguoi,name:galaxy-cinex-hanoi-centre,Galaxy CineX Hanoi Centre,,2026-10-06T04:00:00.000Z,2026-10-06T06:15:00.000Z,TWO_D,Phụ Đề,2D Phụ Đề,SCHEDULED,MOCK,2026-10-05T14:56:13.513Z
fdaab700763744fc2ad6f322f6b3f0c3689d1313,trai-buon-nguoi,name:galaxy-cinex-hanoi-centre,Galaxy CineX Hanoi Centre,,2026-10-06T06:30:00.000Z,2026-10-06T08:45:00.000Z,TWO_D,Phụ Đề,2D Phụ Đề,SCHEDULED,MOCK,2026-10-05T14:56:13.513Z
dd21bce144513752d7a50b4284ad6a71acc90244,trai-buon-nguoi,name:galaxy-cinex-hanoi-centre,Galaxy CineX Hanoi Centre,,2026-10-06T09:00:00.000Z,2026-10-06T11:15:00.000Z,TWO_D,Phụ Đề,2D Phụ Đề,SCHEDULED,MOCK,2026-10-05T14:56:13.513Z
c853991ccdae0221b4e3bc40ccbf48593c0543ec,trai-buon-nguoi,name:galaxy-cinex-hanoi-centre,Galaxy CineX Hanoi Centre,,2026-10-06T11:30:00.000Z,2026-10-06T13:45:00.000Z,TWO_D,Phụ Đề,2D Phụ Đề,SCHEDULED,MOCK,2026-10-05T14:56:13.514Z
42f9d04128ae326d3c28911853762a4d8fc797aa,trai-buon-nguoi,name:galaxy-cinex-hanoi-centre,Galaxy CineX Hanoi Centre,,2026-10-06T14:00:00.000Z,2026-10-06T16:15:00.000Z,TWO_D,Phụ Đề,2D Phụ Đề,SCHEDULED,MOCK,2026-10-05T14:56:13.514Z
60d2839e1553bc95a2c03f97be44355a29d95988,trai-buon-nguoi,name:galaxy-cinex-hanoi-centre,Galaxy CineX Hanoi Centre,,2026-10-06T16:30:00.000Z,2026-10-06T18:45:00.000Z,TWO_D,Phụ Đề,2D Phụ Đề,SCHEDULED,MOCK,2026-10-05T14:56:13.514Z
7680d548c67f4d5c5433497640e2b7cf540ab7ba,trai-buon-nguoi,name:galaxy-cinex-hanoi-centre,Galaxy CineX Hanoi Centre,,2026-10-06T13:45:00.000Z,2026-10-06T16:00:00.000Z,TWO_D,Phụ Đề,2D Phụ Đề,SCHEDULED,MOCK,2026-10-05T14:56:13.514Z
6fe65076b7fb122f3c6e7316a8da23912b9fe9c7,trai-buon-nguoi,name:galaxy-cinex-hanoi-centre,Galaxy CineX Hanoi Centre,,2026-10-06T16:15:00.000Z,2026-10-06T18:30:00.000Z,TWO_D,Phụ Đề,2D Phụ Đề,SCHEDULED,MOCK,2026-10-05T14:56:13.514Z
f0f74523ea07ccbed72d8b2aa4a92899d0e81f70,trai-buon-nguoi,galaxy-sala,Galaxy CineX Thiso Mall Sala,,2026-10-06T03:15:00.000Z,2026-10-06T05:30:00.000Z,TWO_D,Phụ Đề,2D Phụ Đề,SCHEDULED,MOCK,2026-10-05T14:56:13.514Z
63dcfe0f71612071dd17607bf84d74cf79c7fe70,trai-buon-nguoi,galaxy-sala,Galaxy CineX Thiso Mall Sala,,2026-10-06T05:00:00.000Z,2026-10-06T07:15:00.000Z,TWO_D,Phụ Đề,2D Phụ Đề,SCHEDULED,MOCK,2026-10-05T14:56:13.514Z
28b3dda72b4ea2d2b89a21497abe9897c24e4c04,trai-buon-nguoi,galaxy-sala,Galaxy CineX Thiso Mall Sala,,2026-10-06T05:45:00.000Z,2026-10-06T08:00:00.000Z,TWO_D,Phụ Đề,2D Phụ Đề,SCHEDULED,MOCK,2026-10-05T14:56:13.514Z
ea42a8c36261985258824d748cc6485ac7f17e87,trai-buon-nguoi,galaxy-sala,Galaxy CineX Thiso Mall Sala,,2026-10-06T07:30:00.000Z,2026-10-06T09:45:00.000Z,TWO_D,Phụ Đề,2D Phụ Đề,SCHEDULED,MOCK,2026-10-05T14:56:13.514Z
3fc2b57ffafb940a35480d94e930709d04379613,trai-buon-nguoi,galaxy-sala,Galaxy CineX Thiso Mall Sala,,2026-10-06T08:15:00.000Z,2026-10-06T10:30:00.000Z,TWO_D,Phụ Đề,2D Phụ Đề,SCHEDULED,MOCK,2026-10-05T14:56:13.514Z
2e1fcdf88a9cf2ef31e352d518b507e318d3daa8,trai-buon-nguoi,galaxy-sala,Galaxy CineX Thiso Mall Sala,,2026-10-06T10:00:00.000Z,2026-10-06T12:15:00.000Z,TWO_D,Phụ Đề,2D Phụ Đề,SCHEDULED,MOCK,2026-10-05T14:56:13.514Z
e79f8a0694d3b187c5ba633dc76d1b61242e6c9a,trai-buon-nguoi,galaxy-sala,Galaxy CineX Thiso Mall Sala,,2026-10-06T10:45:00.000Z,2026-10-06T13:00:00.000Z,TWO_D,Phụ Đề,2D Phụ Đề,SCHEDULED,MOCK,2026-10-05T14:56:13.514Z
7bfb482cc933a090002431af3e1f3278d2066e3d,trai-buon-nguoi,galaxy-sala,Galaxy CineX Thiso Mall Sala,,2026-10-06T12:30:00.000Z,2026-10-06T14:45:00.000Z,TWO_D,Phụ Đề,2D Phụ Đề,SCHEDULED,MOCK,2026-10-05T14:56:13.514Z
0d2ebf5e5451566a55c12ccc2f04af84d25c2180,trai-buon-nguoi,galaxy-sala,Galaxy CineX Thiso Mall Sala,,2026-10-06T13:15:00.000Z,2026-10-06T15:30:00.000Z,TWO_D,Phụ Đề,2D Phụ Đề,SCHEDULED,MOCK,2026-10-05T14:56:13.514Z
ee1ddf566934e6e158a16ec48eff6eadb12b8b27,trai-buon-nguoi,galaxy-sala,Galaxy CineX Thiso Mall Sala,,2026-10-06T15:00:00.000Z,2026-10-06T17:15:00.000Z,TWO_D,Phụ Đề,2D Phụ Đề,SCHEDULED,MOCK,2026-10-05T14:56:13.514Z
d93ad9e196346074a5303c2c5d9c56598a972f68,trai-buon-nguoi,galaxy-sala,Galaxy CineX Thiso Mall Sala,,2026-10-06T15:45:00.000Z,2026-10-06T18:00:00.000Z,TWO_D,Phụ Đề,2D Phụ Đề,SCHEDULED,MOCK,2026-10-05T14:56:13.514Z
5f67408e2fac9cd91fbca3b2853a30f67d0ff727,trai-buon-nguoi,galaxy-sala,Galaxy CineX Thiso Mall Sala,,2026-10-06T04:15:00.000Z,2026-10-06T06:30:00.000Z,TWO_D,Phụ Đề,2D Phụ Đề,SCHEDULED,MOCK,2026-10-05T14:56:13.514Z
9bdba67e184a32a4b03494b333f1a6cf4b3fed8e,trai-buon-nguoi,galaxy-sala,Galaxy CineX Thiso Mall Sala,,2026-10-06T06:45:00.000Z,2026-10-06T09:00:00.000Z,TWO_D,Phụ Đề,2D Phụ Đề,SCHEDULED,MOCK,2026-10-05T14:56:13.514Z
6b2742741aa884766ed037a5f52b0dd371e353e8,trai-buon-nguoi,galaxy-sala,Galaxy CineX Thiso Mall Sala,,2026-10-06T09:15:00.000Z,2026-10-06T11:30:00.000Z,TWO_D,Phụ Đề,2D Phụ Đề,SCHEDULED,MOCK,2026-10-05T14:56:13.514Z
3e9eb44b99afe346e5cb1f05b223aab9f5801f95,trai-buon-nguoi,galaxy-sala,Galaxy CineX Thiso Mall Sala,,2026-10-06T12:00:00.000Z,2026-10-06T14:15:00.000Z,TWO_D,Phụ Đề,2D Phụ Đề,SCHEDULED,MOCK,2026-10-05T14:56:13.514Z
f798e2084839b2c7eafae2ec2cf471aa7616edfe,trai-buon-nguoi,galaxy-sala,Galaxy CineX Thiso Mall Sala,,2026-10-06T14:30:00.000Z,2026-10-06T16:45:00.000Z,TWO_D,Phụ Đề,2D Phụ Đề,SCHEDULED,MOCK,2026-10-05T14:56:13.514Z
bc0713343759cf84fc62355507789dda3e934df5,trai-buon-nguoi,galaxy-sala,Galaxy CineX Thiso Mall Sala,,2026-10-06T11:30:00.000Z,2026-10-06T13:45:00.000Z,TWO_D,Phụ Đề,2D Phụ Đề,SCHEDULED,MOCK,2026-10-05T14:56:13.514Z
e14e7873482daaef0b868c9e6e7764560afeee1c,trai-buon-nguoi,galaxy-sala,Galaxy CineX Thiso Mall Sala,,2026-10-06T14:00:00.000Z,2026-10-06T16:15:00.000Z,TWO_D,Phụ Đề,2D Phụ Đề,SCHEDULED,MOCK,2026-10-05T14:56:13.514Z
bbbeb04123e759a453c31ce2fa240874b401ce75,trai-buon-nguoi,name:galaxy-cinex-aeon-mall-thanh-khe,Galaxy CineX AEON Mall Thanh Khê,,2026-10-06T03:00:00.000Z,2026-10-06T05:15:00.000Z,TWO_D,Phụ Đề,2D Phụ Đề,SCHEDULED,MOCK,2026-10-05T14:56:13.514Z
4f6c099eeefc7e3800ad13d483eb3bab76d217e5,trai-buon-nguoi,name:galaxy-cinex-aeon-mall-thanh-khe,Galaxy CineX AEON Mall Thanh Khê,,2026-10-06T04:30:00.000Z,2026-10-06T06:45:00.000Z,TWO_D,Phụ Đề,2D Phụ Đề,SCHEDULED,MOCK,2026-10-05T14:56:13.514Z
5f8660f60f83f8c9b36ce56436369969af3b0738,trai-buon-nguoi,name:galaxy-cinex-aeon-mall-thanh-khe,Galaxy CineX AEON Mall Thanh Khê,,2026-10-06T05:30:00.000Z,2026-10-06T07:45:00.000Z,TWO_D,Phụ Đề,2D Phụ Đề,SCHEDULED,MOCK,2026-10-05T14:56:13.515Z
4d4f1fc34fbbec6ddba6d16731d8c66208026c2e,trai-buon-nguoi,name:galaxy-cinex-aeon-mall-thanh-khe,Galaxy CineX AEON Mall Thanh Khê,,2026-10-06T07:00:00.000Z,2026-10-06T09:15:00.000Z,TWO_D,Phụ Đề,2D Phụ Đề,SCHEDULED,MOCK,2026-10-05T14:56:13.515Z
c4f4845fe61be662ad0705850e2f7688c69004c5,trai-buon-nguoi,name:galaxy-cinex-aeon-mall-thanh-khe,Galaxy CineX AEON Mall Thanh Khê,,2026-10-06T08:00:00.000Z,2026-10-06T10:15:00.000Z,TWO_D,Phụ Đề,2D Phụ Đề,SCHEDULED,MOCK,2026-10-05T14:56:13.515Z
878e9bfeb2e3d2f4f82b3b95d095976496590fba,trai-buon-nguoi,name:galaxy-cinex-aeon-mall-thanh-khe,Galaxy CineX AEON Mall Thanh Khê,,2026-10-06T09:30:00.000Z,2026-10-06T11:45:00.000Z,TWO_D,Phụ Đề,2D Phụ Đề,SCHEDULED,MOCK,2026-10-05T14:56:13.515Z
04e0e5ec9ef7599e1ad69d5e25926ef36d2b92d2,trai-buon-nguoi,name:galaxy-cinex-aeon-mall-thanh-khe,Galaxy CineX AEON Mall Thanh Khê,,2026-10-06T10:30:00.000Z,2026-10-06T12:45:00.000Z,TWO_D,Phụ Đề,2D Phụ Đề,SCHEDULED,MOCK,2026-10-05T14:56:13.515Z
545cf96ee9bc8f1fb12e6f0c42df7cdcb47e912d,trai-buon-nguoi,name:galaxy-cinex-aeon-mall-thanh-khe,Galaxy CineX AEON Mall Thanh Khê,,2026-10-06T12:00:00.000Z,2026-10-06T14:15:00.000Z,TWO_D,Phụ Đề,2D Phụ Đề,SCHEDULED,MOCK,2026-10-05T14:56:13.516Z
4e83b3f25ebb83929313755a96d2caa880deb6d3,trai-buon-nguoi,name:galaxy-cinex-aeon-mall-thanh-khe,Galaxy CineX AEON Mall Thanh Khê,,2026-10-06T13:00:00.000Z,2026-10-06T15:15:00.000Z,TWO_D,Phụ Đề,2D Phụ Đề,SCHEDULED,MOCK,2026-10-05T14:56:13.516Z
7e6b6cf003560e01d870f86a25e590a926060fdc,trai-buon-nguoi,name:galaxy-cinex-aeon-mall-thanh-khe,Galaxy CineX AEON Mall Thanh Khê,,2026-10-06T14:30:00.000Z,2026-10-06T16:45:00.000Z,TWO_D,Phụ Đề,2D Phụ Đề,SCHEDULED,MOCK,2026-10-05T14:56:13.516Z
e24602fa3c88cf17bbbb6c0ee1fc7dc0bca1ae81,trai-buon-nguoi,name:galaxy-cinex-aeon-mall-thanh-khe,Galaxy CineX AEON Mall Thanh Khê,,2026-10-06T15:30:00.000Z,2026-10-06T17:45:00.000Z,TWO_D,Phụ Đề,2D Phụ Đề,SCHEDULED,MOCK,2026-10-05T14:56:13.516Z
7848b139219fd33127a784cee5bb6fc2a3a771a9,trai-buon-nguoi,name:galaxy-cinex-aeon-mall-thanh-khe,Galaxy CineX AEON Mall Thanh Khê,,2026-10-06T03:45:00.000Z,2026-10-06T06:00:00.000Z,TWO_D,Phụ Đề,2D Phụ Đề,SCHEDULED,MOCK,2026-10-05T14:56:13.516Z
a07d0e8275bd0f54c459d1994310797fa8dc5223,trai-buon-nguoi,name:galaxy-cinex-aeon-mall-thanh-khe,Galaxy CineX AEON Mall Thanh Khê,,2026-10-06T06:15:00.000Z,2026-10-06T08:30:00.000Z,TWO_D,Phụ Đề,2D Phụ Đề,SCHEDULED,MOCK,2026-10-05T14:56:13.516Z
58055accf2e40d162368b66db83adc4fe3d63b34,trai-buon-nguoi,name:galaxy-cinex-aeon-mall-thanh-khe,Galaxy CineX AEON Mall Thanh Khê,,2026-10-06T08:45:00.000Z,2026-10-06T11:00:00.000Z,TWO_D,Phụ Đề,2D Phụ Đề,SCHEDULED,MOCK,2026-10-05T14:56:13.516Z
5265da7f8e5299c3cb22310247a9691eaa34d71a,trai-buon-nguoi,name:galaxy-cinex-aeon-mall-thanh-khe,Galaxy CineX AEON Mall Thanh Khê,,2026-10-06T11:15:00.000Z,2026-10-06T13:30:00.000Z,TWO_D,Phụ Đề,2D Phụ Đề,SCHEDULED,MOCK,2026-10-05T14:56:13.516Z
318f74fb23d1b433203518ecb8e135dc0c6e09a5,trai-buon-nguoi,name:galaxy-cinex-aeon-mall-thanh-khe,Galaxy CineX AEON Mall Thanh Khê,,2026-10-06T13:45:00.000Z,2026-10-06T16:00:00.000Z,TWO_D,Phụ Đề,2D Phụ Đề,SCHEDULED,MOCK,2026-10-05T14:56:13.516Z
dd1bf8b587df1dfc34e2e5c48bcd59a3985b29bb,trai-buon-nguoi,name:galaxy-cinex-aeon-mall-thanh-khe,Galaxy CineX AEON Mall Thanh Khê,,2026-10-06T07:30:00.000Z,2026-10-06T09:45:00.000Z,TWO_D,Phụ Đề,2D Phụ Đề,SCHEDULED,MOCK,2026-10-05T14:56:13.516Z
1c9488fe2c619b9371c7128386d10d7e3c7ba2ed,trai-buon-nguoi,name:galaxy-cinex-aeon-mall-thanh-khe,Galaxy CineX AEON Mall Thanh Khê,,2026-10-06T10:00:00.000Z,2026-10-06T12:15:00.000Z,TWO_D,Phụ Đề,2D Phụ Đề,SCHEDULED,MOCK,2026-10-05T14:56:13.517Z
ce2496ad2ae3a51ee69838b9ec59d60c10aac241,trai-buon-nguoi,name:galaxy-cinex-aeon-mall-thanh-khe,Galaxy CineX AEON Mall Thanh Khê,,2026-10-06T12:45:00.000Z,2026-10-06T15:00:00.000Z,TWO_D,Phụ Đề,2D Phụ Đề,SCHEDULED,MOCK,2026-10-05T14:56:13.517Z
b3cedad7c4a89e305150b6b42ce0bd6a212dcf9a,trai-buon-nguoi,name:galaxy-cinex-aeon-mall-thanh-khe,Galaxy CineX AEON Mall Thanh Khê,,2026-10-06T15:15:00.000Z,2026-10-06T17:30:00.000Z,TWO_D,Phụ Đề,2D Phụ Đề,SCHEDULED,MOCK,2026-10-05T14:56:13.517Z
5dab9227eeb4a12c175329bf1a3bdcec9ba5639b,trai-buon-nguoi,name:galaxy-cinex-aeon-mall-thanh-khe,Galaxy CineX AEON Mall Thanh Khê,,2026-10-06T12:30:00.000Z,2026-10-06T14:45:00.000Z,TWO_D,Phụ Đề,2D Phụ Đề,SCHEDULED,MOCK,2026-10-05T14:56:13.517Z
a8f691ba751b8ee8b8711dbaddfecf5c64ab0e62,trai-buon-nguoi,name:galaxy-cinex-aeon-mall-thanh-khe,Galaxy CineX AEON Mall Thanh Khê,,2026-10-06T15:00:00.000Z,2026-10-06T17:15:00.000Z,TWO_D,Phụ Đề,2D Phụ Đề,SCHEDULED,MOCK,2026-10-05T14:56:13.517Z
5e82007bc1a14695d7d4ee1446b6a2d91c46915e,trai-buon-nguoi,galaxy-cineo-go-an-lac,Galaxy CineO GO! An Lạc,,2026-10-06T02:45:00.000Z,2026-10-06T05:00:00.000Z,TWO_D,Phụ Đề,2D Phụ Đề,SCHEDULED,MOCK,2026-10-05T14:56:13.517Z
f871e39addc49a34a2cf15c43857b44c4f79d113,trai-buon-nguoi,galaxy-cineo-go-an-lac,Galaxy CineO GO! An Lạc,,2026-10-06T03:30:00.000Z,2026-10-06T05:45:00.000Z,TWO_D,Phụ Đề,2D Phụ Đề,SCHEDULED,MOCK,2026-10-05T14:56:13.517Z
12c25da1ca470a0695ea5882d6a2231663d47196,trai-buon-nguoi,galaxy-cineo-go-an-lac,Galaxy CineO GO! An Lạc,,2026-10-06T04:00:00.000Z,2026-10-06T06:15:00.000Z,TWO_D,Phụ Đề,2D Phụ Đề,SCHEDULED,MOCK,2026-10-05T14:56:13.517Z
1d6a8667b40787520daa4d847ee98e75712f8990,trai-buon-nguoi,galaxy-cineo-go-an-lac,Galaxy CineO GO! An Lạc,,2026-10-06T04:30:00.000Z,2026-10-06T06:45:00.000Z,TWO_D,Phụ Đề,2D Phụ Đề,SCHEDULED,MOCK,2026-10-05T14:56:13.517Z
7f10c8ccdbc89ebaa85f6f4565c7f0050ba57a77,trai-buon-nguoi,galaxy-cineo-go-an-lac,Galaxy CineO GO! An Lạc,,2026-10-06T05:15:00.000Z,2026-10-06T07:30:00.000Z,TWO_D,Phụ Đề,2D Phụ Đề,SCHEDULED,MOCK,2026-10-05T14:56:13.517Z
a349bc2101796940c7f97536e5890f36e89cb725,trai-buon-nguoi,galaxy-cineo-go-an-lac,Galaxy CineO GO! An Lạc,,2026-10-06T06:00:00.000Z,2026-10-06T08:15:00.000Z,TWO_D,Phụ Đề,2D Phụ Đề,SCHEDULED,MOCK,2026-10-05T14:56:13.517Z
9a4d9f404dcba04ff0969d383a8e0f333ad2b1d3,trai-buon-nguoi,galaxy-cineo-go-an-lac,Galaxy CineO GO! An Lạc,,2026-10-06T06:30:00.000Z,2026-10-06T08:45:00.000Z,TWO_D,Phụ Đề,2D Phụ Đề,SCHEDULED,MOCK,2026-10-05T14:56:13.517Z
8d29d92cddcf71fbf59c5e22afff7143c28baf4e,trai-buon-nguoi,galaxy-cineo-go-an-lac,Galaxy CineO GO! An Lạc,,2026-10-06T07:00:00.000Z,2026-10-06T09:15:00.000Z,TWO_D,Phụ Đề,2D Phụ Đề,SCHEDULED,MOCK,2026-10-05T14:56:13.517Z
47dd4a2b0788267a28dfd604cd556048bf7312cd,trai-buon-nguoi,galaxy-cineo-go-an-lac,Galaxy CineO GO! An Lạc,,2026-10-06T07:45:00.000Z,2026-10-06T10:00:00.000Z,TWO_D,Phụ Đề,2D Phụ Đề,SCHEDULED,MOCK,2026-10-05T14:56:13.517Z
5322a9fe12fe6fd08bcdb446e18e35bc3a4f116f,trai-buon-nguoi,galaxy-cineo-go-an-lac,Galaxy CineO GO! An Lạc,,2026-10-06T08:30:00.000Z,2026-10-06T10:45:00.000Z,TWO_D,Phụ Đề,2D Phụ Đề,SCHEDULED,MOCK,2026-10-05T14:56:13.517Z
cf6624ed1d3670b640bb299d8b04c44c7c8fa2eb,trai-buon-nguoi,galaxy-cineo-go-an-lac,Galaxy CineO GO! An Lạc,,2026-10-06T09:00:00.000Z,2026-10-06T11:15:00.000Z,TWO_D,Phụ Đề,2D Phụ Đề,SCHEDULED,MOCK,2026-10-05T14:56:13.517Z
9b90db065e243be85dfcd56b057f09eccb515589,trai-buon-nguoi,galaxy-cineo-go-an-lac,Galaxy CineO GO! An Lạc,,2026-10-06T09:30:00.000Z,2026-10-06T11:45:00.000Z,TWO_D,Phụ Đề,2D Phụ Đề,SCHEDULED,MOCK,2026-10-05T14:56:13.517Z
13875da4d2b5aed9ef75873d113a137ad3df1019,trai-buon-nguoi,galaxy-cineo-go-an-lac,Galaxy CineO GO! An Lạc,,2026-10-06T10:15:00.000Z,2026-10-06T12:30:00.000Z,TWO_D,Phụ Đề,2D Phụ Đề,SCHEDULED,MOCK,2026-10-05T14:56:13.517Z
4f2ad996aa89bb6b16729dd6a2468131c70f8e98,trai-buon-nguoi,galaxy-cineo-go-an-lac,Galaxy CineO GO! An Lạc,,2026-10-06T10:30:00.000Z,2026-10-06T12:45:00.000Z,TWO_D,Phụ Đề,2D Phụ Đề,SCHEDULED,MOCK,2026-10-05T14:56:13.517Z
f01a5284a27fce3acf716c1c6830586a904f1a4a,trai-buon-nguoi,galaxy-cineo-go-an-lac,Galaxy CineO GO! An Lạc,,2026-10-06T11:00:00.000Z,2026-10-06T13:15:00.000Z,TWO_D,Phụ Đề,2D Phụ Đề,SCHEDULED,MOCK,2026-10-05T14:56:13.517Z
0828cc9f9f8cf611a7a8fe345145644e36bc2f72,trai-buon-nguoi,galaxy-cineo-go-an-lac,Galaxy CineO GO! An Lạc,,2026-10-06T11:30:00.000Z,2026-10-06T13:45:00.000Z,TWO_D,Phụ Đề,2D Phụ Đề,SCHEDULED,MOCK,2026-10-05T14:56:13.517Z
c02d53a5637d971560a79e678bb474f684a79589,trai-buon-nguoi,galaxy-cineo-go-an-lac,Galaxy CineO GO! An Lạc,,2026-10-06T12:00:00.000Z,2026-10-06T14:15:00.000Z,TWO_D,Phụ Đề,2D Phụ Đề,SCHEDULED,MOCK,2026-10-05T14:56:13.517Z
6a148cb70d0ea1541a94759c5f3c56438c6a0ee6,trai-buon-nguoi,galaxy-cineo-go-an-lac,Galaxy CineO GO! An Lạc,,2026-10-06T12:45:00.000Z,2026-10-06T15:00:00.000Z,TWO_D,Phụ Đề,2D Phụ Đề,SCHEDULED,MOCK,2026-10-05T14:56:13.517Z
b8c229ce4f508e9962def432ee3efc83cbadad53,trai-buon-nguoi,galaxy-cineo-go-an-lac,Galaxy CineO GO! An Lạc,,2026-10-06T13:00:00.000Z,2026-10-06T15:15:00.000Z,TWO_D,Phụ Đề,2D Phụ Đề,SCHEDULED,MOCK,2026-10-05T14:56:13.517Z
2c838f83f883a68100877d023982e78d4153acef,trai-buon-nguoi,galaxy-cineo-go-an-lac,Galaxy CineO GO! An Lạc,,2026-10-06T13:30:00.000Z,2026-10-06T15:45:00.000Z,TWO_D,Phụ Đề,2D Phụ Đề,SCHEDULED,MOCK,2026-10-05T14:56:13.517Z
3dc9e9e97f44f084a529763e1a441f766a1d1b4e,trai-buon-nguoi,galaxy-cineo-go-an-lac,Galaxy CineO GO! An Lạc,,2026-10-06T14:00:00.000Z,2026-10-06T16:15:00.000Z,TWO_D,Phụ Đề,2D Phụ Đề,SCHEDULED,MOCK,2026-10-05T14:56:13.517Z
aa5a2ba12008e8f39f25de8f6a28d997b6f2d080,trai-buon-nguoi,galaxy-cineo-go-an-lac,Galaxy CineO GO! An Lạc,,2026-10-06T14:30:00.000Z,2026-10-06T16:45:00.000Z,TWO_D,Phụ Đề,2D Phụ Đề,SCHEDULED,MOCK,2026-10-05T14:56:13.518Z
0ff826a467b53ac7c7dc94fb00b6485716fc419a,trai-buon-nguoi,galaxy-cineo-go-an-lac,Galaxy CineO GO! An Lạc,,2026-10-06T15:15:00.000Z,2026-10-06T17:30:00.000Z,TWO_D,Phụ Đề,2D Phụ Đề,SCHEDULED,MOCK,2026-10-05T14:56:13.518Z
1cde881354012425009323f05bda9c00932f347b,trai-buon-nguoi,galaxy-cineo-go-an-lac,Galaxy CineO GO! An Lạc,,2026-10-06T15:30:00.000Z,2026-10-06T17:45:00.000Z,TWO_D,Phụ Đề,2D Phụ Đề,SCHEDULED,MOCK,2026-10-05T14:56:13.518Z
8b8fe198cba13807395c4af5ee31240545387163,trai-buon-nguoi,galaxy-cineo-go-an-lac,Galaxy CineO GO! An Lạc,,2026-10-06T16:00:00.000Z,2026-10-06T18:15:00.000Z,TWO_D,Phụ Đề,2D Phụ Đề,SCHEDULED,MOCK,2026-10-05T14:56:13.518Z
43d0902e89af265a115d6844eaa575f95b53d510,trai-buon-nguoi,name:galaxy-cineo-go-ben-tre,Galaxy CineO GO! Bến Tre,,2026-10-06T02:30:00.000Z,2026-10-06T04:45:00.000Z,TWO_D,Phụ Đề,2D Phụ Đề,SCHEDULED,MOCK,2026-10-05T14:56:13.518Z
de49c7e44f6bd428356fc603c481074abd1bda2e,trai-buon-nguoi,name:galaxy-cineo-go-ben-tre,Galaxy CineO GO! Bến Tre,,2026-10-06T03:30:00.000Z,2026-10-06T05:45:00.000Z,TWO_D,Phụ Đề,2D Phụ Đề,SCHEDULED,MOCK,2026-10-05T14:56:13.518Z
bf579b883e8ee345bfa3bad4b5c84092a2783790,trai-buon-nguoi,name:galaxy-cineo-go-ben-tre,Galaxy CineO GO! Bến Tre,,2026-10-06T04:15:00.000Z,2026-10-06T06:30:00.000Z,TWO_D,Phụ Đề,2D Phụ Đề,SCHEDULED,MOCK,2026-10-05T14:56:13.518Z
144e660d24803249b416d60d45185d17d6e38e1e,trai-buon-nguoi,name:galaxy-cineo-go-ben-tre,Galaxy CineO GO! Bến Tre,,2026-10-06T05:00:00.000Z,2026-10-06T07:15:00.000Z,TWO_D,Phụ Đề,2D Phụ Đề,SCHEDULED,MOCK,2026-10-05T14:56:13.518Z
ccca92d995ad13c8404c3fc3cba95aed2f1e5d1c,trai-buon-nguoi,name:galaxy-cineo-go-ben-tre,Galaxy CineO GO! Bến Tre,,2026-10-06T06:00:00.000Z,2026-10-06T08:15:00.000Z,TWO_D,Phụ Đề,2D Phụ Đề,SCHEDULED,MOCK,2026-10-05T14:56:13.518Z
d0115010020854773a3ee3350f68090e995c6918,trai-buon-nguoi,name:galaxy-cineo-go-ben-tre,Galaxy CineO GO! Bến Tre,,2026-10-06T06:45:00.000Z,2026-10-06T09:00:00.000Z,TWO_D,Phụ Đề,2D Phụ Đề,SCHEDULED,MOCK,2026-10-05T14:56:13.518Z
11e38c5cec789838f482214897b83ef98089e870,trai-buon-nguoi,name:galaxy-cineo-go-ben-tre,Galaxy CineO GO! Bến Tre,,2026-10-06T07:30:00.000Z,2026-10-06T09:45:00.000Z,TWO_D,Phụ Đề,2D Phụ Đề,SCHEDULED,MOCK,2026-10-05T14:56:13.518Z
bdcc321a71d58f2a66d29b4d6b98a28bbe4da414,trai-buon-nguoi,name:galaxy-cineo-go-ben-tre,Galaxy CineO GO! Bến Tre,,2026-10-06T08:30:00.000Z,2026-10-06T10:45:00.000Z,TWO_D,Phụ Đề,2D Phụ Đề,SCHEDULED,MOCK,2026-10-05T14:56:13.518Z
e19785ecbf69af31f147e2a95bd951f62d427427,trai-buon-nguoi,name:galaxy-cineo-go-ben-tre,Galaxy CineO GO! Bến Tre,,2026-10-06T09:15:00.000Z,2026-10-06T11:30:00.000Z,TWO_D,Phụ Đề,2D Phụ Đề,SCHEDULED,MOCK,2026-10-05T14:56:13.518Z
247c69cbe0337f31eeca04472365bafd158b0274,trai-buon-nguoi,name:galaxy-cineo-go-ben-tre,Galaxy CineO GO! Bến Tre,,2026-10-06T10:00:00.000Z,2026-10-06T12:15:00.000Z,TWO_D,Phụ Đề,2D Phụ Đề,SCHEDULED,MOCK,2026-10-05T14:56:13.518Z
49488495839ba3dc82f0167819d16d75ccf86492,trai-buon-nguoi,name:galaxy-cineo-go-ben-tre,Galaxy CineO GO! Bến Tre,,2026-10-06T10:30:00.000Z,2026-10-06T12:45:00.000Z,TWO_D,Phụ Đề,2D Phụ Đề,SCHEDULED,MOCK,2026-10-05T14:56:13.518Z
7ed1aff8041c65dace00b003d12ad462e3dd0682,trai-buon-nguoi,name:galaxy-cineo-go-ben-tre,Galaxy CineO GO! Bến Tre,,2026-10-06T11:00:00.000Z,2026-10-06T13:15:00.000Z,TWO_D,Phụ Đề,2D Phụ Đề,SCHEDULED,MOCK,2026-10-05T14:56:13.518Z
93551fd361e0da896b14c89756753e41754384a6,trai-buon-nguoi,name:galaxy-cineo-go-ben-tre,Galaxy CineO GO! Bến Tre,,2026-10-06T11:45:00.000Z,2026-10-06T14:00:00.000Z,TWO_D,Phụ Đề,2D Phụ Đề,SCHEDULED,MOCK,2026-10-05T14:56:13.518Z
07189e5a8540f61656206cd461ef3e152299c0c3,trai-buon-nguoi,name:galaxy-cineo-go-ben-tre,Galaxy CineO GO! Bến Tre,,2026-10-06T12:30:00.000Z,2026-10-06T14:45:00.000Z,TWO_D,Phụ Đề,2D Phụ Đề,SCHEDULED,MOCK,2026-10-05T14:56:13.518Z
0c3492dc2b4e3437acf1d84ae41902397247029d,trai-buon-nguoi,name:galaxy-cineo-go-ben-tre,Galaxy CineO GO! Bến Tre,,2026-10-06T13:00:00.000Z,2026-10-06T15:15:00.000Z,TWO_D,Phụ Đề,2D Phụ Đề,SCHEDULED,MOCK,2026-10-05T14:56:13.518Z
a861a0609abafb4701ac9035f485e1016746c405,trai-buon-nguoi,name:galaxy-cineo-go-ben-tre,Galaxy CineO GO! Bến Tre,,2026-10-06T13:30:00.000Z,2026-10-06T15:45:00.000Z,TWO_D,Phụ Đề,2D Phụ Đề,SCHEDULED,MOCK,2026-10-05T14:56:13.518Z
56f2ef6dfdea41d9dee260b2d5990df19f58e278,trai-buon-nguoi,name:galaxy-cineo-go-ben-tre,Galaxy CineO GO! Bến Tre,,2026-10-06T14:15:00.000Z,2026-10-06T16:30:00.000Z,TWO_D,Phụ Đề,2D Phụ Đề,SCHEDULED,MOCK,2026-10-05T14:56:13.518Z
677b680d9847d730fd7710b687e00c63a3f9de74,trai-buon-nguoi,name:galaxy-cineo-go-ben-tre,Galaxy CineO GO! Bến Tre,,2026-10-06T15:00:00.000Z,2026-10-06T17:15:00.000Z,TWO_D,Phụ Đề,2D Phụ Đề,SCHEDULED,MOCK,2026-10-05T14:56:13.518Z
8a8ad65e27ee2aa99ca812c560e57a2e3ba98862,trai-buon-nguoi,name:galaxy-cineo-go-ben-tre,Galaxy CineO GO! Bến Tre,,2026-10-06T15:30:00.000Z,2026-10-06T17:45:00.000Z,TWO_D,Phụ Đề,2D Phụ Đề,SCHEDULED,MOCK,2026-10-05T14:56:13.519Z
170288a23ab17d0f00d14b44387653ebc6b642b9,trai-buon-nguoi,galaxy-quang-trung,Galaxy CineO Coop Quang Trung,,2026-10-06T02:00:00.000Z,2026-10-06T04:15:00.000Z,TWO_D,Phụ Đề,2D Phụ Đề,SCHEDULED,MOCK,2026-10-05T14:56:13.520Z
5eadc41eab280146adf7deb4eb2db244c255ae8e,trai-buon-nguoi,galaxy-quang-trung,Galaxy CineO Coop Quang Trung,,2026-10-06T02:30:00.000Z,2026-10-06T04:45:00.000Z,TWO_D,Phụ Đề,2D Phụ Đề,SCHEDULED,MOCK,2026-10-05T14:56:13.520Z
77295e706338120f8fbc693820bae2a86c11ab9f,trai-buon-nguoi,galaxy-quang-trung,Galaxy CineO Coop Quang Trung,,2026-10-06T03:15:00.000Z,2026-10-06T05:30:00.000Z,TWO_D,Phụ Đề,2D Phụ Đề,SCHEDULED,MOCK,2026-10-05T14:56:13.520Z
88ddfeb6b98a81d16cc7be58f311a259f2368dcc,trai-buon-nguoi,galaxy-quang-trung,Galaxy CineO Coop Quang Trung,,2026-10-06T03:45:00.000Z,2026-10-06T06:00:00.000Z,TWO_D,Phụ Đề,2D Phụ Đề,SCHEDULED,MOCK,2026-10-05T14:56:13.520Z
aca84267591f7bc4572d635e87b67609e5fb742b,trai-buon-nguoi,galaxy-quang-trung,Galaxy CineO Coop Quang Trung,,2026-10-06T04:15:00.000Z,2026-10-06T06:30:00.000Z,TWO_D,Phụ Đề,2D Phụ Đề,SCHEDULED,MOCK,2026-10-05T14:56:13.520Z
2ed4e3473e3722bf9c7f5d4452a1ec47dbd76a18,trai-buon-nguoi,galaxy-quang-trung,Galaxy CineO Coop Quang Trung,,2026-10-06T04:30:00.000Z,2026-10-06T06:45:00.000Z,TWO_D,Phụ Đề,2D Phụ Đề,SCHEDULED,MOCK,2026-10-05T14:56:13.520Z
e90ca2be011a10bfad37bbe211b1fb35020d31f3,trai-buon-nguoi,galaxy-quang-trung,Galaxy CineO Coop Quang Trung,,2026-10-06T05:00:00.000Z,2026-10-06T07:15:00.000Z,TWO_D,Phụ Đề,2D Phụ Đề,SCHEDULED,MOCK,2026-10-05T14:56:13.520Z
e629b0698ed6c7aeaf278ba2ff76e95a555453ca,trai-buon-nguoi,galaxy-quang-trung,Galaxy CineO Coop Quang Trung,,2026-10-06T05:45:00.000Z,2026-10-06T08:00:00.000Z,TWO_D,Phụ Đề,2D Phụ Đề,SCHEDULED,MOCK,2026-10-05T14:56:13.520Z
608c833987bd077f7cb7b2332741736568cb99c2,trai-buon-nguoi,galaxy-quang-trung,Galaxy CineO Coop Quang Trung,,2026-10-06T06:15:00.000Z,2026-10-06T08:30:00.000Z,TWO_D,Phụ Đề,2D Phụ Đề,SCHEDULED,MOCK,2026-10-05T14:56:13.520Z
9bf713e34bf61572e0a96cde3d2ff89179783cb5,trai-buon-nguoi,galaxy-quang-trung,Galaxy CineO Coop Quang Trung,,2026-10-06T06:45:00.000Z,2026-10-06T09:00:00.000Z,TWO_D,Phụ Đề,2D Phụ Đề,SCHEDULED,MOCK,2026-10-05T14:56:13.520Z
38726dcd764c4e63019b5fef7798a1c0e1599249,trai-buon-nguoi,galaxy-quang-trung,Galaxy CineO Coop Quang Trung,,2026-10-06T07:00:00.000Z,2026-10-06T09:15:00.000Z,TWO_D,Phụ Đề,2D Phụ Đề,SCHEDULED,MOCK,2026-10-05T14:56:13.520Z
d4c6b744fb30a53da8ce10f63d62a942d1f01340,trai-buon-nguoi,galaxy-quang-trung,Galaxy CineO Coop Quang Trung,,2026-10-06T07:30:00.000Z,2026-10-06T09:45:00.000Z,TWO_D,Phụ Đề,2D Phụ Đề,SCHEDULED,MOCK,2026-10-05T14:56:13.520Z
f9c85c98a23ff91b0dc1f366cbea6e3cb2a61124,trai-buon-nguoi,galaxy-quang-trung,Galaxy CineO Coop Quang Trung,,2026-10-06T08:15:00.000Z,2026-10-06T10:30:00.000Z,TWO_D,Phụ Đề,2D Phụ Đề,SCHEDULED,MOCK,2026-10-05T14:56:13.520Z
9b8c9703c3b1c60982a38e48bb7684d88a13b840,trai-buon-nguoi,galaxy-quang-trung,Galaxy CineO Coop Quang Trung,,2026-10-06T08:45:00.000Z,2026-10-06T11:00:00.000Z,TWO_D,Phụ Đề,2D Phụ Đề,SCHEDULED,MOCK,2026-10-05T14:56:13.520Z
e5edf85cbcfa06cbe382a806543b15f638443e94,trai-buon-nguoi,galaxy-quang-trung,Galaxy CineO Coop Quang Trung,,2026-10-06T09:30:00.000Z,2026-10-06T11:45:00.000Z,TWO_D,Phụ Đề,2D Phụ Đề,SCHEDULED,MOCK,2026-10-05T14:56:13.520Z
fbc2a1592fe6e02e72d482012616d9c596e84c68,trai-buon-nguoi,galaxy-quang-trung,Galaxy CineO Coop Quang Trung,,2026-10-06T10:00:00.000Z,2026-10-06T12:15:00.000Z,TWO_D,Phụ Đề,2D Phụ Đề,SCHEDULED,MOCK,2026-10-05T14:56:13.520Z
c2ce416a2ead158a699139354a298f72f4f332f1,trai-buon-nguoi,galaxy-quang-trung,Galaxy CineO Coop Quang Trung,,2026-10-06T10:45:00.000Z,2026-10-06T13:00:00.000Z,TWO_D,Phụ Đề,2D Phụ Đề,SCHEDULED,MOCK,2026-10-05T14:56:13.520Z
4fb15f79f8de53e7325a3a9e40f186e9bf9f264e,trai-buon-nguoi,galaxy-quang-trung,Galaxy CineO Coop Quang Trung,,2026-10-06T11:00:00.000Z,2026-10-06T13:15:00.000Z,TWO_D,Phụ Đề,2D Phụ Đề,SCHEDULED,MOCK,2026-10-05T14:56:13.520Z
ca5f6f5bb1a84c49ec201eb37406082174da1dec,trai-buon-nguoi,galaxy-quang-trung,Galaxy CineO Coop Quang Trung,,2026-10-06T11:15:00.000Z,2026-10-06T13:30:00.000Z,TWO_D,Phụ Đề,2D Phụ Đề,SCHEDULED,MOCK,2026-10-05T14:56:13.520Z
1edcb08851e04ccb9fb051b7ce41143b26e5ba9a,trai-buon-nguoi,galaxy-quang-trung,Galaxy CineO Coop Quang Trung,,2026-10-06T11:30:00.000Z,2026-10-06T13:45:00.000Z,TWO_D,Phụ Đề,2D Phụ Đề,SCHEDULED,MOCK,2026-10-05T14:56:13.521Z
0bc2fdf764b01f72646de2fd4588d3905d66744c,trai-buon-nguoi,galaxy-quang-trung,Galaxy CineO Coop Quang Trung,,2026-10-06T11:45:00.000Z,2026-10-06T14:00:00.000Z,TWO_D,Phụ Đề,2D Phụ Đề,SCHEDULED,MOCK,2026-10-05T14:56:13.521Z
017618241211a5e7dab456c64fce59a954b7e66d,trai-buon-nguoi,galaxy-quang-trung,Galaxy CineO Coop Quang Trung,,2026-10-06T12:00:00.000Z,2026-10-06T14:15:00.000Z,TWO_D,Phụ Đề,2D Phụ Đề,SCHEDULED,MOCK,2026-10-05T14:56:13.521Z
e0450464097d5e96288afdbbcb0423e4bf3cbbab,trai-buon-nguoi,galaxy-quang-trung,Galaxy CineO Coop Quang Trung,,2026-10-06T12:30:00.000Z,2026-10-06T14:45:00.000Z,TWO_D,Phụ Đề,2D Phụ Đề,SCHEDULED,MOCK,2026-10-05T14:56:13.521Z
347d89bd47bb7ed64e5a964941e85159d47588e8,trai-buon-nguoi,galaxy-quang-trung,Galaxy CineO Coop Quang Trung,,2026-10-06T13:15:00.000Z,2026-10-06T15:30:00.000Z,TWO_D,Phụ Đề,2D Phụ Đề,SCHEDULED,MOCK,2026-10-05T14:56:13.521Z
09f0d51da553b0dac16066a68da633b497dfe1a9,trai-buon-nguoi,galaxy-quang-trung,Galaxy CineO Coop Quang Trung,,2026-10-06T13:30:00.000Z,2026-10-06T15:45:00.000Z,TWO_D,Phụ Đề,2D Phụ Đề,SCHEDULED,MOCK,2026-10-05T14:56:13.521Z
fa488dca5104d8cd0178cc302d14440d5ccce6cd,trai-buon-nguoi,galaxy-quang-trung,Galaxy CineO Coop Quang Trung,,2026-10-06T13:45:00.000Z,2026-10-06T16:00:00.000Z,TWO_D,Phụ Đề,2D Phụ Đề,SCHEDULED,MOCK,2026-10-05T14:56:13.521Z
0fad4bad11adedaa484fef3ac5d9fbb64e86e4c6,trai-buon-nguoi,galaxy-quang-trung,Galaxy CineO Coop Quang Trung,,2026-10-06T14:00:00.000Z,2026-10-06T16:15:00.000Z,TWO_D,Phụ Đề,2D Phụ Đề,SCHEDULED,MOCK,2026-10-05T14:56:13.521Z
d0f108e1f117139e7a4da4c92f71aac0635f572e,trai-buon-nguoi,galaxy-quang-trung,Galaxy CineO Coop Quang Trung,,2026-10-06T14:15:00.000Z,2026-10-06T16:30:00.000Z,TWO_D,Phụ Đề,2D Phụ Đề,SCHEDULED,MOCK,2026-10-05T14:56:13.521Z
2a78f3a14f355310cff04e516c9c3f1ca384fdf7,trai-buon-nguoi,galaxy-quang-trung,Galaxy CineO Coop Quang Trung,,2026-10-06T14:30:00.000Z,2026-10-06T16:45:00.000Z,TWO_D,Phụ Đề,2D Phụ Đề,SCHEDULED,MOCK,2026-10-05T14:56:13.521Z
d7f3867ffeeec2fdb79f79636bd1370ab3165362,trai-buon-nguoi,galaxy-quang-trung,Galaxy CineO Coop Quang Trung,,2026-10-06T15:00:00.000Z,2026-10-06T17:15:00.000Z,TWO_D,Phụ Đề,2D Phụ Đề,SCHEDULED,MOCK,2026-10-05T14:56:13.521Z
3193f05466d938e57850c1dab7cad9dea6a5cd89,trai-buon-nguoi,galaxy-quang-trung,Galaxy CineO Coop Quang Trung,,2026-10-06T15:45:00.000Z,2026-10-06T18:00:00.000Z,TWO_D,Phụ Đề,2D Phụ Đề,SCHEDULED,MOCK,2026-10-05T14:56:13.521Z
e49a9af12bb53174b5e6fccba53a0ed2e3a6fd43,trai-buon-nguoi,galaxy-quang-trung,Galaxy CineO Coop Quang Trung,,2026-10-06T16:00:00.000Z,2026-10-06T18:15:00.000Z,TWO_D,Phụ Đề,2D Phụ Đề,SCHEDULED,MOCK,2026-10-05T14:56:13.522Z
07be0f0eea8a5a71d1449ea7dccc743b08a15081,trai-buon-nguoi,galaxy-quang-trung,Galaxy CineO Coop Quang Trung,,2026-10-06T16:15:00.000Z,2026-10-06T18:30:00.000Z,TWO_D,Phụ Đề,2D Phụ Đề,SCHEDULED,MOCK,2026-10-05T14:56:13.522Z
417cda7d427bcd3e2f155560e493bd1d8d700659,trai-buon-nguoi,galaxy-quang-trung,Galaxy CineO Coop Quang Trung,,2026-10-06T16:30:00.000Z,2026-10-06T18:45:00.000Z,TWO_D,Phụ Đề,2D Phụ Đề,SCHEDULED,MOCK,2026-10-05T14:56:13.522Z
871be754bd4ccbd9483cb2812f5f47b01856e434,trai-buon-nguoi,galaxy-quang-trung,Galaxy CineO Coop Quang Trung,,2026-10-06T16:45:00.000Z,2026-10-06T19:00:00.000Z,TWO_D,Phụ Đề,2D Phụ Đề,SCHEDULED,MOCK,2026-10-05T14:56:13.522Z
62550c14b34d9883b0b15326aa29e08a7b497d48,trai-buon-nguoi,name:galaxy-cineo-vincom-dan-phuong,Galaxy CineO Vincom Đan Phượng,,2026-10-06T02:00:00.000Z,2026-10-06T04:15:00.000Z,TWO_D,Phụ Đề,2D Phụ Đề,SCHEDULED,MOCK,2026-10-05T14:56:13.522Z
9dcb2a49d75eb65b39af10f24868230939cea40e,trai-buon-nguoi,name:galaxy-cineo-vincom-dan-phuong,Galaxy CineO Vincom Đan Phượng,,2026-10-06T02:45:00.000Z,2026-10-06T05:00:00.000Z,TWO_D,Phụ Đề,2D Phụ Đề,SCHEDULED,MOCK,2026-10-05T14:56:13.522Z
45ba702a4cd69d86a991408f9f5617fb79fe19d1,trai-buon-nguoi,name:galaxy-cineo-vincom-dan-phuong,Galaxy CineO Vincom Đan Phượng,,2026-10-06T03:30:00.000Z,2026-10-06T05:45:00.000Z,TWO_D,Phụ Đề,2D Phụ Đề,SCHEDULED,MOCK,2026-10-05T14:56:13.522Z
9226c33a12ac90377a3b014bf94a175916f5b6cb,trai-buon-nguoi,name:galaxy-cineo-vincom-dan-phuong,Galaxy CineO Vincom Đan Phượng,,2026-10-06T04:00:00.000Z,2026-10-06T06:15:00.000Z,TWO_D,Phụ Đề,2D Phụ Đề,SCHEDULED,MOCK,2026-10-05T14:56:13.522Z
2316afbad3ad69bd081cbae2986127806acdee6e,trai-buon-nguoi,name:galaxy-cineo-vincom-dan-phuong,Galaxy CineO Vincom Đan Phượng,,2026-10-06T04:30:00.000Z,2026-10-06T06:45:00.000Z,TWO_D,Phụ Đề,2D Phụ Đề,SCHEDULED,MOCK,2026-10-05T14:56:13.522Z
ff2b6e45f89397492d250291f5045b7811ecb3cb,trai-buon-nguoi,name:galaxy-cineo-vincom-dan-phuong,Galaxy CineO Vincom Đan Phượng,,2026-10-06T05:15:00.000Z,2026-10-06T07:30:00.000Z,TWO_D,Phụ Đề,2D Phụ Đề,SCHEDULED,MOCK,2026-10-05T14:56:13.522Z
00ec9ed663a53da3b2c5dc5c61eae826d4c10953,trai-buon-nguoi,name:galaxy-cineo-vincom-dan-phuong,Galaxy CineO Vincom Đan Phượng,,2026-10-06T06:15:00.000Z,2026-10-06T08:30:00.000Z,TWO_D,Phụ Đề,2D Phụ Đề,SCHEDULED,MOCK,2026-10-05T14:56:13.522Z
b9150c7e49c9756cd33bf648b7db980c51935c09,trai-buon-nguoi,name:galaxy-cineo-vincom-dan-phuong,Galaxy CineO Vincom Đan Phượng,,2026-10-06T07:00:00.000Z,2026-10-06T09:15:00.000Z,TWO_D,Phụ Đề,2D Phụ Đề,SCHEDULED,MOCK,2026-10-05T14:56:13.522Z
2a94c192535dec3d46cfe1fbabd7db1db1e0830c,trai-buon-nguoi,name:galaxy-cineo-vincom-dan-phuong,Galaxy CineO Vincom Đan Phượng,,2026-10-06T07:45:00.000Z,2026-10-06T10:00:00.000Z,TWO_D,Phụ Đề,2D Phụ Đề,SCHEDULED,MOCK,2026-10-05T14:56:13.522Z
3a65392bacc1bb907f89b376cc94adc2c0a410bc,trai-buon-nguoi,name:galaxy-cineo-vincom-dan-phuong,Galaxy CineO Vincom Đan Phượng,,2026-10-06T08:15:00.000Z,2026-10-06T10:30:00.000Z,TWO_D,Phụ Đề,2D Phụ Đề,SCHEDULED,MOCK,2026-10-05T14:56:13.522Z
c5eb724e803c8022b4878c069b0faa5896b815c8,trai-buon-nguoi,name:galaxy-cineo-vincom-dan-phuong,Galaxy CineO Vincom Đan Phượng,,2026-10-06T08:45:00.000Z,2026-10-06T11:00:00.000Z,TWO_D,Phụ Đề,2D Phụ Đề,SCHEDULED,MOCK,2026-10-05T14:56:13.522Z
33d2cdcda3bfdc97e7aebe944206a00abab4c56f,trai-buon-nguoi,name:galaxy-cineo-vincom-dan-phuong,Galaxy CineO Vincom Đan Phượng,,2026-10-06T09:30:00.000Z,2026-10-06T11:45:00.000Z,TWO_D,Phụ Đề,2D Phụ Đề,SCHEDULED,MOCK,2026-10-05T14:56:13.522Z
871ccef516b244fc3846658b60ac01a4137ff522,trai-buon-nguoi,name:galaxy-cineo-vincom-dan-phuong,Galaxy CineO Vincom Đan Phượng,,2026-10-06T10:15:00.000Z,2026-10-06T12:30:00.000Z,TWO_D,Phụ Đề,2D Phụ Đề,SCHEDULED,MOCK,2026-10-05T14:56:13.522Z
6839eb2086f4c988abe17e68b1f638ee573bc8ef,trai-buon-nguoi,name:galaxy-cineo-vincom-dan-phuong,Galaxy CineO Vincom Đan Phượng,,2026-10-06T10:45:00.000Z,2026-10-06T13:00:00.000Z,TWO_D,Phụ Đề,2D Phụ Đề,SCHEDULED,MOCK,2026-10-05T14:56:13.522Z
07aab659c45ebe5e0654ed22835f16ec172e9b54,trai-buon-nguoi,name:galaxy-cineo-vincom-dan-phuong,Galaxy CineO Vincom Đan Phượng,,2026-10-06T11:15:00.000Z,2026-10-06T13:30:00.000Z,TWO_D,Phụ Đề,2D Phụ Đề,SCHEDULED,MOCK,2026-10-05T14:56:13.522Z
d96ea97fedf0b5630095eb577c1e82e13c012b37,trai-buon-nguoi,name:galaxy-cineo-vincom-dan-phuong,Galaxy CineO Vincom Đan Phượng,,2026-10-06T12:00:00.000Z,2026-10-06T14:15:00.000Z,TWO_D,Phụ Đề,2D Phụ Đề,SCHEDULED,MOCK,2026-10-05T14:56:13.522Z
c4082bc122b1a8d902651e3d2c3970704d9fa0d1,trai-buon-nguoi,name:galaxy-cineo-vincom-dan-phuong,Galaxy CineO Vincom Đan Phượng,,2026-10-06T12:45:00.000Z,2026-10-06T15:00:00.000Z,TWO_D,Phụ Đề,2D Phụ Đề,SCHEDULED,MOCK,2026-10-05T14:56:13.522Z
9a6f38f35725c35f92cefbf7951793538de810a4,trai-buon-nguoi,name:galaxy-cineo-vincom-dan-phuong,Galaxy CineO Vincom Đan Phượng,,2026-10-06T13:00:00.000Z,2026-10-06T15:15:00.000Z,TWO_D,Phụ Đề,2D Phụ Đề,SCHEDULED,MOCK,2026-10-05T14:56:13.522Z
03802614cbd7820a157201bdda2592ef4a2a561d,trai-buon-nguoi,name:galaxy-cineo-vincom-dan-phuong,Galaxy CineO Vincom Đan Phượng,,2026-10-06T13:15:00.000Z,2026-10-06T15:30:00.000Z,TWO_D,Phụ Đề,2D Phụ Đề,SCHEDULED,MOCK,2026-10-05T14:56:13.522Z
8bab2e618c9a84bb577121c69f11a32918a9d8e1,trai-buon-nguoi,name:galaxy-cineo-vincom-dan-phuong,Galaxy CineO Vincom Đan Phượng,,2026-10-06T13:45:00.000Z,2026-10-06T16:00:00.000Z,TWO_D,Phụ Đề,2D Phụ Đề,SCHEDULED,MOCK,2026-10-05T14:56:13.522Z
4e86d5014581fd9398e40a307f2245e294a8830a,trai-buon-nguoi,name:galaxy-cineo-vincom-dan-phuong,Galaxy CineO Vincom Đan Phượng,,2026-10-06T14:30:00.000Z,2026-10-06T16:45:00.000Z,TWO_D,Phụ Đề,2D Phụ Đề,SCHEDULED,MOCK,2026-10-05T14:56:13.522Z
f4d52dc8480ba9fe506e5f791db98f53173c57f3,trai-buon-nguoi,name:galaxy-cineo-vincom-dan-phuong,Galaxy CineO Vincom Đan Phượng,,2026-10-06T15:15:00.000Z,2026-10-06T17:30:00.000Z,TWO_D,Phụ Đề,2D Phụ Đề,SCHEDULED,MOCK,2026-10-05T14:56:13.522Z
a27bafe7b7a48fba44eb153a822d9f918dcb873e,trai-buon-nguoi,name:galaxy-cineo-vincom-dan-phuong,Galaxy CineO Vincom Đan Phượng,,2026-10-06T15:30:00.000Z,2026-10-06T17:45:00.000Z,TWO_D,Phụ Đề,2D Phụ Đề,SCHEDULED,MOCK,2026-10-05T14:56:13.522Z
233a7d70b713c77a0d815d12ea1bf8d884831d1a,trai-buon-nguoi,name:galaxy-cineo-vincom-dan-phuong,Galaxy CineO Vincom Đan Phượng,,2026-10-06T15:45:00.000Z,2026-10-06T18:00:00.000Z,TWO_D,Phụ Đề,2D Phụ Đề,SCHEDULED,MOCK,2026-10-05T14:56:13.522Z
9fd8e84e0c4534ca405cf29153859dfa5a1f2ad5,trai-buon-nguoi,name:galaxy-cine-gold-coast-nha-trang,Galaxy Cine+ Gold Coast Nha Trang,,2026-10-06T02:00:00.000Z,2026-10-06T04:15:00.000Z,TWO_D,Phụ Đề,2D Phụ Đề,SCHEDULED,MOCK,2026-10-05T14:56:13.522Z
9efdfb0316baf11dd9d202184645a7794e842163,trai-buon-nguoi,name:galaxy-cine-gold-coast-nha-trang,Galaxy Cine+ Gold Coast Nha Trang,,2026-10-06T02:45:00.000Z,2026-10-06T05:00:00.000Z,TWO_D,Phụ Đề,2D Phụ Đề,SCHEDULED,MOCK,2026-10-05T14:56:13.522Z
1575c156f3dc8a59b004e0ac8f8a27733ec091a8,trai-buon-nguoi,name:galaxy-cine-gold-coast-nha-trang,Galaxy Cine+ Gold Coast Nha Trang,,2026-10-06T03:15:00.000Z,2026-10-06T05:30:00.000Z,TWO_D,Phụ Đề,2D Phụ Đề,SCHEDULED,MOCK,2026-10-05T14:56:13.522Z
4e7217a4e12e2151190ccf89283498c6cdd6d6cf,trai-buon-nguoi,name:galaxy-cine-gold-coast-nha-trang,Galaxy Cine+ Gold Coast Nha Trang,,2026-10-06T03:45:00.000Z,2026-10-06T06:00:00.000Z,TWO_D,Phụ Đề,2D Phụ Đề,SCHEDULED,MOCK,2026-10-05T14:56:13.523Z
f99e5db9ed0416b301aac08be0343eeed1ca5388,trai-buon-nguoi,name:galaxy-cine-gold-coast-nha-trang,Galaxy Cine+ Gold Coast Nha Trang,,2026-10-06T04:30:00.000Z,2026-10-06T06:45:00.000Z,TWO_D,Phụ Đề,2D Phụ Đề,SCHEDULED,MOCK,2026-10-05T14:56:13.523Z
b564e6bc6df068fa80c5fd944729458c21c09878,trai-buon-nguoi,name:galaxy-cine-gold-coast-nha-trang,Galaxy Cine+ Gold Coast Nha Trang,,2026-10-06T05:15:00.000Z,2026-10-06T07:30:00.000Z,TWO_D,Phụ Đề,2D Phụ Đề,SCHEDULED,MOCK,2026-10-05T14:56:13.523Z
d3a0dcb5f8095e8c936af8ec5c1fddf44c0e467c,trai-buon-nguoi,name:galaxy-cine-gold-coast-nha-trang,Galaxy Cine+ Gold Coast Nha Trang,,2026-10-06T06:00:00.000Z,2026-10-06T08:15:00.000Z,TWO_D,Phụ Đề,2D Phụ Đề,SCHEDULED,MOCK,2026-10-05T14:56:13.523Z
8eee239dd54d7be57003970e14209eb878ab67a4,trai-buon-nguoi,name:galaxy-cine-gold-coast-nha-trang,Galaxy Cine+ Gold Coast Nha Trang,,2026-10-06T06:30:00.000Z,2026-10-06T08:45:00.000Z,TWO_D,Phụ Đề,2D Phụ Đề,SCHEDULED,MOCK,2026-10-05T14:56:13.523Z
8a0645826e067efb01d826ce08eaf6facd4bcfbc,trai-buon-nguoi,name:galaxy-cine-gold-coast-nha-trang,Galaxy Cine+ Gold Coast Nha Trang,,2026-10-06T07:00:00.000Z,2026-10-06T09:15:00.000Z,TWO_D,Phụ Đề,2D Phụ Đề,SCHEDULED,MOCK,2026-10-05T14:56:13.523Z
64b24d103db4a639c5846b0c67d21bb67112f59b,trai-buon-nguoi,name:galaxy-cine-gold-coast-nha-trang,Galaxy Cine+ Gold Coast Nha Trang,,2026-10-06T07:45:00.000Z,2026-10-06T10:00:00.000Z,TWO_D,Phụ Đề,2D Phụ Đề,SCHEDULED,MOCK,2026-10-05T14:56:13.523Z
e97c56cf7d608e02c44c0635ce7d0d25232ce98f,trai-buon-nguoi,name:galaxy-cine-gold-coast-nha-trang,Galaxy Cine+ Gold Coast Nha Trang,,2026-10-06T08:30:00.000Z,2026-10-06T10:45:00.000Z,TWO_D,Phụ Đề,2D Phụ Đề,SCHEDULED,MOCK,2026-10-05T14:56:13.523Z
54e2014af5bb8476648f6d6332ef99169cc2797a,trai-buon-nguoi,name:galaxy-cine-gold-coast-nha-trang,Galaxy Cine+ Gold Coast Nha Trang,,2026-10-06T09:00:00.000Z,2026-10-06T11:15:00.000Z,TWO_D,Phụ Đề,2D Phụ Đề,SCHEDULED,MOCK,2026-10-05T14:56:13.523Z
531bcdeb59eeef6d7a6f75d02ec2fc2df3a810f2,trai-buon-nguoi,name:galaxy-cine-gold-coast-nha-trang,Galaxy Cine+ Gold Coast Nha Trang,,2026-10-06T09:45:00.000Z,2026-10-06T12:00:00.000Z,TWO_D,Phụ Đề,2D Phụ Đề,SCHEDULED,MOCK,2026-10-05T14:56:13.523Z
7f223e8774449eb16a5dfe3bb77b4978b0ca67b4,trai-buon-nguoi,name:galaxy-cine-gold-coast-nha-trang,Galaxy Cine+ Gold Coast Nha Trang,,2026-10-06T10:15:00.000Z,2026-10-06T12:30:00.000Z,TWO_D,Phụ Đề,2D Phụ Đề,SCHEDULED,MOCK,2026-10-05T14:56:13.523Z
7a612816fffc5bc7cfee655fbbeb80ee3fc46d66,trai-buon-nguoi,name:galaxy-cine-gold-coast-nha-trang,Galaxy Cine+ Gold Coast Nha Trang,,2026-10-06T11:00:00.000Z,2026-10-06T13:15:00.000Z,TWO_D,Phụ Đề,2D Phụ Đề,SCHEDULED,MOCK,2026-10-05T14:56:13.523Z
3eb9c106f54e8331b345a8e2d0dd434b927b386d,trai-buon-nguoi,name:galaxy-cine-gold-coast-nha-trang,Galaxy Cine+ Gold Coast Nha Trang,,2026-10-06T11:30:00.000Z,2026-10-06T13:45:00.000Z,TWO_D,Phụ Đề,2D Phụ Đề,SCHEDULED,MOCK,2026-10-05T14:56:13.523Z
d699904794be0470013576c5e542249c323f0130,trai-buon-nguoi,name:galaxy-cine-gold-coast-nha-trang,Galaxy Cine+ Gold Coast Nha Trang,,2026-10-06T12:15:00.000Z,2026-10-06T14:30:00.000Z,TWO_D,Phụ Đề,2D Phụ Đề,SCHEDULED,MOCK,2026-10-05T14:56:13.523Z
c31753b1209f6112b400e5a59aaf9741806c3c6e,trai-buon-nguoi,name:galaxy-cine-gold-coast-nha-trang,Galaxy Cine+ Gold Coast Nha Trang,,2026-10-06T12:45:00.000Z,2026-10-06T15:00:00.000Z,TWO_D,Phụ Đề,2D Phụ Đề,SCHEDULED,MOCK,2026-10-05T14:56:13.523Z
936685b0e13e4bdb2fe6aec89f9ba67479229cba,trai-buon-nguoi,name:galaxy-cine-gold-coast-nha-trang,Galaxy Cine+ Gold Coast Nha Trang,,2026-10-06T13:30:00.000Z,2026-10-06T15:45:00.000Z,TWO_D,Phụ Đề,2D Phụ Đề,SCHEDULED,MOCK,2026-10-05T14:56:13.523Z
1d56e1bd7ece2a753f5bd8edc4bf435a59b3922a,trai-buon-nguoi,name:galaxy-cine-gold-coast-nha-trang,Galaxy Cine+ Gold Coast Nha Trang,,2026-10-06T14:00:00.000Z,2026-10-06T16:15:00.000Z,TWO_D,Phụ Đề,2D Phụ Đề,SCHEDULED,MOCK,2026-10-05T14:56:13.523Z
6d9949d8d58678c18c17b4082a1122fdbae7fca6,trai-buon-nguoi,name:galaxy-cine-gold-coast-nha-trang,Galaxy Cine+ Gold Coast Nha Trang,,2026-10-06T15:00:00.000Z,2026-10-06T17:15:00.000Z,TWO_D,Phụ Đề,2D Phụ Đề,SCHEDULED,MOCK,2026-10-05T14:56:13.523Z
6393b4749469d503aadbbe5797d83355c5a01ad7,trai-buon-nguoi,name:galaxy-cine-gold-coast-nha-trang,Galaxy Cine+ Gold Coast Nha Trang,,2026-10-06T15:30:00.000Z,2026-10-06T17:45:00.000Z,TWO_D,Phụ Đề,2D Phụ Đề,SCHEDULED,MOCK,2026-10-05T14:56:13.523Z
922b0ff11c5b4d32ba5099aea85498ab03454e66,trai-buon-nguoi,name:galaxy-cine-gold-coast-nha-trang,Galaxy Cine+ Gold Coast Nha Trang,,2026-10-06T16:00:00.000Z,2026-10-06T18:15:00.000Z,TWO_D,Phụ Đề,2D Phụ Đề,SCHEDULED,MOCK,2026-10-05T14:56:13.523Z
3764139cdc4639d2e48d4757f01975a61f886fa5,trai-buon-nguoi,name:galaxy-cine-gold-coast-nha-trang,Galaxy Cine+ Gold Coast Nha Trang,,2026-10-06T16:30:00.000Z,2026-10-06T18:45:00.000Z,TWO_D,Phụ Đề,2D Phụ Đề,SCHEDULED,MOCK,2026-10-05T14:56:13.523Z
82025ee5825075d2efd53fcabdaed53848212e6b,trai-buon-nguoi,galaxy-parc-mall-q8,Galaxy Cine+ Parc Mall,,2026-10-06T02:00:00.000Z,2026-10-06T04:15:00.000Z,TWO_D,Phụ Đề,2D Phụ Đề,SCHEDULED,MOCK,2026-10-05T14:56:13.523Z
ec89f8ef83608592d68eb9c0fd7936dafeb84640,trai-buon-nguoi,galaxy-parc-mall-q8,Galaxy Cine+ Parc Mall,,2026-10-06T02:45:00.000Z,2026-10-06T05:00:00.000Z,TWO_D,Phụ Đề,2D Phụ Đề,SCHEDULED,MOCK,2026-10-05T14:56:13.523Z
5c677ca491b6ae34486b712b379a2b9731efac78,trai-buon-nguoi,galaxy-parc-mall-q8,Galaxy Cine+ Parc Mall,,2026-10-06T03:30:00.000Z,2026-10-06T05:45:00.000Z,TWO_D,Phụ Đề,2D Phụ Đề,SCHEDULED,MOCK,2026-10-05T14:56:13.523Z
e380709e0dd8d6d8b8a5bbd1becc5ce1af08f9b4,trai-buon-nguoi,galaxy-parc-mall-q8,Galaxy Cine+ Parc Mall,,2026-10-06T04:00:00.000Z,2026-10-06T06:15:00.000Z,TWO_D,Phụ Đề,2D Phụ Đề,SCHEDULED,MOCK,2026-10-05T14:56:13.523Z
469e8eed7c7993754eaa0a05f61968d73cbace75,trai-buon-nguoi,galaxy-parc-mall-q8,Galaxy Cine+ Parc Mall,,2026-10-06T04:30:00.000Z,2026-10-06T06:45:00.000Z,TWO_D,Phụ Đề,2D Phụ Đề,SCHEDULED,MOCK,2026-10-05T14:56:13.523Z
7ef0702026c2f3a27fbff464226ec29e92c9a799,trai-buon-nguoi,galaxy-parc-mall-q8,Galaxy Cine+ Parc Mall,,2026-10-06T05:00:00.000Z,2026-10-06T07:15:00.000Z,TWO_D,Phụ Đề,2D Phụ Đề,SCHEDULED,MOCK,2026-10-05T14:56:13.523Z
3c9d2dde3ad8b9d0a7123cdf0d20aa96f7c3e572,trai-buon-nguoi,galaxy-parc-mall-q8,Galaxy Cine+ Parc Mall,,2026-10-06T05:30:00.000Z,2026-10-06T07:45:00.000Z,TWO_D,Phụ Đề,2D Phụ Đề,SCHEDULED,MOCK,2026-10-05T14:56:13.523Z
6d52d304f6d5392619212af773e688605c706463,trai-buon-nguoi,galaxy-parc-mall-q8,Galaxy Cine+ Parc Mall,,2026-10-06T06:00:00.000Z,2026-10-06T08:15:00.000Z,TWO_D,Phụ Đề,2D Phụ Đề,SCHEDULED,MOCK,2026-10-05T14:56:13.523Z
828ed5aaa974f7c6a8c86e603abdcca3440c3d88,trai-buon-nguoi,galaxy-parc-mall-q8,Galaxy Cine+ Parc Mall,,2026-10-06T06:30:00.000Z,2026-10-06T08:45:00.000Z,TWO_D,Phụ Đề,2D Phụ Đề,SCHEDULED,MOCK,2026-10-05T14:56:13.523Z
310e10d9c423b26a15166031e489d64ecde6409b,trai-buon-nguoi,galaxy-parc-mall-q8,Galaxy Cine+ Parc Mall,,2026-10-06T07:00:00.000Z,2026-10-06T09:15:00.000Z,TWO_D,Phụ Đề,2D Phụ Đề,SCHEDULED,MOCK,2026-10-05T14:56:13.523Z
8b84d3c6be02a7ae1074dc3d4e6e819133d6a499,trai-buon-nguoi,galaxy-parc-mall-q8,Galaxy Cine+ Parc Mall,,2026-10-06T07:30:00.000Z,2026-10-06T09:45:00.000Z,TWO_D,Phụ Đề,2D Phụ Đề,SCHEDULED,MOCK,2026-10-05T14:56:13.523Z
55e03b61214e2dc6f54ae521aa93ebbc8af8041a,trai-buon-nguoi,galaxy-parc-mall-q8,Galaxy Cine+ Parc Mall,,2026-10-06T08:00:00.000Z,2026-10-06T10:15:00.000Z,TWO_D,Phụ Đề,2D Phụ Đề,SCHEDULED,MOCK,2026-10-05T14:56:13.523Z
af0ffec6c927c1f7a95c784ee7dacc3db2b90dd8,trai-buon-nguoi,galaxy-parc-mall-q8,Galaxy Cine+ Parc Mall,,2026-10-06T08:30:00.000Z,2026-10-06T10:45:00.000Z,TWO_D,Phụ Đề,2D Phụ Đề,SCHEDULED,MOCK,2026-10-05T14:56:13.523Z
aaf6104e94e616b1172fe14aa0a1770ea8c2bc9e,trai-buon-nguoi,galaxy-parc-mall-q8,Galaxy Cine+ Parc Mall,,2026-10-06T09:00:00.000Z,2026-10-06T11:15:00.000Z,TWO_D,Phụ Đề,2D Phụ Đề,SCHEDULED,MOCK,2026-10-05T14:56:13.523Z
e5e9ecc30b26ca6d99036cfdf4e23b8b8d54518f,trai-buon-nguoi,galaxy-parc-mall-q8,Galaxy Cine+ Parc Mall,,2026-10-06T09:30:00.000Z,2026-10-06T11:45:00.000Z,TWO_D,Phụ Đề,2D Phụ Đề,SCHEDULED,MOCK,2026-10-05T14:56:13.523Z
fe0d098cdff29df641d88aae58982e14597a525b,trai-buon-nguoi,galaxy-parc-mall-q8,Galaxy Cine+ Parc Mall,,2026-10-06T10:00:00.000Z,2026-10-06T12:15:00.000Z,TWO_D,Phụ Đề,2D Phụ Đề,SCHEDULED,MOCK,2026-10-05T14:56:13.523Z
816b6b15bd4efd463a1bfd73f518150dd422c7a2,trai-buon-nguoi,galaxy-parc-mall-q8,Galaxy Cine+ Parc Mall,,2026-10-06T10:30:00.000Z,2026-10-06T12:45:00.000Z,TWO_D,Phụ Đề,2D Phụ Đề,SCHEDULED,MOCK,2026-10-05T14:56:13.523Z
66d4c4ebc41062fa036e9a4aeeeee3f237199d6d,trai-buon-nguoi,galaxy-parc-mall-q8,Galaxy Cine+ Parc Mall,,2026-10-06T11:00:00.000Z,2026-10-06T13:15:00.000Z,TWO_D,Phụ Đề,2D Phụ Đề,SCHEDULED,MOCK,2026-10-05T14:56:13.523Z
76585a41149d28884eff24e52e3e299daeedc368,trai-buon-nguoi,galaxy-parc-mall-q8,Galaxy Cine+ Parc Mall,,2026-10-06T11:30:00.000Z,2026-10-06T13:45:00.000Z,TWO_D,Phụ Đề,2D Phụ Đề,SCHEDULED,MOCK,2026-10-05T14:56:13.523Z
8e8e00929dc8a5cbdef0ba3520faba9abd3a75da,trai-buon-nguoi,galaxy-parc-mall-q8,Galaxy Cine+ Parc Mall,,2026-10-06T12:00:00.000Z,2026-10-06T14:15:00.000Z,TWO_D,Phụ Đề,2D Phụ Đề,SCHEDULED,MOCK,2026-10-05T14:56:13.523Z
f76b260430824c1bbb1b701c4e8ba6fbe7289c97,trai-buon-nguoi,galaxy-parc-mall-q8,Galaxy Cine+ Parc Mall,,2026-10-06T12:30:00.000Z,2026-10-06T14:45:00.000Z,TWO_D,Phụ Đề,2D Phụ Đề,SCHEDULED,MOCK,2026-10-05T14:56:13.524Z
3f9d29c27c22ae804c1344c58d1df0f3a40340d3,trai-buon-nguoi,galaxy-parc-mall-q8,Galaxy Cine+ Parc Mall,,2026-10-06T12:45:00.000Z,2026-10-06T15:00:00.000Z,TWO_D,Phụ Đề,2D Phụ Đề,SCHEDULED,MOCK,2026-10-05T14:56:13.524Z
8f9c37c031c50f66393b6b644c4f23f96c454011,trai-buon-nguoi,galaxy-parc-mall-q8,Galaxy Cine+ Parc Mall,,2026-10-06T13:00:00.000Z,2026-10-06T15:15:00.000Z,TWO_D,Phụ Đề,2D Phụ Đề,SCHEDULED,MOCK,2026-10-05T14:56:13.524Z
f6dead55ca4745ab83e217da4623bf1afe0333b9,trai-buon-nguoi,galaxy-parc-mall-q8,Galaxy Cine+ Parc Mall,,2026-10-06T13:30:00.000Z,2026-10-06T15:45:00.000Z,TWO_D,Phụ Đề,2D Phụ Đề,SCHEDULED,MOCK,2026-10-05T14:56:13.524Z
c6eed2a8035a503c0ad75d05c817af56a23ea55e,trai-buon-nguoi,galaxy-parc-mall-q8,Galaxy Cine+ Parc Mall,,2026-10-06T14:00:00.000Z,2026-10-06T16:15:00.000Z,TWO_D,Phụ Đề,2D Phụ Đề,SCHEDULED,MOCK,2026-10-05T14:56:13.524Z
7d05332dc4d3d66b9ae199f38e9eb946012c896e,trai-buon-nguoi,galaxy-parc-mall-q8,Galaxy Cine+ Parc Mall,,2026-10-06T14:30:00.000Z,2026-10-06T16:45:00.000Z,TWO_D,Phụ Đề,2D Phụ Đề,SCHEDULED,MOCK,2026-10-05T14:56:13.524Z
3442db25bea6da080adee669d6840a0698bcaf1b,trai-buon-nguoi,galaxy-parc-mall-q8,Galaxy Cine+ Parc Mall,,2026-10-06T15:00:00.000Z,2026-10-06T17:15:00.000Z,TWO_D,Phụ Đề,2D Phụ Đề,SCHEDULED,MOCK,2026-10-05T14:56:13.524Z
8154fe87ae7b6e6c6a2e34b407c70e474c1aa4ab,trai-buon-nguoi,galaxy-parc-mall-q8,Galaxy Cine+ Parc Mall,,2026-10-06T15:30:00.000Z,2026-10-06T17:45:00.000Z,TWO_D,Phụ Đề,2D Phụ Đề,SCHEDULED,MOCK,2026-10-05T14:56:13.524Z
ce2d4d5e2767b7dde076fd9a9c01da2faf996ce3,trai-buon-nguoi,galaxy-parc-mall-q8,Galaxy Cine+ Parc Mall,,2026-10-06T16:00:00.000Z,2026-10-06T18:15:00.000Z,TWO_D,Phụ Đề,2D Phụ Đề,SCHEDULED,MOCK,2026-10-05T14:56:13.524Z
ae45a4c5678c7d13f4a451e57fa86997fb317768,trai-buon-nguoi,galaxy-cine-thiso-phan-huy-ich,Galaxy Cine+ Thiso Mall Phan Huy Ích,,2026-10-06T03:15:00.000Z,2026-10-06T05:30:00.000Z,TWO_D,Phụ Đề,2D Phụ Đề,SCHEDULED,MOCK,2026-10-05T14:56:13.524Z
8a7611183a7bdb36c931373077e883c4fa94514e,trai-buon-nguoi,galaxy-cine-thiso-phan-huy-ich,Galaxy Cine+ Thiso Mall Phan Huy Ích,,2026-10-06T04:00:00.000Z,2026-10-06T06:15:00.000Z,TWO_D,Phụ Đề,2D Phụ Đề,SCHEDULED,MOCK,2026-10-05T14:56:13.524Z
395c9f1a8a252a125f8b63caf5182fd30bfa1c43,trai-buon-nguoi,galaxy-cine-thiso-phan-huy-ich,Galaxy Cine+ Thiso Mall Phan Huy Ích,,2026-10-06T04:30:00.000Z,2026-10-06T06:45:00.000Z,TWO_D,Phụ Đề,2D Phụ Đề,SCHEDULED,MOCK,2026-10-05T14:56:13.524Z
a8df712ef4a396fe42f1bd2a547599211a951730,trai-buon-nguoi,galaxy-cine-thiso-phan-huy-ich,Galaxy Cine+ Thiso Mall Phan Huy Ích,,2026-10-06T05:00:00.000Z,2026-10-06T07:15:00.000Z,TWO_D,Phụ Đề,2D Phụ Đề,SCHEDULED,MOCK,2026-10-05T14:56:13.524Z
1801612b35844491ad6ee5e92d622ba58d7a769d,trai-buon-nguoi,galaxy-cine-thiso-phan-huy-ich,Galaxy Cine+ Thiso Mall Phan Huy Ích,,2026-10-06T05:45:00.000Z,2026-10-06T08:00:00.000Z,TWO_D,Phụ Đề,2D Phụ Đề,SCHEDULED,MOCK,2026-10-05T14:56:13.524Z
1e52116cfb6646ea91fe93e71d6d7d9a30739f34,trai-buon-nguoi,galaxy-cine-thiso-phan-huy-ich,Galaxy Cine+ Thiso Mall Phan Huy Ích,,2026-10-06T06:30:00.000Z,2026-10-06T08:45:00.000Z,TWO_D,Phụ Đề,2D Phụ Đề,SCHEDULED,MOCK,2026-10-05T14:56:13.524Z
49960a554672387ee8a53e4b7b19387d53c5e376,trai-buon-nguoi,galaxy-cine-thiso-phan-huy-ich,Galaxy Cine+ Thiso Mall Phan Huy Ích,,2026-10-06T07:00:00.000Z,2026-10-06T09:15:00.000Z,TWO_D,Phụ Đề,2D Phụ Đề,SCHEDULED,MOCK,2026-10-05T14:56:13.524Z
3b126b42ef7cba9a9245e86dcd777a467eaae8b7,trai-buon-nguoi,galaxy-cine-thiso-phan-huy-ich,Galaxy Cine+ Thiso Mall Phan Huy Ích,,2026-10-06T07:30:00.000Z,2026-10-06T09:45:00.000Z,TWO_D,Phụ Đề,2D Phụ Đề,SCHEDULED,MOCK,2026-10-05T14:56:13.524Z
10e7d16d5419d0fcf74ceb88ee2c2ac09a278c18,trai-buon-nguoi,galaxy-cine-thiso-phan-huy-ich,Galaxy Cine+ Thiso Mall Phan Huy Ích,,2026-10-06T08:30:00.000Z,2026-10-06T10:45:00.000Z,TWO_D,Phụ Đề,2D Phụ Đề,SCHEDULED,MOCK,2026-10-05T14:56:13.524Z
64e479f20509c917359b12f419ca1468f9ce7975,trai-buon-nguoi,galaxy-cine-thiso-phan-huy-ich,Galaxy Cine+ Thiso Mall Phan Huy Ích,,2026-10-06T09:00:00.000Z,2026-10-06T11:15:00.000Z,TWO_D,Phụ Đề,2D Phụ Đề,SCHEDULED,MOCK,2026-10-05T14:56:13.524Z
dc920df5113ead0cf445558b4a4461b59fe708ae,trai-buon-nguoi,galaxy-cine-thiso-phan-huy-ich,Galaxy Cine+ Thiso Mall Phan Huy Ích,,2026-10-06T09:30:00.000Z,2026-10-06T11:45:00.000Z,TWO_D,Phụ Đề,2D Phụ Đề,SCHEDULED,MOCK,2026-10-05T14:56:13.524Z
6df524d231558b24de1bfba90e8b925763c6238f,trai-buon-nguoi,galaxy-cine-thiso-phan-huy-ich,Galaxy Cine+ Thiso Mall Phan Huy Ích,,2026-10-06T10:00:00.000Z,2026-10-06T12:15:00.000Z,TWO_D,Phụ Đề,2D Phụ Đề,SCHEDULED,MOCK,2026-10-05T14:56:13.524Z
38a9c344ddb12a167d3258e904bf028ee719350c,trai-buon-nguoi,galaxy-cine-thiso-phan-huy-ich,Galaxy Cine+ Thiso Mall Phan Huy Ích,,2026-10-06T11:00:00.000Z,2026-10-06T13:15:00.000Z,TWO_D,Phụ Đề,2D Phụ Đề,SCHEDULED,MOCK,2026-10-05T14:56:13.524Z
4a3b1a33ddf5beb91f17f2eb19f48697918d30f1,trai-buon-nguoi,galaxy-cine-thiso-phan-huy-ich,Galaxy Cine+ Thiso Mall Phan Huy Ích,,2026-10-06T11:30:00.000Z,2026-10-06T13:45:00.000Z,TWO_D,Phụ Đề,2D Phụ Đề,SCHEDULED,MOCK,2026-10-05T14:56:13.524Z
d261f1c6968468840dd0f50327fd7f61ac8b80ed,trai-buon-nguoi,galaxy-cine-thiso-phan-huy-ich,Galaxy Cine+ Thiso Mall Phan Huy Ích,,2026-10-06T12:00:00.000Z,2026-10-06T14:15:00.000Z,TWO_D,Phụ Đề,2D Phụ Đề,SCHEDULED,MOCK,2026-10-05T14:56:13.524Z
35814b9a2f1183bc34471ae41dc3316ccc2d2818,trai-buon-nguoi,galaxy-cine-thiso-phan-huy-ich,Galaxy Cine+ Thiso Mall Phan Huy Ích,,2026-10-06T12:30:00.000Z,2026-10-06T14:45:00.000Z,TWO_D,Phụ Đề,2D Phụ Đề,SCHEDULED,MOCK,2026-10-05T14:56:13.524Z
416dfa0d3cd10a14e76782fc6d304b6cf59abda7,trai-buon-nguoi,galaxy-cine-thiso-phan-huy-ich,Galaxy Cine+ Thiso Mall Phan Huy Ích,,2026-10-06T13:30:00.000Z,2026-10-06T15:45:00.000Z,TWO_D,Phụ Đề,2D Phụ Đề,SCHEDULED,MOCK,2026-10-05T14:56:13.524Z
9cd63a4094022b66b031285e32ff26be2257554f,trai-buon-nguoi,galaxy-cine-thiso-phan-huy-ich,Galaxy Cine+ Thiso Mall Phan Huy Ích,,2026-10-06T14:00:00.000Z,2026-10-06T16:15:00.000Z,TWO_D,Phụ Đề,2D Phụ Đề,SCHEDULED,MOCK,2026-10-05T14:56:13.524Z
590598224efa7bed4376c487f6d9a99a99d033b7,trai-buon-nguoi,galaxy-cine-thiso-phan-huy-ich,Galaxy Cine+ Thiso Mall Phan Huy Ích,,2026-10-06T14:30:00.000Z,2026-10-06T16:45:00.000Z,TWO_D,Phụ Đề,2D Phụ Đề,SCHEDULED,MOCK,2026-10-05T14:56:13.524Z
59a8ae28995a9a98360eb50e6c574251c3160944,trai-buon-nguoi,galaxy-cine-thiso-phan-huy-ich,Galaxy Cine+ Thiso Mall Phan Huy Ích,,2026-10-06T15:00:00.000Z,2026-10-06T17:15:00.000Z,TWO_D,Phụ Đề,2D Phụ Đề,SCHEDULED,MOCK,2026-10-05T14:56:13.524Z
536adb2286c91837a8a712391dcc171b911ce96e,trai-buon-nguoi,galaxy-cine-thiso-phan-huy-ich,Galaxy Cine+ Thiso Mall Phan Huy Ích,,2026-10-06T15:30:00.000Z,2026-10-06T17:45:00.000Z,TWO_D,Phụ Đề,2D Phụ Đề,SCHEDULED,MOCK,2026-10-05T14:56:13.524Z
06e426f1123c8cf268fa11c1ec163303ae3938f9,trai-buon-nguoi,name:galaxy-cine-vincom-vinh,Galaxy Cine+ Vincom Vinh,,2026-10-06T02:00:00.000Z,2026-10-06T04:15:00.000Z,TWO_D,Phụ Đề,2D Phụ Đề,SCHEDULED,MOCK,2026-10-05T14:56:13.524Z
2994c3d92088f4efa528bfb3b3ced3255d29f34f,trai-buon-nguoi,name:galaxy-cine-vincom-vinh,Galaxy Cine+ Vincom Vinh,,2026-10-06T02:30:00.000Z,2026-10-06T04:45:00.000Z,TWO_D,Phụ Đề,2D Phụ Đề,SCHEDULED,MOCK,2026-10-05T14:56:13.524Z
4c167a09e72656725fc5f317b5b394f402b6cffd,trai-buon-nguoi,name:galaxy-cine-vincom-vinh,Galaxy Cine+ Vincom Vinh,,2026-10-06T03:00:00.000Z,2026-10-06T05:15:00.000Z,TWO_D,Phụ Đề,2D Phụ Đề,SCHEDULED,MOCK,2026-10-05T14:56:13.524Z
d66bc5312e1978eca4d9de8db73f8b17637358d2,trai-buon-nguoi,name:galaxy-cine-vincom-vinh,Galaxy Cine+ Vincom Vinh,,2026-10-06T03:30:00.000Z,2026-10-06T05:45:00.000Z,TWO_D,Phụ Đề,2D Phụ Đề,SCHEDULED,MOCK,2026-10-05T14:56:13.524Z
165f93fe528532e7e1530187ddfee5191ace2ebc,trai-buon-nguoi,name:galaxy-cine-vincom-vinh,Galaxy Cine+ Vincom Vinh,,2026-10-06T04:30:00.000Z,2026-10-06T06:45:00.000Z,TWO_D,Phụ Đề,2D Phụ Đề,SCHEDULED,MOCK,2026-10-05T14:56:13.524Z
2fe3fb61ae91beb1ff66bb16c049e060c8cd6cd9,trai-buon-nguoi,name:galaxy-cine-vincom-vinh,Galaxy Cine+ Vincom Vinh,,2026-10-06T05:00:00.000Z,2026-10-06T07:15:00.000Z,TWO_D,Phụ Đề,2D Phụ Đề,SCHEDULED,MOCK,2026-10-05T14:56:13.524Z
12c100ab071b2a54be50f66b72ab5700b79f4267,trai-buon-nguoi,name:galaxy-cine-vincom-vinh,Galaxy Cine+ Vincom Vinh,,2026-10-06T05:30:00.000Z,2026-10-06T07:45:00.000Z,TWO_D,Phụ Đề,2D Phụ Đề,SCHEDULED,MOCK,2026-10-05T14:56:13.524Z
7aea7e368a9336687eaffadf5045c3497a583cf7,trai-buon-nguoi,name:galaxy-cine-vincom-vinh,Galaxy Cine+ Vincom Vinh,,2026-10-06T06:15:00.000Z,2026-10-06T08:30:00.000Z,TWO_D,Phụ Đề,2D Phụ Đề,SCHEDULED,MOCK,2026-10-05T14:56:13.524Z
5c84838692104a6ca7b56a06d810ca174eb6ae7a,trai-buon-nguoi,name:galaxy-cine-vincom-vinh,Galaxy Cine+ Vincom Vinh,,2026-10-06T07:00:00.000Z,2026-10-06T09:15:00.000Z,TWO_D,Phụ Đề,2D Phụ Đề,SCHEDULED,MOCK,2026-10-05T14:56:13.524Z
c5f40eb5ecdc41b6204f527032cfbdc1acefdb4a,trai-buon-nguoi,name:galaxy-cine-vincom-vinh,Galaxy Cine+ Vincom Vinh,,2026-10-06T07:30:00.000Z,2026-10-06T09:45:00.000Z,TWO_D,Phụ Đề,2D Phụ Đề,SCHEDULED,MOCK,2026-10-05T14:56:13.524Z
d2fceb1662d1a9c7ab4f88c69a50dbeb6d6194b3,trai-buon-nguoi,name:galaxy-cine-vincom-vinh,Galaxy Cine+ Vincom Vinh,,2026-10-06T08:00:00.000Z,2026-10-06T10:15:00.000Z,TWO_D,Phụ Đề,2D Phụ Đề,SCHEDULED,MOCK,2026-10-05T14:56:13.524Z
3f4b1595e43dd3171a3e5338173ae3402c843190,trai-buon-nguoi,name:galaxy-cine-vincom-vinh,Galaxy Cine+ Vincom Vinh,,2026-10-06T08:45:00.000Z,2026-10-06T11:00:00.000Z,TWO_D,Phụ Đề,2D Phụ Đề,SCHEDULED,MOCK,2026-10-05T14:56:13.524Z
067c3b23b0c50ad5332cf368586a0bc4386b4f3b,trai-buon-nguoi,name:galaxy-cine-vincom-vinh,Galaxy Cine+ Vincom Vinh,,2026-10-06T09:30:00.000Z,2026-10-06T11:45:00.000Z,TWO_D,Phụ Đề,2D Phụ Đề,SCHEDULED,MOCK,2026-10-05T14:56:13.524Z
f22f0370a342216fe95e572db860df1f31b7211d,trai-buon-nguoi,name:galaxy-cine-vincom-vinh,Galaxy Cine+ Vincom Vinh,,2026-10-06T10:00:00.000Z,2026-10-06T12:15:00.000Z,TWO_D,Phụ Đề,2D Phụ Đề,SCHEDULED,MOCK,2026-10-05T14:56:13.524Z
38dabd94034d95b55b28b6ec20c759a5f18afcb4,trai-buon-nguoi,name:galaxy-cine-vincom-vinh,Galaxy Cine+ Vincom Vinh,,2026-10-06T10:30:00.000Z,2026-10-06T12:45:00.000Z,TWO_D,Phụ Đề,2D Phụ Đề,SCHEDULED,MOCK,2026-10-05T14:56:13.524Z
546aef38b5fc89a1af66afdf2d67513367a696bf,trai-buon-nguoi,name:galaxy-cine-vincom-vinh,Galaxy Cine+ Vincom Vinh,,2026-10-06T11:15:00.000Z,2026-10-06T13:30:00.000Z,TWO_D,Phụ Đề,2D Phụ Đề,SCHEDULED,MOCK,2026-10-05T14:56:13.524Z
e2df58d70db409663906f5082bb9b1bd06b5f675,trai-buon-nguoi,name:galaxy-cine-vincom-vinh,Galaxy Cine+ Vincom Vinh,,2026-10-06T12:00:00.000Z,2026-10-06T14:15:00.000Z,TWO_D,Phụ Đề,2D Phụ Đề,SCHEDULED,MOCK,2026-10-05T14:56:13.524Z
fbed3e75f71589dae51838c2a0fa88743eddbda9,trai-buon-nguoi,name:galaxy-cine-vincom-vinh,Galaxy Cine+ Vincom Vinh,,2026-10-06T12:45:00.000Z,2026-10-06T15:00:00.000Z,TWO_D,Phụ Đề,2D Phụ Đề,SCHEDULED,MOCK,2026-10-05T14:56:13.524Z
c1daaa9909638e86c67aebe3dc87778cc44197fe,trai-buon-nguoi,name:galaxy-cine-vincom-vinh,Galaxy Cine+ Vincom Vinh,,2026-10-06T13:15:00.000Z,2026-10-06T15:30:00.000Z,TWO_D,Phụ Đề,2D Phụ Đề,SCHEDULED,MOCK,2026-10-05T14:56:13.524Z
4e6d4a0492a33541efb1c319deeb86c950d1e71e,trai-buon-nguoi,name:galaxy-cine-vincom-vinh,Galaxy Cine+ Vincom Vinh,,2026-10-06T13:45:00.000Z,2026-10-06T16:00:00.000Z,TWO_D,Phụ Đề,2D Phụ Đề,SCHEDULED,MOCK,2026-10-05T14:56:13.524Z
5feaa2625f12fee4348ac6e1b3c55a5b27c7504b,trai-buon-nguoi,name:galaxy-cine-vincom-vinh,Galaxy Cine+ Vincom Vinh,,2026-10-06T14:30:00.000Z,2026-10-06T16:45:00.000Z,TWO_D,Phụ Đề,2D Phụ Đề,SCHEDULED,MOCK,2026-10-05T14:56:13.524Z
ad3322402ba0dfb8ad9d3ea6e194a30525e46181,trai-buon-nguoi,name:galaxy-cine-vincom-vinh,Galaxy Cine+ Vincom Vinh,,2026-10-06T15:15:00.000Z,2026-10-06T17:30:00.000Z,TWO_D,Phụ Đề,2D Phụ Đề,SCHEDULED,MOCK,2026-10-05T14:56:13.524Z
7a0353097efca46b9a21cac8570ab04d3afc4d6d,trai-buon-nguoi,name:galaxy-cine-vincom-vinh,Galaxy Cine+ Vincom Vinh,,2026-10-06T15:45:00.000Z,2026-10-06T18:00:00.000Z,TWO_D,Phụ Đề,2D Phụ Đề,SCHEDULED,MOCK,2026-10-05T14:56:13.524Z
903ad3f560418f8bedd8079b84a8f4a48f2fa50b,trai-buon-nguoi,name:galaxy-cine-vincom-vinh,Galaxy Cine+ Vincom Vinh,,2026-10-06T04:00:00.000Z,2026-10-06T06:15:00.000Z,TWO_D,Phụ Đề,2D Phụ Đề,SCHEDULED,MOCK,2026-10-05T14:56:13.525Z
cfd8733185eae8dc0b0ad5db20dc53a552350b5b,trai-buon-nguoi,name:galaxy-cine-vincom-vinh,Galaxy Cine+ Vincom Vinh,,2026-10-06T08:30:00.000Z,2026-10-06T10:45:00.000Z,TWO_D,Phụ Đề,2D Phụ Đề,SCHEDULED,MOCK,2026-10-05T14:56:13.525Z
91d5747bce0bbedecd96beb8b985c3e805a4c0da,trai-buon-nguoi,name:galaxy-cine-vincom-vinh,Galaxy Cine+ Vincom Vinh,,2026-10-06T12:30:00.000Z,2026-10-06T14:45:00.000Z,TWO_D,Phụ Đề,2D Phụ Đề,SCHEDULED,MOCK,2026-10-05T14:56:13.525Z
8c03d82357315315f13aeb3dd89f9862b4d1c78d,trai-buon-nguoi,name:galaxy-cine-vincom-vinh,Galaxy Cine+ Vincom Vinh,,2026-10-06T15:00:00.000Z,2026-10-06T17:15:00.000Z,TWO_D,Phụ Đề,2D Phụ Đề,SCHEDULED,MOCK,2026-10-05T14:56:13.525Z
affbffffe176144a294aeaaa7119fcae192c7dd4,trai-buon-nguoi,galaxy-kinh-duong-vuong,Galaxy Cinema Kinh Dương Vương,,2026-10-06T02:00:00.000Z,2026-10-06T04:15:00.000Z,TWO_D,Phụ Đề,2D Phụ Đề,SCHEDULED,MOCK,2026-10-05T14:56:13.525Z
3032ca74ab4c3e3b61298695a76737878e26b5cf,trai-buon-nguoi,galaxy-kinh-duong-vuong,Galaxy Cinema Kinh Dương Vương,,2026-10-06T02:30:00.000Z,2026-10-06T04:45:00.000Z,TWO_D,Phụ Đề,2D Phụ Đề,SCHEDULED,MOCK,2026-10-05T14:56:13.525Z
b4ab07ac6e3550862d763c6b691d1cd233c0c646,trai-buon-nguoi,galaxy-kinh-duong-vuong,Galaxy Cinema Kinh Dương Vương,,2026-10-06T03:00:00.000Z,2026-10-06T05:15:00.000Z,TWO_D,Phụ Đề,2D Phụ Đề,SCHEDULED,MOCK,2026-10-05T14:56:13.525Z
010657fbb0e696938d9d3d91bd0d62308c633777,trai-buon-nguoi,galaxy-kinh-duong-vuong,Galaxy Cinema Kinh Dương Vương,,2026-10-06T03:30:00.000Z,2026-10-06T05:45:00.000Z,TWO_D,Phụ Đề,2D Phụ Đề,SCHEDULED,MOCK,2026-10-05T14:56:13.525Z
dd9c11ea792c03b9a10071d77f8d79e1970106a9,trai-buon-nguoi,galaxy-kinh-duong-vuong,Galaxy Cinema Kinh Dương Vương,,2026-10-06T04:00:00.000Z,2026-10-06T06:15:00.000Z,TWO_D,Phụ Đề,2D Phụ Đề,SCHEDULED,MOCK,2026-10-05T14:56:13.525Z
f18928da54c9ed468c79ebdbe6567650424bfbfa,trai-buon-nguoi,galaxy-kinh-duong-vuong,Galaxy Cinema Kinh Dương Vương,,2026-10-06T04:30:00.000Z,2026-10-06T06:45:00.000Z,TWO_D,Phụ Đề,2D Phụ Đề,SCHEDULED,MOCK,2026-10-05T14:56:13.525Z
b29db4b33605aa58c329dfbe46de8f402b6dc2e5,trai-buon-nguoi,galaxy-kinh-duong-vuong,Galaxy Cinema Kinh Dương Vương,,2026-10-06T05:00:00.000Z,2026-10-06T07:15:00.000Z,TWO_D,Phụ Đề,2D Phụ Đề,SCHEDULED,MOCK,2026-10-05T14:56:13.525Z
2b59218a3737d2900b75c3e278ec8d3d4a6898fa,trai-buon-nguoi,galaxy-kinh-duong-vuong,Galaxy Cinema Kinh Dương Vương,,2026-10-06T05:30:00.000Z,2026-10-06T07:45:00.000Z,TWO_D,Phụ Đề,2D Phụ Đề,SCHEDULED,MOCK,2026-10-05T14:56:13.525Z
a9d70cce6dc2e7d7012a9fd4934f57aa7c0a93c5,trai-buon-nguoi,galaxy-kinh-duong-vuong,Galaxy Cinema Kinh Dương Vương,,2026-10-06T06:00:00.000Z,2026-10-06T08:15:00.000Z,TWO_D,Phụ Đề,2D Phụ Đề,SCHEDULED,MOCK,2026-10-05T14:56:13.525Z
6a46fa9147b94c1e9cbdac94f0975021571fbdd6,trai-buon-nguoi,galaxy-kinh-duong-vuong,Galaxy Cinema Kinh Dương Vương,,2026-10-06T06:30:00.000Z,2026-10-06T08:45:00.000Z,TWO_D,Phụ Đề,2D Phụ Đề,SCHEDULED,MOCK,2026-10-05T14:56:13.525Z
d3f93d83df71601dbfc4a9900d0d44e89b898ea6,trai-buon-nguoi,galaxy-kinh-duong-vuong,Galaxy Cinema Kinh Dương Vương,,2026-10-06T07:00:00.000Z,2026-10-06T09:15:00.000Z,TWO_D,Phụ Đề,2D Phụ Đề,SCHEDULED,MOCK,2026-10-05T14:56:13.525Z
39aa30f065fca1e739b235e2339770e329a352e2,trai-buon-nguoi,galaxy-kinh-duong-vuong,Galaxy Cinema Kinh Dương Vương,,2026-10-06T07:30:00.000Z,2026-10-06T09:45:00.000Z,TWO_D,Phụ Đề,2D Phụ Đề,SCHEDULED,MOCK,2026-10-05T14:56:13.525Z
2a7b65d81fc9d0c64200c746c286884f4272a8fe,trai-buon-nguoi,galaxy-kinh-duong-vuong,Galaxy Cinema Kinh Dương Vương,,2026-10-06T08:00:00.000Z,2026-10-06T10:15:00.000Z,TWO_D,Phụ Đề,2D Phụ Đề,SCHEDULED,MOCK,2026-10-05T14:56:13.525Z
c28979837c6e32ac53bcfd6aeb512a79fb71a85b,trai-buon-nguoi,galaxy-kinh-duong-vuong,Galaxy Cinema Kinh Dương Vương,,2026-10-06T08:30:00.000Z,2026-10-06T10:45:00.000Z,TWO_D,Phụ Đề,2D Phụ Đề,SCHEDULED,MOCK,2026-10-05T14:56:13.525Z
53f6c2ac2222970aa4da2e7b0ccb9697ee90f76c,trai-buon-nguoi,galaxy-kinh-duong-vuong,Galaxy Cinema Kinh Dương Vương,,2026-10-06T09:00:00.000Z,2026-10-06T11:15:00.000Z,TWO_D,Phụ Đề,2D Phụ Đề,SCHEDULED,MOCK,2026-10-05T14:56:13.525Z
b66d1d7d69dd87231a967ea97783c5735bf1fa70,trai-buon-nguoi,galaxy-kinh-duong-vuong,Galaxy Cinema Kinh Dương Vương,,2026-10-06T09:30:00.000Z,2026-10-06T11:45:00.000Z,TWO_D,Phụ Đề,2D Phụ Đề,SCHEDULED,MOCK,2026-10-05T14:56:13.525Z
0feab61bc8ea1d4315b7b4ee6d6bdce002839459,trai-buon-nguoi,galaxy-kinh-duong-vuong,Galaxy Cinema Kinh Dương Vương,,2026-10-06T10:00:00.000Z,2026-10-06T12:15:00.000Z,TWO_D,Phụ Đề,2D Phụ Đề,SCHEDULED,MOCK,2026-10-05T14:56:13.525Z
333fbbc39f0fcd9fd615e14ac6bb64ffda5d859b,trai-buon-nguoi,galaxy-kinh-duong-vuong,Galaxy Cinema Kinh Dương Vương,,2026-10-06T10:30:00.000Z,2026-10-06T12:45:00.000Z,TWO_D,Phụ Đề,2D Phụ Đề,SCHEDULED,MOCK,2026-10-05T14:56:13.525Z
9e26afeeb90f3d134ec84fb17955ad189a1d7b9e,trai-buon-nguoi,galaxy-kinh-duong-vuong,Galaxy Cinema Kinh Dương Vương,,2026-10-06T11:00:00.000Z,2026-10-06T13:15:00.000Z,TWO_D,Phụ Đề,2D Phụ Đề,SCHEDULED,MOCK,2026-10-05T14:56:13.525Z
4533563f57a57ccb02edcc08165598155d321531,trai-buon-nguoi,galaxy-kinh-duong-vuong,Galaxy Cinema Kinh Dương Vương,,2026-10-06T11:15:00.000Z,2026-10-06T13:30:00.000Z,TWO_D,Phụ Đề,2D Phụ Đề,SCHEDULED,MOCK,2026-10-05T14:56:13.525Z
7d6449b16910d8c85f665076c66269a89df72455,trai-buon-nguoi,galaxy-kinh-duong-vuong,Galaxy Cinema Kinh Dương Vương,,2026-10-06T11:30:00.000Z,2026-10-06T13:45:00.000Z,TWO_D,Phụ Đề,2D Phụ Đề,SCHEDULED,MOCK,2026-10-05T14:56:13.525Z
9e5d0f404e40d95c0b64a379683ab5bb4db13f11,trai-buon-nguoi,galaxy-kinh-duong-vuong,Galaxy Cinema Kinh Dương Vương,,2026-10-06T12:00:00.000Z,2026-10-06T14:15:00.000Z,TWO_D,Phụ Đề,2D Phụ Đề,SCHEDULED,MOCK,2026-10-05T14:56:13.525Z
7a8462dffe78b40adaf3d106f0742c0418a0af70,trai-buon-nguoi,galaxy-kinh-duong-vuong,Galaxy Cinema Kinh Dương Vương,,2026-10-06T12:30:00.000Z,2026-10-06T14:45:00.000Z,TWO_D,Phụ Đề,2D Phụ Đề,SCHEDULED,MOCK,2026-10-05T14:56:13.525Z
5149898bb9530621e330ad38e1d03b09adbccd57,trai-buon-nguoi,galaxy-kinh-duong-vuong,Galaxy Cinema Kinh Dương Vương,,2026-10-06T13:00:00.000Z,2026-10-06T15:15:00.000Z,TWO_D,Phụ Đề,2D Phụ Đề,SCHEDULED,MOCK,2026-10-05T14:56:13.525Z
c353524dcc04ca39321c223b8b6cef1b91e7de76,trai-buon-nguoi,galaxy-kinh-duong-vuong,Galaxy Cinema Kinh Dương Vương,,2026-10-06T13:30:00.000Z,2026-10-06T15:45:00.000Z,TWO_D,Phụ Đề,2D Phụ Đề,SCHEDULED,MOCK,2026-10-05T14:56:13.525Z
c72a19a483621313ca0298ef56c804de8b7cafb1,trai-buon-nguoi,galaxy-kinh-duong-vuong,Galaxy Cinema Kinh Dương Vương,,2026-10-06T13:45:00.000Z,2026-10-06T16:00:00.000Z,TWO_D,Phụ Đề,2D Phụ Đề,SCHEDULED,MOCK,2026-10-05T14:56:13.525Z
37773c5e0b630d987e989523bbd345ab425c41ae,trai-buon-nguoi,galaxy-kinh-duong-vuong,Galaxy Cinema Kinh Dương Vương,,2026-10-06T14:00:00.000Z,2026-10-06T16:15:00.000Z,TWO_D,Phụ Đề,2D Phụ Đề,SCHEDULED,MOCK,2026-10-05T14:56:13.525Z
bbdb3bbb4547173a2d2653a466f6b82aa6d3bddd,trai-buon-nguoi,galaxy-kinh-duong-vuong,Galaxy Cinema Kinh Dương Vương,,2026-10-06T14:30:00.000Z,2026-10-06T16:45:00.000Z,TWO_D,Phụ Đề,2D Phụ Đề,SCHEDULED,MOCK,2026-10-05T14:56:13.525Z
b56cfeba381ed84ad723fbb1c5fcab50704e9d63,trai-buon-nguoi,galaxy-kinh-duong-vuong,Galaxy Cinema Kinh Dương Vương,,2026-10-06T15:00:00.000Z,2026-10-06T17:15:00.000Z,TWO_D,Phụ Đề,2D Phụ Đề,SCHEDULED,MOCK,2026-10-05T14:56:13.525Z
d3bc6e9c6529cb9c01a5010551852327a942cbf1,trai-buon-nguoi,galaxy-kinh-duong-vuong,Galaxy Cinema Kinh Dương Vương,,2026-10-06T15:30:00.000Z,2026-10-06T17:45:00.000Z,TWO_D,Phụ Đề,2D Phụ Đề,SCHEDULED,MOCK,2026-10-05T14:56:13.525Z
79cade25fdff463c3383e6be9318bafd9016d25d,trai-buon-nguoi,galaxy-kinh-duong-vuong,Galaxy Cinema Kinh Dương Vương,,2026-10-06T16:00:00.000Z,2026-10-06T18:15:00.000Z,TWO_D,Phụ Đề,2D Phụ Đề,SCHEDULED,MOCK,2026-10-05T14:56:13.525Z
e18bfb0f01e07b7dfafff47b49a1a2a72c40c1d4,trai-buon-nguoi,galaxy-kinh-duong-vuong,Galaxy Cinema Kinh Dương Vương,,2026-10-06T16:30:00.000Z,2026-10-06T18:45:00.000Z,TWO_D,Phụ Đề,2D Phụ Đề,SCHEDULED,MOCK,2026-10-05T14:56:13.525Z
3f06a5fc616e7a87d9aed0ea1fc059c4e854e87a,trai-buon-nguoi,galaxy-tan-binh,Galaxy Cinema Tân Bình,,2026-10-06T02:00:00.000Z,2026-10-06T04:15:00.000Z,TWO_D,Phụ Đề,2D Phụ Đề,SCHEDULED,MOCK,2026-10-05T14:56:13.525Z
bc3467ef2098d66e974e2989385d4954d393c823,trai-buon-nguoi,galaxy-tan-binh,Galaxy Cinema Tân Bình,,2026-10-06T02:30:00.000Z,2026-10-06T04:45:00.000Z,TWO_D,Phụ Đề,2D Phụ Đề,SCHEDULED,MOCK,2026-10-05T14:56:13.525Z
98005fd765ae2e15956b3b8e13e25f7997c42e62,trai-buon-nguoi,galaxy-tan-binh,Galaxy Cinema Tân Bình,,2026-10-06T03:00:00.000Z,2026-10-06T05:15:00.000Z,TWO_D,Phụ Đề,2D Phụ Đề,SCHEDULED,MOCK,2026-10-05T14:56:13.525Z
19a6c0e8201cb3e2c35ca91b9ab65803be8b611e,trai-buon-nguoi,galaxy-tan-binh,Galaxy Cinema Tân Bình,,2026-10-06T03:45:00.000Z,2026-10-06T06:00:00.000Z,TWO_D,Phụ Đề,2D Phụ Đề,SCHEDULED,MOCK,2026-10-05T14:56:13.526Z
77ac87f4e6d146a2e662d40e4bb8eb9311784f5d,trai-buon-nguoi,galaxy-tan-binh,Galaxy Cinema Tân Bình,,2026-10-06T04:30:00.000Z,2026-10-06T06:45:00.000Z,TWO_D,Phụ Đề,2D Phụ Đề,SCHEDULED,MOCK,2026-10-05T14:56:13.526Z
cd3022fa27c9bee4ddd9e460248e82032cc570a5,trai-buon-nguoi,galaxy-tan-binh,Galaxy Cinema Tân Bình,,2026-10-06T05:00:00.000Z,2026-10-06T07:15:00.000Z,TWO_D,Phụ Đề,2D Phụ Đề,SCHEDULED,MOCK,2026-10-05T14:56:13.526Z
32307869224bf28b00dd70a436e3430fc3098760,trai-buon-nguoi,galaxy-tan-binh,Galaxy Cinema Tân Bình,,2026-10-06T05:30:00.000Z,2026-10-06T07:45:00.000Z,TWO_D,Phụ Đề,2D Phụ Đề,SCHEDULED,MOCK,2026-10-05T14:56:13.526Z
d648c3cc2cafe5dc97969b4722d1b6476eaf6309,trai-buon-nguoi,galaxy-tan-binh,Galaxy Cinema Tân Bình,,2026-10-06T06:15:00.000Z,2026-10-06T08:30:00.000Z,TWO_D,Phụ Đề,2D Phụ Đề,SCHEDULED,MOCK,2026-10-05T14:56:13.526Z
0f2e6a55f3a37a4b3cd830f39fce1aaeb294ec5b,trai-buon-nguoi,galaxy-tan-binh,Galaxy Cinema Tân Bình,,2026-10-06T07:00:00.000Z,2026-10-06T09:15:00.000Z,TWO_D,Phụ Đề,2D Phụ Đề,SCHEDULED,MOCK,2026-10-05T14:56:13.526Z
1c7d1fa632cad3a6d3981f4ce42854a15044ad15,trai-buon-nguoi,galaxy-tan-binh,Galaxy Cinema Tân Bình,,2026-10-06T07:30:00.000Z,2026-10-06T09:45:00.000Z,TWO_D,Phụ Đề,2D Phụ Đề,SCHEDULED,MOCK,2026-10-05T14:56:13.526Z
0b4c2ff5b9b0e3fe167915d0cd21aec99207ae81,trai-buon-nguoi,galaxy-tan-binh,Galaxy Cinema Tân Bình,,2026-10-06T08:00:00.000Z,2026-10-06T10:15:00.000Z,TWO_D,Phụ Đề,2D Phụ Đề,SCHEDULED,MOCK,2026-10-05T14:56:13.526Z
5ce37a99f0f481960abc117657a9d8927b4ada35,trai-buon-nguoi,galaxy-tan-binh,Galaxy Cinema Tân Bình,,2026-10-06T08:45:00.000Z,2026-10-06T11:00:00.000Z,TWO_D,Phụ Đề,2D Phụ Đề,SCHEDULED,MOCK,2026-10-05T14:56:13.526Z
21b9f1387f22b864847642f83989bd1674d1a6fc,trai-buon-nguoi,galaxy-tan-binh,Galaxy Cinema Tân Bình,,2026-10-06T09:30:00.000Z,2026-10-06T11:45:00.000Z,TWO_D,Phụ Đề,2D Phụ Đề,SCHEDULED,MOCK,2026-10-05T14:56:13.526Z
5aaeb15b119a8a3163d34cad30a83831065c30e4,trai-buon-nguoi,galaxy-tan-binh,Galaxy Cinema Tân Bình,,2026-10-06T10:00:00.000Z,2026-10-06T12:15:00.000Z,TWO_D,Phụ Đề,2D Phụ Đề,SCHEDULED,MOCK,2026-10-05T14:56:13.526Z
f6d51addc8cd9eb35bfad2204cc0f5ff621595d7,trai-buon-nguoi,galaxy-tan-binh,Galaxy Cinema Tân Bình,,2026-10-06T10:30:00.000Z,2026-10-06T12:45:00.000Z,TWO_D,Phụ Đề,2D Phụ Đề,SCHEDULED,MOCK,2026-10-05T14:56:13.526Z
cce9184d3f806a7648e3285f7c1efd0db6f6c4c4,trai-buon-nguoi,galaxy-tan-binh,Galaxy Cinema Tân Bình,,2026-10-06T11:15:00.000Z,2026-10-06T13:30:00.000Z,TWO_D,Phụ Đề,2D Phụ Đề,SCHEDULED,MOCK,2026-10-05T14:56:13.526Z
835afdfac6132be0847fe73c8c369897e3391a21,trai-buon-nguoi,galaxy-tan-binh,Galaxy Cinema Tân Bình,,2026-10-06T11:30:00.000Z,2026-10-06T13:45:00.000Z,TWO_D,Phụ Đề,2D Phụ Đề,SCHEDULED,MOCK,2026-10-05T14:56:13.526Z
7966b23da2db6e0ab9a77fc828d90d97a2951c89,trai-buon-nguoi,galaxy-tan-binh,Galaxy Cinema Tân Bình,,2026-10-06T12:00:00.000Z,2026-10-06T14:15:00.000Z,TWO_D,Phụ Đề,2D Phụ Đề,SCHEDULED,MOCK,2026-10-05T14:56:13.526Z
16a256a26cf2919bef768b842031cce1e30bf4c7,trai-buon-nguoi,galaxy-tan-binh,Galaxy Cinema Tân Bình,,2026-10-06T12:30:00.000Z,2026-10-06T14:45:00.000Z,TWO_D,Phụ Đề,2D Phụ Đề,SCHEDULED,MOCK,2026-10-05T14:56:13.526Z
d4e3d3af69111c3241e40d5db10b27993a74c1e8,trai-buon-nguoi,galaxy-tan-binh,Galaxy Cinema Tân Bình,,2026-10-06T13:00:00.000Z,2026-10-06T15:15:00.000Z,TWO_D,Phụ Đề,2D Phụ Đề,SCHEDULED,MOCK,2026-10-05T14:56:13.526Z
f2a0c25cf52d39fdc1a0a89ca15f99f873100753,trai-buon-nguoi,galaxy-tan-binh,Galaxy Cinema Tân Bình,,2026-10-06T13:45:00.000Z,2026-10-06T16:00:00.000Z,TWO_D,Phụ Đề,2D Phụ Đề,SCHEDULED,MOCK,2026-10-05T14:56:13.526Z
c196f9b9282ebe7fc378428c67f66427bb83da6d,trai-buon-nguoi,galaxy-tan-binh,Galaxy Cinema Tân Bình,,2026-10-06T14:00:00.000Z,2026-10-06T16:15:00.000Z,TWO_D,Phụ Đề,2D Phụ Đề,SCHEDULED,MOCK,2026-10-05T14:56:13.526Z
d4df285a5be398af16b39a5128c2061e49ff3735,trai-buon-nguoi,galaxy-tan-binh,Galaxy Cinema Tân Bình,,2026-10-06T14:30:00.000Z,2026-10-06T16:45:00.000Z,TWO_D,Phụ Đề,2D Phụ Đề,SCHEDULED,MOCK,2026-10-05T14:56:13.526Z
40b1fd5f54ed18eee44b961a48e6d29272d89c6a,trai-buon-nguoi,galaxy-tan-binh,Galaxy Cinema Tân Bình,,2026-10-06T15:00:00.000Z,2026-10-06T17:15:00.000Z,TWO_D,Phụ Đề,2D Phụ Đề,SCHEDULED,MOCK,2026-10-05T14:56:13.526Z
506f43b586585aaee929f38d7172c24f9a5ea43a,trai-buon-nguoi,galaxy-tan-binh,Galaxy Cinema Tân Bình,,2026-10-06T15:30:00.000Z,2026-10-06T17:45:00.000Z,TWO_D,Phụ Đề,2D Phụ Đề,SCHEDULED,MOCK,2026-10-05T14:56:13.526Z
29a4a18f93ae87e14eb802efa5fe484bf35b61f4,trai-buon-nguoi,galaxy-tan-binh,Galaxy Cinema Tân Bình,,2026-10-06T16:15:00.000Z,2026-10-06T18:30:00.000Z,TWO_D,Phụ Đề,2D Phụ Đề,SCHEDULED,MOCK,2026-10-05T14:56:13.526Z
fa1f4893ee1c20a9139c492f328bc651d1f416fd,trai-buon-nguoi,galaxy-tan-binh,Galaxy Cinema Tân Bình,,2026-10-06T16:30:00.000Z,2026-10-06T18:45:00.000Z,TWO_D,Phụ Đề,2D Phụ Đề,SCHEDULED,MOCK,2026-10-05T14:56:13.526Z
094d6770bd9db225ec21fa4236f44f7196b58aec,trai-buon-nguoi,galaxy-trung-chanh,Galaxy Cinema Trung Chánh,,2026-10-06T02:00:00.000Z,2026-10-06T04:15:00.000Z,TWO_D,Phụ Đề,2D Phụ Đề,SCHEDULED,MOCK,2026-10-05T14:56:13.526Z
2fb402111a35f85e787d26f39564c20f98d6f583,trai-buon-nguoi,galaxy-trung-chanh,Galaxy Cinema Trung Chánh,,2026-10-06T03:15:00.000Z,2026-10-06T05:30:00.000Z,TWO_D,Phụ Đề,2D Phụ Đề,SCHEDULED,MOCK,2026-10-05T14:56:13.526Z
ff49fadfb95bcc59de11866df78d525ba5570d39,trai-buon-nguoi,galaxy-trung-chanh,Galaxy Cinema Trung Chánh,,2026-10-06T04:00:00.000Z,2026-10-06T06:15:00.000Z,TWO_D,Phụ Đề,2D Phụ Đề,SCHEDULED,MOCK,2026-10-05T14:56:13.526Z
3c3ac149e98d7209a7aa9ae325bcdd301c3fd074,trai-buon-nguoi,galaxy-trung-chanh,Galaxy Cinema Trung Chánh,,2026-10-06T04:30:00.000Z,2026-10-06T06:45:00.000Z,TWO_D,Phụ Đề,2D Phụ Đề,SCHEDULED,MOCK,2026-10-05T14:56:13.526Z
9e8a798018e86126a7c50cf917d3451ecce9fbcc,trai-buon-nguoi,galaxy-trung-chanh,Galaxy Cinema Trung Chánh,,2026-10-06T05:00:00.000Z,2026-10-06T07:15:00.000Z,TWO_D,Phụ Đề,2D Phụ Đề,SCHEDULED,MOCK,2026-10-05T14:56:13.526Z
ccf8c2c73f92cfbe9d7a255f12305c54bbc7c1f2,trai-buon-nguoi,galaxy-trung-chanh,Galaxy Cinema Trung Chánh,,2026-10-06T05:30:00.000Z,2026-10-06T07:45:00.000Z,TWO_D,Phụ Đề,2D Phụ Đề,SCHEDULED,MOCK,2026-10-05T14:56:13.526Z
fa1fcfa91c9f3b4c465271a0c680c27636ffd80c,trai-buon-nguoi,galaxy-trung-chanh,Galaxy Cinema Trung Chánh,,2026-10-06T05:50:00.000Z,2026-10-06T08:05:00.000Z,TWO_D,Phụ Đề,2D Phụ Đề,SCHEDULED,MOCK,2026-10-05T14:56:13.526Z
f9fe04c8517eff7282a277e23287511e0dc3830a,trai-buon-nguoi,galaxy-trung-chanh,Galaxy Cinema Trung Chánh,,2026-10-06T06:15:00.000Z,2026-10-06T08:30:00.000Z,TWO_D,Phụ Đề,2D Phụ Đề,SCHEDULED,MOCK,2026-10-05T14:56:13.526Z
f2775fd1b1aceaee0bab7de29aa22bff4c6a22b9,trai-buon-nguoi,galaxy-trung-chanh,Galaxy Cinema Trung Chánh,,2026-10-06T06:30:00.000Z,2026-10-06T08:45:00.000Z,TWO_D,Phụ Đề,2D Phụ Đề,SCHEDULED,MOCK,2026-10-05T14:56:13.526Z
580a75159d4d8e3b4b6b540763adf22c7590f984,trai-buon-nguoi,galaxy-trung-chanh,Galaxy Cinema Trung Chánh,,2026-10-06T07:00:00.000Z,2026-10-06T09:15:00.000Z,TWO_D,Phụ Đề,2D Phụ Đề,SCHEDULED,MOCK,2026-10-05T14:56:13.526Z
d59de32aa543be4f2edbe31b7791ff1e6db9966a,trai-buon-nguoi,galaxy-trung-chanh,Galaxy Cinema Trung Chánh,,2026-10-06T07:30:00.000Z,2026-10-06T09:45:00.000Z,TWO_D,Phụ Đề,2D Phụ Đề,SCHEDULED,MOCK,2026-10-05T14:56:13.526Z
81419e5a282f2d8164d6fbcfadcc1f30ab274c4a,trai-buon-nguoi,galaxy-trung-chanh,Galaxy Cinema Trung Chánh,,2026-10-06T08:10:00.000Z,2026-10-06T10:25:00.000Z,TWO_D,Phụ Đề,2D Phụ Đề,SCHEDULED,MOCK,2026-10-05T14:56:13.526Z
5c9718d829b58f6dcad242f9480a364e7ba77352,trai-buon-nguoi,galaxy-trung-chanh,Galaxy Cinema Trung Chánh,,2026-10-06T08:30:00.000Z,2026-10-06T10:45:00.000Z,TWO_D,Phụ Đề,2D Phụ Đề,SCHEDULED,MOCK,2026-10-05T14:56:13.526Z
0a9d97728e066b612b5a4e952b2f8141446675bb,trai-buon-nguoi,galaxy-trung-chanh,Galaxy Cinema Trung Chánh,,2026-10-06T09:00:00.000Z,2026-10-06T11:15:00.000Z,TWO_D,Phụ Đề,2D Phụ Đề,SCHEDULED,MOCK,2026-10-05T14:56:13.526Z
0abb8189f00bac59aa64f57c698266474377a922,trai-buon-nguoi,galaxy-trung-chanh,Galaxy Cinema Trung Chánh,,2026-10-06T09:30:00.000Z,2026-10-06T11:45:00.000Z,TWO_D,Phụ Đề,2D Phụ Đề,SCHEDULED,MOCK,2026-10-05T14:56:13.526Z
154f85cd0e20587ff78c735e0b3eed197b8603a9,trai-buon-nguoi,galaxy-trung-chanh,Galaxy Cinema Trung Chánh,,2026-10-06T10:00:00.000Z,2026-10-06T12:15:00.000Z,TWO_D,Phụ Đề,2D Phụ Đề,SCHEDULED,MOCK,2026-10-05T14:56:13.526Z
fdbf73e27c3ab9ced1680b626751ea89ae80ec55,trai-buon-nguoi,galaxy-trung-chanh,Galaxy Cinema Trung Chánh,,2026-10-06T10:35:00.000Z,2026-10-06T12:50:00.000Z,TWO_D,Phụ Đề,2D Phụ Đề,SCHEDULED,MOCK,2026-10-05T14:56:13.526Z
c5c3ac6c935ad920827d2a7ad77a05a612522395,trai-buon-nguoi,galaxy-trung-chanh,Galaxy Cinema Trung Chánh,,2026-10-06T10:45:00.000Z,2026-10-06T13:00:00.000Z,TWO_D,Phụ Đề,2D Phụ Đề,SCHEDULED,MOCK,2026-10-05T14:56:13.526Z
bc132ccb9e5c08ea595f8249e28b4a24dfd0a72d,trai-buon-nguoi,galaxy-trung-chanh,Galaxy Cinema Trung Chánh,,2026-10-06T11:00:00.000Z,2026-10-06T13:15:00.000Z,TWO_D,Phụ Đề,2D Phụ Đề,SCHEDULED,MOCK,2026-10-05T14:56:13.526Z
6ae6ee6bfdd21048b916f6fafa43243a57b33f32,trai-buon-nguoi,galaxy-trung-chanh,Galaxy Cinema Trung Chánh,,2026-10-06T11:30:00.000Z,2026-10-06T13:45:00.000Z,TWO_D,Phụ Đề,2D Phụ Đề,SCHEDULED,MOCK,2026-10-05T14:56:13.526Z
4a15b6e6461a36a750c080ac13bb842925347fc0,trai-buon-nguoi,galaxy-trung-chanh,Galaxy Cinema Trung Chánh,,2026-10-06T12:00:00.000Z,2026-10-06T14:15:00.000Z,TWO_D,Phụ Đề,2D Phụ Đề,SCHEDULED,MOCK,2026-10-05T14:56:13.526Z
0bca4b2e0b99f7cc680a57822bcfb179da6be8f2,trai-buon-nguoi,galaxy-trung-chanh,Galaxy Cinema Trung Chánh,,2026-10-06T12:15:00.000Z,2026-10-06T14:30:00.000Z,TWO_D,Phụ Đề,2D Phụ Đề,SCHEDULED,MOCK,2026-10-05T14:56:13.526Z
da598b68ac18bb8ac83c24adce6711b2e6ae0f68,trai-buon-nguoi,galaxy-trung-chanh,Galaxy Cinema Trung Chánh,,2026-10-06T12:30:00.000Z,2026-10-06T14:45:00.000Z,TWO_D,Phụ Đề,2D Phụ Đề,SCHEDULED,MOCK,2026-10-05T14:56:13.526Z
57aa566eabe3f4432815070df502a6e49bc79516,trai-buon-nguoi,galaxy-trung-chanh,Galaxy Cinema Trung Chánh,,2026-10-06T13:00:00.000Z,2026-10-06T15:15:00.000Z,TWO_D,Phụ Đề,2D Phụ Đề,SCHEDULED,MOCK,2026-10-05T14:56:13.526Z
7ca7843daac75517701efff9da94a07c2ee23b5f,trai-buon-nguoi,galaxy-trung-chanh,Galaxy Cinema Trung Chánh,,2026-10-06T13:15:00.000Z,2026-10-06T15:30:00.000Z,TWO_D,Phụ Đề,2D Phụ Đề,SCHEDULED,MOCK,2026-10-05T14:56:13.526Z
75128c3155e76105b31814e20b6c34d5d29d91e7,trai-buon-nguoi,galaxy-trung-chanh,Galaxy Cinema Trung Chánh,,2026-10-06T13:30:00.000Z,2026-10-06T15:45:00.000Z,TWO_D,Phụ Đề,2D Phụ Đề,SCHEDULED,MOCK,2026-10-05T14:56:13.526Z
af36b2aad1a4e4e5cfcecb548be442ef65d5513e,trai-buon-nguoi,galaxy-trung-chanh,Galaxy Cinema Trung Chánh,,2026-10-06T14:00:00.000Z,2026-10-06T16:15:00.000Z,TWO_D,Phụ Đề,2D Phụ Đề,SCHEDULED,MOCK,2026-10-05T14:56:13.526Z
2ac1b11b007de08b17c3f50c0d2d0d2c8e9a84d9,trai-buon-nguoi,galaxy-trung-chanh,Galaxy Cinema Trung Chánh,,2026-10-06T14:30:00.000Z,2026-10-06T16:45:00.000Z,TWO_D,Phụ Đề,2D Phụ Đề,SCHEDULED,MOCK,2026-10-05T14:56:13.526Z
9abd1387e6f45fba52b099cb6c0816c2ff7d19e9,trai-buon-nguoi,galaxy-trung-chanh,Galaxy Cinema Trung Chánh,,2026-10-06T14:45:00.000Z,2026-10-06T17:00:00.000Z,TWO_D,Phụ Đề,2D Phụ Đề,SCHEDULED,MOCK,2026-10-05T14:56:13.526Z
91451fc11dd691a827c45cb09d4da8f53218885c,trai-buon-nguoi,galaxy-trung-chanh,Galaxy Cinema Trung Chánh,,2026-10-06T15:00:00.000Z,2026-10-06T17:15:00.000Z,TWO_D,Phụ Đề,2D Phụ Đề,SCHEDULED,MOCK,2026-10-05T14:56:13.526Z
c53a94a59c96ba30c63eccac04b95df73f990d8f,trai-buon-nguoi,galaxy-trung-chanh,Galaxy Cinema Trung Chánh,,2026-10-06T15:30:00.000Z,2026-10-06T17:45:00.000Z,TWO_D,Phụ Đề,2D Phụ Đề,SCHEDULED,MOCK,2026-10-05T14:56:13.526Z
d82218c2275b9e5ce8b1603eb9f75aed6df68732,trai-buon-nguoi,galaxy-trung-chanh,Galaxy Cinema Trung Chánh,,2026-10-06T15:45:00.000Z,2026-10-06T18:00:00.000Z,TWO_D,Phụ Đề,2D Phụ Đề,SCHEDULED,MOCK,2026-10-05T14:56:13.526Z
40ad768e3bb9ae5010cf57e61c98ec6a38121d63,trai-buon-nguoi,galaxy-trung-chanh,Galaxy Cinema Trung Chánh,,2026-10-06T16:00:00.000Z,2026-10-06T18:15:00.000Z,TWO_D,Phụ Đề,2D Phụ Đề,SCHEDULED,MOCK,2026-10-05T14:56:13.526Z
1d985aaab22dc1fbdc2bb7a45c1e05f846a08430,trai-buon-nguoi,galaxy-trung-chanh,Galaxy Cinema Trung Chánh,,2026-10-06T16:30:00.000Z,2026-10-06T18:45:00.000Z,TWO_D,Phụ Đề,2D Phụ Đề,SCHEDULED,MOCK,2026-10-05T14:56:13.526Z
e06f9eaaa1ecc7854fcffa037b9b5375a8195275,trai-buon-nguoi,galaxy-nguyen-van-qua,Galaxy Cinema Nguyễn Văn Quá,,2026-10-06T02:00:00.000Z,2026-10-06T04:15:00.000Z,TWO_D,Phụ Đề,2D Phụ Đề,SCHEDULED,MOCK,2026-10-05T14:56:13.526Z
dac5c61b86b1aed8ef308e62f1073dd4e06abe69,trai-buon-nguoi,galaxy-nguyen-van-qua,Galaxy Cinema Nguyễn Văn Quá,,2026-10-06T02:45:00.000Z,2026-10-06T05:00:00.000Z,TWO_D,Phụ Đề,2D Phụ Đề,SCHEDULED,MOCK,2026-10-05T14:56:13.526Z
a1fd9c4a8988a3beb91401a338ab728e1450538a,trai-buon-nguoi,galaxy-nguyen-van-qua,Galaxy Cinema Nguyễn Văn Quá,,2026-10-06T03:30:00.000Z,2026-10-06T05:45:00.000Z,TWO_D,Phụ Đề,2D Phụ Đề,SCHEDULED,MOCK,2026-10-05T14:56:13.526Z
f46a7207619a16114bb6a3db4693b8a10cf98b9e,trai-buon-nguoi,galaxy-nguyen-van-qua,Galaxy Cinema Nguyễn Văn Quá,,2026-10-06T04:00:00.000Z,2026-10-06T06:15:00.000Z,TWO_D,Phụ Đề,2D Phụ Đề,SCHEDULED,MOCK,2026-10-05T14:56:13.526Z
297907d58dc2bf6e195f200b080b8f9745fa8d92,trai-buon-nguoi,galaxy-nguyen-van-qua,Galaxy Cinema Nguyễn Văn Quá,,2026-10-06T04:30:00.000Z,2026-10-06T06:45:00.000Z,TWO_D,Phụ Đề,2D Phụ Đề,SCHEDULED,MOCK,2026-10-05T14:56:13.526Z
8f5cac22a9b013da2b48823aa6610396fbaa770b,trai-buon-nguoi,galaxy-nguyen-van-qua,Galaxy Cinema Nguyễn Văn Quá,,2026-10-06T05:15:00.000Z,2026-10-06T07:30:00.000Z,TWO_D,Phụ Đề,2D Phụ Đề,SCHEDULED,MOCK,2026-10-05T14:56:13.527Z
669d56655500f16a71810e92c8060037d35fe401,trai-buon-nguoi,galaxy-nguyen-van-qua,Galaxy Cinema Nguyễn Văn Quá,,2026-10-06T06:00:00.000Z,2026-10-06T08:15:00.000Z,TWO_D,Phụ Đề,2D Phụ Đề,SCHEDULED,MOCK,2026-10-05T14:56:13.527Z
ac4aef59bc988e9f8cc133d992707f3533a3c7d3,trai-buon-nguoi,galaxy-nguyen-van-qua,Galaxy Cinema Nguyễn Văn Quá,,2026-10-06T06:30:00.000Z,2026-10-06T08:45:00.000Z,TWO_D,Phụ Đề,2D Phụ Đề,SCHEDULED,MOCK,2026-10-05T14:56:13.527Z
d6321e3a783f5a98b71b97d1cb5da8a21fbb3ae1,trai-buon-nguoi,galaxy-nguyen-van-qua,Galaxy Cinema Nguyễn Văn Quá,,2026-10-06T07:00:00.000Z,2026-10-06T09:15:00.000Z,TWO_D,Phụ Đề,2D Phụ Đề,SCHEDULED,MOCK,2026-10-05T14:56:13.527Z
2dbc444dda098e6c4c53b2dcbb98667dff5d026a,trai-buon-nguoi,galaxy-nguyen-van-qua,Galaxy Cinema Nguyễn Văn Quá,,2026-10-06T07:15:00.000Z,2026-10-06T09:30:00.000Z,TWO_D,Phụ Đề,2D Phụ Đề,SCHEDULED,MOCK,2026-10-05T14:56:13.527Z
c922a3efb754ea3f3b42c9bf9241327a4563f1b5,trai-buon-nguoi,galaxy-nguyen-van-qua,Galaxy Cinema Nguyễn Văn Quá,,2026-10-06T07:45:00.000Z,2026-10-06T10:00:00.000Z,TWO_D,Phụ Đề,2D Phụ Đề,SCHEDULED,MOCK,2026-10-05T14:56:13.527Z
a7b5d4f13f91d90a3ea0652453de672f7ab32dee,trai-buon-nguoi,galaxy-nguyen-van-qua,Galaxy Cinema Nguyễn Văn Quá,,2026-10-06T08:30:00.000Z,2026-10-06T10:45:00.000Z,TWO_D,Phụ Đề,2D Phụ Đề,SCHEDULED,MOCK,2026-10-05T14:56:13.527Z
fdf7fdcfd78a45f8236a90114076bae2bd12d5cb,trai-buon-nguoi,galaxy-nguyen-van-qua,Galaxy Cinema Nguyễn Văn Quá,,2026-10-06T09:00:00.000Z,2026-10-06T11:15:00.000Z,TWO_D,Phụ Đề,2D Phụ Đề,SCHEDULED,MOCK,2026-10-05T14:56:13.527Z
9378ccf6a1846fe7087c24cfdba887952ad66a2b,trai-buon-nguoi,galaxy-nguyen-van-qua,Galaxy Cinema Nguyễn Văn Quá,,2026-10-06T09:30:00.000Z,2026-10-06T11:45:00.000Z,TWO_D,Phụ Đề,2D Phụ Đề,SCHEDULED,MOCK,2026-10-05T14:56:13.527Z
597691154faecb32b83167d40bfea1b25960d26e,trai-buon-nguoi,galaxy-nguyen-van-qua,Galaxy Cinema Nguyễn Văn Quá,,2026-10-06T10:15:00.000Z,2026-10-06T12:30:00.000Z,TWO_D,Phụ Đề,2D Phụ Đề,SCHEDULED,MOCK,2026-10-05T14:56:13.527Z
33e027ee8a712fc34e5e44800b47a0df66a0a5ff,trai-buon-nguoi,galaxy-nguyen-van-qua,Galaxy Cinema Nguyễn Văn Quá,,2026-10-06T11:00:00.000Z,2026-10-06T13:15:00.000Z,TWO_D,Phụ Đề,2D Phụ Đề,SCHEDULED,MOCK,2026-10-05T14:56:13.527Z
0384d325de8583dcd905fa9eceae697f506a3ed1,trai-buon-nguoi,galaxy-nguyen-van-qua,Galaxy Cinema Nguyễn Văn Quá,,2026-10-06T11:15:00.000Z,2026-10-06T13:30:00.000Z,TWO_D,Phụ Đề,2D Phụ Đề,SCHEDULED,MOCK,2026-10-05T14:56:13.527Z
2eb669c1f748872e2adab3f659aade1ec4e7ac83,trai-buon-nguoi,galaxy-nguyen-van-qua,Galaxy Cinema Nguyễn Văn Quá,,2026-10-06T11:30:00.000Z,2026-10-06T13:45:00.000Z,TWO_D,Phụ Đề,2D Phụ Đề,SCHEDULED,MOCK,2026-10-05T14:56:13.527Z
0ffe7c63ec98de43b7fc650250e1430a6e625c62,trai-buon-nguoi,galaxy-nguyen-van-qua,Galaxy Cinema Nguyễn Văn Quá,,2026-10-06T11:45:00.000Z,2026-10-06T14:00:00.000Z,TWO_D,Phụ Đề,2D Phụ Đề,SCHEDULED,MOCK,2026-10-05T14:56:13.527Z
5a74a2151d6eb16e0eeded12f6d277d9b315f3fd,trai-buon-nguoi,galaxy-nguyen-van-qua,Galaxy Cinema Nguyễn Văn Quá,,2026-10-06T12:00:00.000Z,2026-10-06T14:15:00.000Z,TWO_D,Phụ Đề,2D Phụ Đề,SCHEDULED,MOCK,2026-10-05T14:56:13.527Z
0af3a71c09f54aab9ebb68c988c8e73697f3e05d,trai-buon-nguoi,galaxy-nguyen-van-qua,Galaxy Cinema Nguyễn Văn Quá,,2026-10-06T12:30:00.000Z,2026-10-06T14:45:00.000Z,TWO_D,Phụ Đề,2D Phụ Đề,SCHEDULED,MOCK,2026-10-05T14:56:13.527Z
921eb1d6be61fbc0d4eac50f754c72b9c4610f35,trai-buon-nguoi,galaxy-nguyen-van-qua,Galaxy Cinema Nguyễn Văn Quá,,2026-10-06T12:45:00.000Z,2026-10-06T15:00:00.000Z,TWO_D,Phụ Đề,2D Phụ Đề,SCHEDULED,MOCK,2026-10-05T14:56:13.527Z
90c557e03fb6b3c0c0e511590526e9adfc5747ea,trai-buon-nguoi,galaxy-nguyen-van-qua,Galaxy Cinema Nguyễn Văn Quá,,2026-10-06T13:30:00.000Z,2026-10-06T15:45:00.000Z,TWO_D,Phụ Đề,2D Phụ Đề,SCHEDULED,MOCK,2026-10-05T14:56:13.527Z
bdd733a085b63d7e96832cc12aae65e4fa41f05d,trai-buon-nguoi,galaxy-nguyen-van-qua,Galaxy Cinema Nguyễn Văn Quá,,2026-10-06T13:45:00.000Z,2026-10-06T16:00:00.000Z,TWO_D,Phụ Đề,2D Phụ Đề,SCHEDULED,MOCK,2026-10-05T14:56:13.527Z
6f3b355c3cb029093250ace0982f48071756570f,trai-buon-nguoi,galaxy-nguyen-van-qua,Galaxy Cinema Nguyễn Văn Quá,,2026-10-06T14:00:00.000Z,2026-10-06T16:15:00.000Z,TWO_D,Phụ Đề,2D Phụ Đề,SCHEDULED,MOCK,2026-10-05T14:56:13.527Z
3c9f7655f7bec4dda607551969ba186159814bd1,trai-buon-nguoi,galaxy-nguyen-van-qua,Galaxy Cinema Nguyễn Văn Quá,,2026-10-06T14:15:00.000Z,2026-10-06T16:30:00.000Z,TWO_D,Phụ Đề,2D Phụ Đề,SCHEDULED,MOCK,2026-10-05T14:56:13.527Z
c294b04768d746d9a2e3781f4d64b2eb1c055d2a,trai-buon-nguoi,galaxy-nguyen-van-qua,Galaxy Cinema Nguyễn Văn Quá,,2026-10-06T14:30:00.000Z,2026-10-06T16:45:00.000Z,TWO_D,Phụ Đề,2D Phụ Đề,SCHEDULED,MOCK,2026-10-05T14:56:13.527Z
926b184c8c0eec99ec6fca7e022e112d8d7016ea,trai-buon-nguoi,galaxy-nguyen-van-qua,Galaxy Cinema Nguyễn Văn Quá,,2026-10-06T15:00:00.000Z,2026-10-06T17:15:00.000Z,TWO_D,Phụ Đề,2D Phụ Đề,SCHEDULED,MOCK,2026-10-05T14:56:13.527Z
91023405bfc76a8268d7b4752e64d0995b725133,trai-buon-nguoi,galaxy-nguyen-van-qua,Galaxy Cinema Nguyễn Văn Quá,,2026-10-06T15:15:00.000Z,2026-10-06T17:30:00.000Z,TWO_D,Phụ Đề,2D Phụ Đề,SCHEDULED,MOCK,2026-10-05T14:56:13.527Z
efe527728dd3ac6c6d53c2354e63d7f28c4f41a6,trai-buon-nguoi,galaxy-nguyen-van-qua,Galaxy Cinema Nguyễn Văn Quá,,2026-10-06T16:00:00.000Z,2026-10-06T18:15:00.000Z,TWO_D,Phụ Đề,2D Phụ Đề,SCHEDULED,MOCK,2026-10-05T14:56:13.527Z
c452db33bc6290bc2e477bd607a0a78e121e7722,trai-buon-nguoi,galaxy-nguyen-van-qua,Galaxy Cinema Nguyễn Văn Quá,,2026-10-06T16:15:00.000Z,2026-10-06T18:30:00.000Z,TWO_D,Phụ Đề,2D Phụ Đề,SCHEDULED,MOCK,2026-10-05T14:56:13.527Z
03da7eba1af52bba32e7ce63353847096a18ca02,trai-buon-nguoi,fb233b0f-edb4-4eb1-ade8-7f8b83ab2457,Galaxy Cinema Nguyễn Du,,2026-10-06T02:00:00.000Z,2026-10-06T04:15:00.000Z,TWO_D,Phụ Đề,2D Phụ Đề,SCHEDULED,MOCK,2026-10-05T14:56:13.527Z
b3a5dfb7e9904c760cbe3dee11a032480521f564,trai-buon-nguoi,fb233b0f-edb4-4eb1-ade8-7f8b83ab2457,Galaxy Cinema Nguyễn Du,,2026-10-06T02:45:00.000Z,2026-10-06T05:00:00.000Z,TWO_D,Phụ Đề,2D Phụ Đề,SCHEDULED,MOCK,2026-10-05T14:56:13.527Z
d4a55135f78e9d3f348fd740e397fdbf959f052c,trai-buon-nguoi,fb233b0f-edb4-4eb1-ade8-7f8b83ab2457,Galaxy Cinema Nguyễn Du,,2026-10-06T03:30:00.000Z,2026-10-06T05:45:00.000Z,TWO_D,Phụ Đề,2D Phụ Đề,SCHEDULED,MOCK,2026-10-05T14:56:13.527Z
4d67542459db56dca3a0aa32310bb97ac32b94b0,trai-buon-nguoi,fb233b0f-edb4-4eb1-ade8-7f8b83ab2457,Galaxy Cinema Nguyễn Du,,2026-10-06T04:30:00.000Z,2026-10-06T06:45:00.000Z,TWO_D,Phụ Đề,2D Phụ Đề,SCHEDULED,MOCK,2026-10-05T14:56:13.528Z
e368e6267d6c6f7aeee14d6ec2670d345feeb342,trai-buon-nguoi,fb233b0f-edb4-4eb1-ade8-7f8b83ab2457,Galaxy Cinema Nguyễn Du,,2026-10-06T05:15:00.000Z,2026-10-06T07:30:00.000Z,TWO_D,Phụ Đề,2D Phụ Đề,SCHEDULED,MOCK,2026-10-05T14:56:13.528Z
b400d23d2a1301f670fec191c3785462a8614f29,trai-buon-nguoi,fb233b0f-edb4-4eb1-ade8-7f8b83ab2457,Galaxy Cinema Nguyễn Du,,2026-10-06T06:00:00.000Z,2026-10-06T08:15:00.000Z,TWO_D,Phụ Đề,2D Phụ Đề,SCHEDULED,MOCK,2026-10-05T14:56:13.528Z
6b193c8c13f3c6777a79c38d41f565267513ab2b,trai-buon-nguoi,fb233b0f-edb4-4eb1-ade8-7f8b83ab2457,Galaxy Cinema Nguyễn Du,,2026-10-06T07:00:00.000Z,2026-10-06T09:15:00.000Z,TWO_D,Phụ Đề,2D Phụ Đề,SCHEDULED,MOCK,2026-10-05T14:56:13.528Z
3847766a918928143e8789256db9e066d01f3a48,trai-buon-nguoi,fb233b0f-edb4-4eb1-ade8-7f8b83ab2457,Galaxy Cinema Nguyễn Du,,2026-10-06T07:45:00.000Z,2026-10-06T10:00:00.000Z,TWO_D,Phụ Đề,2D Phụ Đề,SCHEDULED,MOCK,2026-10-05T14:56:13.528Z
8bf72f437e96b81e69318fe2348201d1ce2ed97a,trai-buon-nguoi,fb233b0f-edb4-4eb1-ade8-7f8b83ab2457,Galaxy Cinema Nguyễn Du,,2026-10-06T08:30:00.000Z,2026-10-06T10:45:00.000Z,TWO_D,Phụ Đề,2D Phụ Đề,SCHEDULED,MOCK,2026-10-05T14:56:13.528Z
1e441f0a769cd7672461ecff950dade2b1433420,trai-buon-nguoi,fb233b0f-edb4-4eb1-ade8-7f8b83ab2457,Galaxy Cinema Nguyễn Du,,2026-10-06T09:30:00.000Z,2026-10-06T11:45:00.000Z,TWO_D,Phụ Đề,2D Phụ Đề,SCHEDULED,MOCK,2026-10-05T14:56:13.528Z
68980682ceacb94439a8d7783e2625fd87e9c3c8,trai-buon-nguoi,fb233b0f-edb4-4eb1-ade8-7f8b83ab2457,Galaxy Cinema Nguyễn Du,,2026-10-06T10:00:00.000Z,2026-10-06T12:15:00.000Z,TWO_D,Phụ Đề,2D Phụ Đề,SCHEDULED,MOCK,2026-10-05T14:56:13.528Z
4d41b16269b382e8b70135e34e51a2ebc8b5ed38,trai-buon-nguoi,fb233b0f-edb4-4eb1-ade8-7f8b83ab2457,Galaxy Cinema Nguyễn Du,,2026-10-06T11:00:00.000Z,2026-10-06T13:15:00.000Z,TWO_D,Phụ Đề,2D Phụ Đề,SCHEDULED,MOCK,2026-10-05T14:56:13.528Z
97897098f3391f46c72fa0bb829950eacfab93cb,trai-buon-nguoi,fb233b0f-edb4-4eb1-ade8-7f8b83ab2457,Galaxy Cinema Nguyễn Du,,2026-10-06T11:30:00.000Z,2026-10-06T13:45:00.000Z,TWO_D,Phụ Đề,2D Phụ Đề,SCHEDULED,MOCK,2026-10-05T14:56:13.528Z
f3ea2915cef6a3001546fa3ea114b54a66b1dd34,trai-buon-nguoi,fb233b0f-edb4-4eb1-ade8-7f8b83ab2457,Galaxy Cinema Nguyễn Du,,2026-10-06T12:00:00.000Z,2026-10-06T14:15:00.000Z,TWO_D,Phụ Đề,2D Phụ Đề,SCHEDULED,MOCK,2026-10-05T14:56:13.528Z
1ff8f926aff68c8f92ad749079b4f10a9cb66f56,trai-buon-nguoi,fb233b0f-edb4-4eb1-ade8-7f8b83ab2457,Galaxy Cinema Nguyễn Du,,2026-10-06T12:30:00.000Z,2026-10-06T14:45:00.000Z,TWO_D,Phụ Đề,2D Phụ Đề,SCHEDULED,MOCK,2026-10-05T14:56:13.528Z
dcf9a6fe62e43c0a599a2528f74a4eb8c23f7cfa,trai-buon-nguoi,fb233b0f-edb4-4eb1-ade8-7f8b83ab2457,Galaxy Cinema Nguyễn Du,,2026-10-06T13:00:00.000Z,2026-10-06T15:15:00.000Z,TWO_D,Phụ Đề,2D Phụ Đề,SCHEDULED,MOCK,2026-10-05T14:56:13.528Z
8bb5b58d0ef89b411e9d72858402374abdbad926,trai-buon-nguoi,fb233b0f-edb4-4eb1-ade8-7f8b83ab2457,Galaxy Cinema Nguyễn Du,,2026-10-06T13:30:00.000Z,2026-10-06T15:45:00.000Z,TWO_D,Phụ Đề,2D Phụ Đề,SCHEDULED,MOCK,2026-10-05T14:56:13.528Z
9e02e40074c09106a6f2d22ab70adc5a8fab2698,trai-buon-nguoi,fb233b0f-edb4-4eb1-ade8-7f8b83ab2457,Galaxy Cinema Nguyễn Du,,2026-10-06T14:00:00.000Z,2026-10-06T16:15:00.000Z,TWO_D,Phụ Đề,2D Phụ Đề,SCHEDULED,MOCK,2026-10-05T14:56:13.528Z
0c3e8e99280c9c582db7857c94d4dd63cdfd3400,trai-buon-nguoi,fb233b0f-edb4-4eb1-ade8-7f8b83ab2457,Galaxy Cinema Nguyễn Du,,2026-10-06T14:30:00.000Z,2026-10-06T16:45:00.000Z,TWO_D,Phụ Đề,2D Phụ Đề,SCHEDULED,MOCK,2026-10-05T14:56:13.528Z
e7b19aeb36f8a63674cd54767d4f60156fee742a,trai-buon-nguoi,fb233b0f-edb4-4eb1-ade8-7f8b83ab2457,Galaxy Cinema Nguyễn Du,,2026-10-06T15:00:00.000Z,2026-10-06T17:15:00.000Z,TWO_D,Phụ Đề,2D Phụ Đề,SCHEDULED,MOCK,2026-10-05T14:56:13.528Z
e07682182242f00df686e7511acb193c43a9fef1,trai-buon-nguoi,fb233b0f-edb4-4eb1-ade8-7f8b83ab2457,Galaxy Cinema Nguyễn Du,,2026-10-06T15:45:00.000Z,2026-10-06T18:00:00.000Z,TWO_D,Phụ Đề,2D Phụ Đề,SCHEDULED,MOCK,2026-10-05T14:56:13.528Z
e67263bc97e8ef640cb8cd1e1c5d8250d84a1366,trai-buon-nguoi,fb233b0f-edb4-4eb1-ade8-7f8b83ab2457,Galaxy Cinema Nguyễn Du,,2026-10-06T16:15:00.000Z,2026-10-06T18:30:00.000Z,TWO_D,Phụ Đề,2D Phụ Đề,SCHEDULED,MOCK,2026-10-05T14:56:13.528Z
cd43f3b74ad96fe64303ec4f20eebe3afccd7537,trai-buon-nguoi,fb233b0f-edb4-4eb1-ade8-7f8b83ab2457,Galaxy Cinema Nguyễn Du,,2026-10-06T16:55:00.000Z,2026-10-06T19:10:00.000Z,TWO_D,Phụ Đề,2D Phụ Đề,SCHEDULED,MOCK,2026-10-05T14:56:13.528Z
7d637aee658fe0955469c2a69d4f2e414477a85d,trai-buon-nguoi,name:galaxy-cinema-sense-city-ben-tre,Galaxy Cinema Sense City Bến Tre,,2026-10-06T02:00:00.000Z,2026-10-06T04:15:00.000Z,TWO_D,Phụ Đề,2D Phụ Đề,SCHEDULED,MOCK,2026-10-05T14:56:13.528Z
7fe6124c881482a651b67a757e869b14f6ea2f36,trai-buon-nguoi,name:galaxy-cinema-sense-city-ben-tre,Galaxy Cinema Sense City Bến Tre,,2026-10-06T02:45:00.000Z,2026-10-06T05:00:00.000Z,TWO_D,Phụ Đề,2D Phụ Đề,SCHEDULED,MOCK,2026-10-05T14:56:13.528Z
ff6641a79fbdcab2cb2a1fc4c49acda5d1ac7869,trai-buon-nguoi,name:galaxy-cinema-sense-city-ben-tre,Galaxy Cinema Sense City Bến Tre,,2026-10-06T03:30:00.000Z,2026-10-06T05:45:00.000Z,TWO_D,Phụ Đề,2D Phụ Đề,SCHEDULED,MOCK,2026-10-05T14:56:13.528Z
d0030258f1d03e0a67c1b2f6f89397326d9babaf,trai-buon-nguoi,name:galaxy-cinema-sense-city-ben-tre,Galaxy Cinema Sense City Bến Tre,,2026-10-06T04:00:00.000Z,2026-10-06T06:15:00.000Z,TWO_D,Phụ Đề,2D Phụ Đề,SCHEDULED,MOCK,2026-10-05T14:56:13.528Z
cfb6c64614c909c6cbf9c040520d979c61b13384,trai-buon-nguoi,name:galaxy-cinema-sense-city-ben-tre,Galaxy Cinema Sense City Bến Tre,,2026-10-06T04:30:00.000Z,2026-10-06T06:45:00.000Z,TWO_D,Phụ Đề,2D Phụ Đề,SCHEDULED,MOCK,2026-10-05T14:56:13.528Z
46a299423af570cdf13f5d1f22081d69de8cf25b,trai-buon-nguoi,name:galaxy-cinema-sense-city-ben-tre,Galaxy Cinema Sense City Bến Tre,,2026-10-06T05:15:00.000Z,2026-10-06T07:30:00.000Z,TWO_D,Phụ Đề,2D Phụ Đề,SCHEDULED,MOCK,2026-10-05T14:56:13.528Z
b8e6aa20fb8b40ab1f60ee6fb01d250082071480,trai-buon-nguoi,name:galaxy-cinema-sense-city-ben-tre,Galaxy Cinema Sense City Bến Tre,,2026-10-06T06:00:00.000Z,2026-10-06T08:15:00.000Z,TWO_D,Phụ Đề,2D Phụ Đề,SCHEDULED,MOCK,2026-10-05T14:56:13.528Z
630d66c78702d23c419f65ea1dfd4461d0652ad1,trai-buon-nguoi,name:galaxy-cinema-sense-city-ben-tre,Galaxy Cinema Sense City Bến Tre,,2026-10-06T06:30:00.000Z,2026-10-06T08:45:00.000Z,TWO_D,Phụ Đề,2D Phụ Đề,SCHEDULED,MOCK,2026-10-05T14:56:13.528Z
b227d1e537f52e6278eea4f2ac421f62a2fa1228,trai-buon-nguoi,name:galaxy-cinema-sense-city-ben-tre,Galaxy Cinema Sense City Bến Tre,,2026-10-06T07:00:00.000Z,2026-10-06T09:15:00.000Z,TWO_D,Phụ Đề,2D Phụ Đề,SCHEDULED,MOCK,2026-10-05T14:56:13.528Z
35ce4fbbde570b8030c7b04a0d5a16b425b70451,trai-buon-nguoi,name:galaxy-cinema-sense-city-ben-tre,Galaxy Cinema Sense City Bến Tre,,2026-10-06T07:45:00.000Z,2026-10-06T10:00:00.000Z,TWO_D,Phụ Đề,2D Phụ Đề,SCHEDULED,MOCK,2026-10-05T14:56:13.528Z
fd892e403ba5428380f13357ba10d71993682f45,trai-buon-nguoi,name:galaxy-cinema-sense-city-ben-tre,Galaxy Cinema Sense City Bến Tre,,2026-10-06T08:30:00.000Z,2026-10-06T10:45:00.000Z,TWO_D,Phụ Đề,2D Phụ Đề,SCHEDULED,MOCK,2026-10-05T14:56:13.528Z
2c3c0fc51173383681a9684911b64d65e0022a78,trai-buon-nguoi,name:galaxy-cinema-sense-city-ben-tre,Galaxy Cinema Sense City Bến Tre,,2026-10-06T09:00:00.000Z,2026-10-06T11:15:00.000Z,TWO_D,Phụ Đề,2D Phụ Đề,SCHEDULED,MOCK,2026-10-05T14:56:13.528Z
b24a4c3964933eb0831bde86a35c7a03a79f1def,trai-buon-nguoi,name:galaxy-cinema-sense-city-ben-tre,Galaxy Cinema Sense City Bến Tre,,2026-10-06T09:30:00.000Z,2026-10-06T11:45:00.000Z,TWO_D,Phụ Đề,2D Phụ Đề,SCHEDULED,MOCK,2026-10-05T14:56:13.528Z
444961e0609108c914f2fd65fb0d0a6ffead8a36,trai-buon-nguoi,name:galaxy-cinema-sense-city-ben-tre,Galaxy Cinema Sense City Bến Tre,,2026-10-06T10:15:00.000Z,2026-10-06T12:30:00.000Z,TWO_D,Phụ Đề,2D Phụ Đề,SCHEDULED,MOCK,2026-10-05T14:56:13.528Z
100ce9dd3f678502ccb07d1db8dc9d59bd8d1fa0,trai-buon-nguoi,name:galaxy-cinema-sense-city-ben-tre,Galaxy Cinema Sense City Bến Tre,,2026-10-06T11:00:00.000Z,2026-10-06T13:15:00.000Z,TWO_D,Phụ Đề,2D Phụ Đề,SCHEDULED,MOCK,2026-10-05T14:56:13.528Z
f1dc2e8b68cf2f22006c68d377d5f547949c6116,trai-buon-nguoi,name:galaxy-cinema-sense-city-ben-tre,Galaxy Cinema Sense City Bến Tre,,2026-10-06T11:30:00.000Z,2026-10-06T13:45:00.000Z,TWO_D,Phụ Đề,2D Phụ Đề,SCHEDULED,MOCK,2026-10-05T14:56:13.528Z
d36b13337939411cb4db4cb75aef7db2edf907d2,trai-buon-nguoi,name:galaxy-cinema-sense-city-ben-tre,Galaxy Cinema Sense City Bến Tre,,2026-10-06T12:00:00.000Z,2026-10-06T14:15:00.000Z,TWO_D,Phụ Đề,2D Phụ Đề,SCHEDULED,MOCK,2026-10-05T14:56:13.528Z
0d2dd26d0bc1bb0d7af646e6c9c7096abcb31723,trai-buon-nguoi,name:galaxy-cinema-sense-city-ben-tre,Galaxy Cinema Sense City Bến Tre,,2026-10-06T12:30:00.000Z,2026-10-06T14:45:00.000Z,TWO_D,Phụ Đề,2D Phụ Đề,SCHEDULED,MOCK,2026-10-05T14:56:13.529Z
1978e2a4cd2da9b0dc47ac47247ddc2289d863f7,trai-buon-nguoi,name:galaxy-cinema-sense-city-ben-tre,Galaxy Cinema Sense City Bến Tre,,2026-10-06T12:45:00.000Z,2026-10-06T15:00:00.000Z,TWO_D,Phụ Đề,2D Phụ Đề,SCHEDULED,MOCK,2026-10-05T14:56:13.529Z
945563e8b0fe0c82eb7109c35b9fa34488d9e864,trai-buon-nguoi,name:galaxy-cinema-sense-city-ben-tre,Galaxy Cinema Sense City Bến Tre,,2026-10-06T13:30:00.000Z,2026-10-06T15:45:00.000Z,TWO_D,Phụ Đề,2D Phụ Đề,SCHEDULED,MOCK,2026-10-05T14:56:13.529Z
141ec9a06552d066f0939e33cd67a619408f30cf,trai-buon-nguoi,name:galaxy-cinema-sense-city-ben-tre,Galaxy Cinema Sense City Bến Tre,,2026-10-06T14:00:00.000Z,2026-10-06T16:15:00.000Z,TWO_D,Phụ Đề,2D Phụ Đề,SCHEDULED,MOCK,2026-10-05T14:56:13.529Z
171bc522a2e8353a8fb7d7dec3e6c9be4256c2a4,trai-buon-nguoi,name:galaxy-cinema-sense-city-ben-tre,Galaxy Cinema Sense City Bến Tre,,2026-10-06T14:30:00.000Z,2026-10-06T16:45:00.000Z,TWO_D,Phụ Đề,2D Phụ Đề,SCHEDULED,MOCK,2026-10-05T14:56:13.529Z
62c699966ec5ec98243deadc21ffffe26cdda6ab,trai-buon-nguoi,name:galaxy-cinema-sense-city-ben-tre,Galaxy Cinema Sense City Bến Tre,,2026-10-06T15:00:00.000Z,2026-10-06T17:15:00.000Z,TWO_D,Phụ Đề,2D Phụ Đề,SCHEDULED,MOCK,2026-10-05T14:56:13.529Z
4ac0d3903c38a2ad3859858b09b3c7d342e9f043,trai-buon-nguoi,name:galaxy-cinema-sense-city-ben-tre,Galaxy Cinema Sense City Bến Tre,,2026-10-06T15:15:00.000Z,2026-10-06T17:30:00.000Z,TWO_D,Phụ Đề,2D Phụ Đề,SCHEDULED,MOCK,2026-10-05T14:56:13.529Z
65031a2dbb23ee1247618ab97d9e618393178f25,trai-buon-nguoi,name:galaxy-cinema-city-hub-vinh,Galaxy Cinema City HUB Vinh,,2026-10-06T02:00:00.000Z,2026-10-06T04:15:00.000Z,TWO_D,Phụ Đề,2D Phụ Đề,SCHEDULED,MOCK,2026-10-05T14:56:13.529Z
0c0569039f84b49f9c41e1455aa04d7490fa92fb,trai-buon-nguoi,name:galaxy-cinema-city-hub-vinh,Galaxy Cinema City HUB Vinh,,2026-10-06T02:45:00.000Z,2026-10-06T05:00:00.000Z,TWO_D,Phụ Đề,2D Phụ Đề,SCHEDULED,MOCK,2026-10-05T14:56:13.529Z
87bc707675f49219c9ffd685d512ed7127f4d985,trai-buon-nguoi,name:galaxy-cinema-city-hub-vinh,Galaxy Cinema City HUB Vinh,,2026-10-06T03:15:00.000Z,2026-10-06T05:30:00.000Z,TWO_D,Phụ Đề,2D Phụ Đề,SCHEDULED,MOCK,2026-10-05T14:56:13.529Z
2147d196a986a14ee139ba28014b7b7b1d3939df,trai-buon-nguoi,name:galaxy-cinema-city-hub-vinh,Galaxy Cinema City HUB Vinh,,2026-10-06T03:45:00.000Z,2026-10-06T06:00:00.000Z,TWO_D,Phụ Đề,2D Phụ Đề,SCHEDULED,MOCK,2026-10-05T14:56:13.529Z
c3484e7f3d177bd199e6eb9130ccd83436fbf0a1,trai-buon-nguoi,name:galaxy-cinema-city-hub-vinh,Galaxy Cinema City HUB Vinh,,2026-10-06T04:30:00.000Z,2026-10-06T06:45:00.000Z,TWO_D,Phụ Đề,2D Phụ Đề,SCHEDULED,MOCK,2026-10-05T14:56:13.529Z
91a89b1ecf9153bc26e8cdcc7e29c8769a225095,trai-buon-nguoi,name:galaxy-cinema-city-hub-vinh,Galaxy Cinema City HUB Vinh,,2026-10-06T05:15:00.000Z,2026-10-06T07:30:00.000Z,TWO_D,Phụ Đề,2D Phụ Đề,SCHEDULED,MOCK,2026-10-05T14:56:13.529Z
23249f401fc82ef2998f8a20643e60be25c8773c,trai-buon-nguoi,name:galaxy-cinema-city-hub-vinh,Galaxy Cinema City HUB Vinh,,2026-10-06T05:45:00.000Z,2026-10-06T08:00:00.000Z,TWO_D,Phụ Đề,2D Phụ Đề,SCHEDULED,MOCK,2026-10-05T14:56:13.529Z
3bc6481f8b4b0bfc9d81159692ad6aa8aacf2cd3,trai-buon-nguoi,name:galaxy-cinema-city-hub-vinh,Galaxy Cinema City HUB Vinh,,2026-10-06T06:15:00.000Z,2026-10-06T08:30:00.000Z,TWO_D,Phụ Đề,2D Phụ Đề,SCHEDULED,MOCK,2026-10-05T14:56:13.529Z
53afd4fec4bbed3c72f5504f49d6c8d62de7351e,trai-buon-nguoi,name:galaxy-cinema-city-hub-vinh,Galaxy Cinema City HUB Vinh,,2026-10-06T07:00:00.000Z,2026-10-06T09:15:00.000Z,TWO_D,Phụ Đề,2D Phụ Đề,SCHEDULED,MOCK,2026-10-05T14:56:13.529Z
5dcbf06b75a6d4daf8bf6e8f79995aa49ec4c4d4,trai-buon-nguoi,name:galaxy-cinema-city-hub-vinh,Galaxy Cinema City HUB Vinh,,2026-10-06T07:45:00.000Z,2026-10-06T10:00:00.000Z,TWO_D,Phụ Đề,2D Phụ Đề,SCHEDULED,MOCK,2026-10-05T14:56:13.529Z
8cb16da55555f49496aac23932185e65303a7707,trai-buon-nguoi,name:galaxy-cinema-city-hub-vinh,Galaxy Cinema City HUB Vinh,,2026-10-06T08:15:00.000Z,2026-10-06T10:30:00.000Z,TWO_D,Phụ Đề,2D Phụ Đề,SCHEDULED,MOCK,2026-10-05T14:56:13.529Z
e97722ae4770ad41e310a92bc599434844312bab,trai-buon-nguoi,name:galaxy-cinema-city-hub-vinh,Galaxy Cinema City HUB Vinh,,2026-10-06T08:45:00.000Z,2026-10-06T11:00:00.000Z,TWO_D,Phụ Đề,2D Phụ Đề,SCHEDULED,MOCK,2026-10-05T14:56:13.529Z
dc794dc16c4721af7816065f7ea126e333e58455,trai-buon-nguoi,name:galaxy-cinema-city-hub-vinh,Galaxy Cinema City HUB Vinh,,2026-10-06T09:30:00.000Z,2026-10-06T11:45:00.000Z,TWO_D,Phụ Đề,2D Phụ Đề,SCHEDULED,MOCK,2026-10-05T14:56:13.529Z
8ed520911701224415582f98d3e7bd9b59b8cbdd,trai-buon-nguoi,name:galaxy-cinema-city-hub-vinh,Galaxy Cinema City HUB Vinh,,2026-10-06T10:15:00.000Z,2026-10-06T12:30:00.000Z,TWO_D,Phụ Đề,2D Phụ Đề,SCHEDULED,MOCK,2026-10-05T14:56:13.529Z
21ce868207e9ae8ff2981650480be25c4601fdd3,trai-buon-nguoi,name:galaxy-cinema-city-hub-vinh,Galaxy Cinema City HUB Vinh,,2026-10-06T10:45:00.000Z,2026-10-06T13:00:00.000Z,TWO_D,Phụ Đề,2D Phụ Đề,SCHEDULED,MOCK,2026-10-05T14:56:13.529Z
3d85c63ed9da4e2eeae7e1e8a1deaf200b1012d6,trai-buon-nguoi,name:galaxy-cinema-city-hub-vinh,Galaxy Cinema City HUB Vinh,,2026-10-06T11:15:00.000Z,2026-10-06T13:30:00.000Z,TWO_D,Phụ Đề,2D Phụ Đề,SCHEDULED,MOCK,2026-10-05T14:56:13.529Z
e9a508e64df8d30fcb2196a81a9f69313421aea8,trai-buon-nguoi,name:galaxy-cinema-city-hub-vinh,Galaxy Cinema City HUB Vinh,,2026-10-06T12:00:00.000Z,2026-10-06T14:15:00.000Z,TWO_D,Phụ Đề,2D Phụ Đề,SCHEDULED,MOCK,2026-10-05T14:56:13.529Z
10e97515b522a6445e0743c5c7386dae85c62d29,trai-buon-nguoi,name:galaxy-cinema-city-hub-vinh,Galaxy Cinema City HUB Vinh,,2026-10-06T12:45:00.000Z,2026-10-06T15:00:00.000Z,TWO_D,Phụ Đề,2D Phụ Đề,SCHEDULED,MOCK,2026-10-05T14:56:13.529Z
891fd17ab0a7275efbef9606adaa2355289b0977,trai-buon-nguoi,name:galaxy-cinema-city-hub-vinh,Galaxy Cinema City HUB Vinh,,2026-10-06T13:00:00.000Z,2026-10-06T15:15:00.000Z,TWO_D,Phụ Đề,2D Phụ Đề,SCHEDULED,MOCK,2026-10-05T14:56:13.529Z
3600b6ac02113c61f3bfed16d37c396422251721,trai-buon-nguoi,name:galaxy-cinema-city-hub-vinh,Galaxy Cinema City HUB Vinh,,2026-10-06T13:15:00.000Z,2026-10-06T15:30:00.000Z,TWO_D,Phụ Đề,2D Phụ Đề,SCHEDULED,MOCK,2026-10-05T14:56:13.529Z
a9718fb05bc8838ec69b08466b7d40af1f5219fc,trai-buon-nguoi,name:galaxy-cinema-city-hub-vinh,Galaxy Cinema City HUB Vinh,,2026-10-06T13:45:00.000Z,2026-10-06T16:00:00.000Z,TWO_D,Phụ Đề,2D Phụ Đề,SCHEDULED,MOCK,2026-10-05T14:56:13.529Z
88a2f07fc15c4a4bbaac154a41e27b7ae88fd831,trai-buon-nguoi,name:galaxy-cinema-city-hub-vinh,Galaxy Cinema City HUB Vinh,,2026-10-06T14:30:00.000Z,2026-10-06T16:45:00.000Z,TWO_D,Phụ Đề,2D Phụ Đề,SCHEDULED,MOCK,2026-10-05T14:56:13.529Z
391fd5edb251b8d89f0e2f7536d80f0d133e8802,trai-buon-nguoi,name:galaxy-cinema-city-hub-vinh,Galaxy Cinema City HUB Vinh,,2026-10-06T15:15:00.000Z,2026-10-06T17:30:00.000Z,TWO_D,Phụ Đề,2D Phụ Đề,SCHEDULED,MOCK,2026-10-05T14:56:13.529Z
90727b2f3ef65f8b0e5abd54284e8a2f41414b31,trai-buon-nguoi,name:galaxy-cinema-city-hub-vinh,Galaxy Cinema City HUB Vinh,,2026-10-06T15:30:00.000Z,2026-10-06T17:45:00.000Z,TWO_D,Phụ Đề,2D Phụ Đề,SCHEDULED,MOCK,2026-10-05T14:56:13.529Z
f7248b1457d3d0ad45011436154f1d786c77ca7f,trai-buon-nguoi,name:galaxy-cinema-city-hub-vinh,Galaxy Cinema City HUB Vinh,,2026-10-06T15:45:00.000Z,2026-10-06T18:00:00.000Z,TWO_D,Phụ Đề,2D Phụ Đề,SCHEDULED,MOCK,2026-10-05T14:56:13.529Z
0c492d4af61b732738652edc50b1759f999f14c2,trai-buon-nguoi,name:galaxy-cinema-city-hub-vinh,Galaxy Cinema City HUB Vinh,,2026-10-06T16:15:00.000Z,2026-10-06T18:30:00.000Z,TWO_D,Phụ Đề,2D Phụ Đề,SCHEDULED,MOCK,2026-10-05T14:56:13.529Z
cdb97d213392eda20ebe8092923de439925cf876,trai-buon-nguoi,name:galaxy-cinema-hai-phong,Galaxy Cinema Hải Phòng,,2026-10-06T02:00:00.000Z,2026-10-06T04:15:00.000Z,TWO_D,Phụ Đề,2D Phụ Đề,SCHEDULED,MOCK,2026-10-05T14:56:13.529Z
c74d1748cd6bfcd277fc6d8300f6c97eb46b3a16,trai-buon-nguoi,name:galaxy-cinema-hai-phong,Galaxy Cinema Hải Phòng,,2026-10-06T02:30:00.000Z,2026-10-06T04:45:00.000Z,TWO_D,Phụ Đề,2D Phụ Đề,SCHEDULED,MOCK,2026-10-05T14:56:13.529Z
264921af19ff813c79c7adb567dc0d9f13ced0cc,trai-buon-nguoi,name:galaxy-cinema-hai-phong,Galaxy Cinema Hải Phòng,,2026-10-06T02:45:00.000Z,2026-10-06T05:00:00.000Z,TWO_D,Phụ Đề,2D Phụ Đề,SCHEDULED,MOCK,2026-10-05T14:56:13.530Z
315071c9b34ec1b4b6b925a403b0f8394d24ef67,trai-buon-nguoi,name:galaxy-cinema-hai-phong,Galaxy Cinema Hải Phòng,,2026-10-06T03:00:00.000Z,2026-10-06T05:15:00.000Z,TWO_D,Phụ Đề,2D Phụ Đề,SCHEDULED,MOCK,2026-10-05T14:56:13.530Z
67f2bc90f80f1001dcb421904a3f7c25461cd37f,trai-buon-nguoi,name:galaxy-cinema-hai-phong,Galaxy Cinema Hải Phòng,,2026-10-06T03:45:00.000Z,2026-10-06T06:00:00.000Z,TWO_D,Phụ Đề,2D Phụ Đề,SCHEDULED,MOCK,2026-10-05T14:56:13.530Z
a8319819b4315f261235ca266d00d18c23ea5a3c,trai-buon-nguoi,name:galaxy-cinema-hai-phong,Galaxy Cinema Hải Phòng,,2026-10-06T04:00:00.000Z,2026-10-06T06:15:00.000Z,TWO_D,Phụ Đề,2D Phụ Đề,SCHEDULED,MOCK,2026-10-05T14:56:13.530Z
64c0e3d6589ec247e416a483b0d4223a15045257,trai-buon-nguoi,name:galaxy-cinema-hai-phong,Galaxy Cinema Hải Phòng,,2026-10-06T04:30:00.000Z,2026-10-06T06:45:00.000Z,TWO_D,Phụ Đề,2D Phụ Đề,SCHEDULED,MOCK,2026-10-05T14:56:13.530Z
814ea8d9d031388736dee1588a046bcd7d8f8d9c,trai-buon-nguoi,name:galaxy-cinema-hai-phong,Galaxy Cinema Hải Phòng,,2026-10-06T05:00:00.000Z,2026-10-06T07:15:00.000Z,TWO_D,Phụ Đề,2D Phụ Đề,SCHEDULED,MOCK,2026-10-05T14:56:13.530Z
8d0368bff333a408cfc9f99702f3d8fc2988d9d9,trai-buon-nguoi,name:galaxy-cinema-hai-phong,Galaxy Cinema Hải Phòng,,2026-10-06T05:30:00.000Z,2026-10-06T07:45:00.000Z,TWO_D,Phụ Đề,2D Phụ Đề,SCHEDULED,MOCK,2026-10-05T14:56:13.530Z
885d4c725b61d45cb57a612914ec77267c073579,trai-buon-nguoi,name:galaxy-cinema-hai-phong,Galaxy Cinema Hải Phòng,,2026-10-06T06:15:00.000Z,2026-10-06T08:30:00.000Z,TWO_D,Phụ Đề,2D Phụ Đề,SCHEDULED,MOCK,2026-10-05T14:56:13.530Z
6a8db573f9e0703a4354d612af0636bbde7c6d04,trai-buon-nguoi,name:galaxy-cinema-hai-phong,Galaxy Cinema Hải Phòng,,2026-10-06T07:00:00.000Z,2026-10-06T09:15:00.000Z,TWO_D,Phụ Đề,2D Phụ Đề,SCHEDULED,MOCK,2026-10-05T14:56:13.530Z
4f2618432d2af81252b007a40551857ac7c1a900,trai-buon-nguoi,name:galaxy-cinema-hai-phong,Galaxy Cinema Hải Phòng,,2026-10-06T07:30:00.000Z,2026-10-06T09:45:00.000Z,TWO_D,Phụ Đề,2D Phụ Đề,SCHEDULED,MOCK,2026-10-05T14:56:13.530Z
de16258925fe05b6a0ebb30a409887e59a415b90,trai-buon-nguoi,name:galaxy-cinema-hai-phong,Galaxy Cinema Hải Phòng,,2026-10-06T07:45:00.000Z,2026-10-06T10:00:00.000Z,TWO_D,Phụ Đề,2D Phụ Đề,SCHEDULED,MOCK,2026-10-05T14:56:13.530Z
7ba0885921a468129c780acbf63f560ced272210,trai-buon-nguoi,name:galaxy-cinema-hai-phong,Galaxy Cinema Hải Phòng,,2026-10-06T08:00:00.000Z,2026-10-06T10:15:00.000Z,TWO_D,Phụ Đề,2D Phụ Đề,SCHEDULED,MOCK,2026-10-05T14:56:13.530Z
d4261ed01c9083511e2362a6ccb450b913d595f0,trai-buon-nguoi,name:galaxy-cinema-hai-phong,Galaxy Cinema Hải Phòng,,2026-10-06T08:45:00.000Z,2026-10-06T11:00:00.000Z,TWO_D,Phụ Đề,2D Phụ Đề,SCHEDULED,MOCK,2026-10-05T14:56:13.530Z
0e22265b843f27894b974c31b1ceb686a601df0d,trai-buon-nguoi,name:galaxy-cinema-hai-phong,Galaxy Cinema Hải Phòng,,2026-10-06T09:30:00.000Z,2026-10-06T11:45:00.000Z,TWO_D,Phụ Đề,2D Phụ Đề,SCHEDULED,MOCK,2026-10-05T14:56:13.530Z
baa7995d76eda9c296f32a714e7933d8fd9bd059,trai-buon-nguoi,name:galaxy-cinema-hai-phong,Galaxy Cinema Hải Phòng,,2026-10-06T10:00:00.000Z,2026-10-06T12:15:00.000Z,TWO_D,Phụ Đề,2D Phụ Đề,SCHEDULED,MOCK,2026-10-05T14:56:13.530Z
bc0d39e675d5571be2312f411f88c61284805825,trai-buon-nguoi,name:galaxy-cinema-hai-phong,Galaxy Cinema Hải Phòng,,2026-10-06T10:15:00.000Z,2026-10-06T12:30:00.000Z,TWO_D,Phụ Đề,2D Phụ Đề,SCHEDULED,MOCK,2026-10-05T14:56:13.530Z
96f1d304f922639a76fab266f8a065b1b8d3f68d,trai-buon-nguoi,name:galaxy-cinema-hai-phong,Galaxy Cinema Hải Phòng,,2026-10-06T10:30:00.000Z,2026-10-06T12:45:00.000Z,TWO_D,Phụ Đề,2D Phụ Đề,SCHEDULED,MOCK,2026-10-05T14:56:13.530Z
0e31e5e7ed40f1f154ce24df15613b59a5aec59e,trai-buon-nguoi,name:galaxy-cinema-hai-phong,Galaxy Cinema Hải Phòng,,2026-10-06T11:15:00.000Z,2026-10-06T13:30:00.000Z,TWO_D,Phụ Đề,2D Phụ Đề,SCHEDULED,MOCK,2026-10-05T14:56:13.530Z
afb3d5f0dd8fffcd228e7c88f610774ea2a8d694,trai-buon-nguoi,name:galaxy-cinema-hai-phong,Galaxy Cinema Hải Phòng,,2026-10-06T12:00:00.000Z,2026-10-06T14:15:00.000Z,TWO_D,Phụ Đề,2D Phụ Đề,SCHEDULED,MOCK,2026-10-05T14:56:13.530Z
23f3d4113b84ef54ad5a8e49d8488e70adfcc967,trai-buon-nguoi,name:galaxy-cinema-hai-phong,Galaxy Cinema Hải Phòng,,2026-10-06T12:30:00.000Z,2026-10-06T14:45:00.000Z,TWO_D,Phụ Đề,2D Phụ Đề,SCHEDULED,MOCK,2026-10-05T14:56:13.530Z
d98f0f2f6ec60dcecbfd09ff2ae00320172f2a44,trai-buon-nguoi,name:galaxy-cinema-hai-phong,Galaxy Cinema Hải Phòng,,2026-10-06T12:45:00.000Z,2026-10-06T15:00:00.000Z,TWO_D,Phụ Đề,2D Phụ Đề,SCHEDULED,MOCK,2026-10-05T14:56:13.530Z
d2622f6ed5e282a62eefffb3d9d8c29b1b254597,trai-buon-nguoi,name:galaxy-cinema-hai-phong,Galaxy Cinema Hải Phòng,,2026-10-06T13:00:00.000Z,2026-10-06T15:15:00.000Z,TWO_D,Phụ Đề,2D Phụ Đề,SCHEDULED,MOCK,2026-10-05T14:56:13.530Z
9316f5fe1b8bda1053e532820c7a6be2a0f3975a,trai-buon-nguoi,name:galaxy-cinema-hai-phong,Galaxy Cinema Hải Phòng,,2026-10-06T13:15:00.000Z,2026-10-06T15:30:00.000Z,TWO_D,Phụ Đề,2D Phụ Đề,SCHEDULED,MOCK,2026-10-05T14:56:13.530Z
26fd49648ac5c2245a8e8fa5ca4957d32e30216d,trai-buon-nguoi,name:galaxy-cinema-hai-phong,Galaxy Cinema Hải Phòng,,2026-10-06T13:45:00.000Z,2026-10-06T16:00:00.000Z,TWO_D,Phụ Đề,2D Phụ Đề,SCHEDULED,MOCK,2026-10-05T14:56:13.530Z
023d8e5665baf11b0090cd21b55e5116dbe8df8b,trai-buon-nguoi,name:galaxy-cinema-hai-phong,Galaxy Cinema Hải Phòng,,2026-10-06T14:30:00.000Z,2026-10-06T16:45:00.000Z,TWO_D,Phụ Đề,2D Phụ Đề,SCHEDULED,MOCK,2026-10-05T14:56:13.530Z
a74dfa094faf9e7808cad82abb4d9cc538d7f06e,trai-buon-nguoi,name:galaxy-cinema-hai-phong,Galaxy Cinema Hải Phòng,,2026-10-06T15:00:00.000Z,2026-10-06T17:15:00.000Z,TWO_D,Phụ Đề,2D Phụ Đề,SCHEDULED,MOCK,2026-10-05T14:56:13.530Z
8cfd3ad43c5aeaefb9048f1c57ef6da0fea0c799,trai-buon-nguoi,name:galaxy-cinema-hai-phong,Galaxy Cinema Hải Phòng,,2026-10-06T15:15:00.000Z,2026-10-06T17:30:00.000Z,TWO_D,Phụ Đề,2D Phụ Đề,SCHEDULED,MOCK,2026-10-05T14:56:13.530Z
e918d550334370b21800868ca7899c50da4ab1f5,trai-buon-nguoi,name:galaxy-cinema-hai-phong,Galaxy Cinema Hải Phòng,,2026-10-06T15:30:00.000Z,2026-10-06T17:45:00.000Z,TWO_D,Phụ Đề,2D Phụ Đề,SCHEDULED,MOCK,2026-10-05T14:56:13.530Z
6f965d2fabaadf27dca6440172c172836f5f09d4,trai-buon-nguoi,name:galaxy-cinema-hai-phong,Galaxy Cinema Hải Phòng,,2026-10-06T16:00:00.000Z,2026-10-06T18:15:00.000Z,TWO_D,Phụ Đề,2D Phụ Đề,SCHEDULED,MOCK,2026-10-05T14:56:13.530Z
e78d17bb2974a404247abb000f9a405fbeab5c76,trai-buon-nguoi,name:galaxy-cinema-hai-phong,Galaxy Cinema Hải Phòng,,2026-10-06T16:15:00.000Z,2026-10-06T18:30:00.000Z,TWO_D,Phụ Đề,2D Phụ Đề,SCHEDULED,MOCK,2026-10-05T14:56:13.530Z
4c67c746c693512dadb5ded3ddc8c8873dbcf5c6,trai-buon-nguoi,name:galaxy-cinema-hai-phong,Galaxy Cinema Hải Phòng,,2026-10-06T16:55:00.000Z,2026-10-06T19:10:00.000Z,TWO_D,Phụ Đề,2D Phụ Đề,SCHEDULED,MOCK,2026-10-05T14:56:13.530Z
9fa3fd2d558b78e481709187bd2ac77520a87758,trai-buon-nguoi,name:galaxy-cinema-coop-buon-ma-thuot,Galaxy Cinema Coop Buôn Ma Thuột,,2026-10-06T02:00:00.000Z,2026-10-06T04:15:00.000Z,TWO_D,Phụ Đề,2D Phụ Đề,SCHEDULED,MOCK,2026-10-05T14:56:13.530Z
f931f061cfbb50ad2ca8b2c01e4d0b3a8b380a9b,trai-buon-nguoi,name:galaxy-cinema-coop-buon-ma-thuot,Galaxy Cinema Coop Buôn Ma Thuột,,2026-10-06T02:45:00.000Z,2026-10-06T05:00:00.000Z,TWO_D,Phụ Đề,2D Phụ Đề,SCHEDULED,MOCK,2026-10-05T14:56:13.530Z
c118e08f33042fc930dea4aebc3a884885577488,trai-buon-nguoi,name:galaxy-cinema-coop-buon-ma-thuot,Galaxy Cinema Coop Buôn Ma Thuột,,2026-10-06T03:30:00.000Z,2026-10-06T05:45:00.000Z,TWO_D,Phụ Đề,2D Phụ Đề,SCHEDULED,MOCK,2026-10-05T14:56:13.530Z
a029100ae33f64fd84eb943835c86571bbbde914,trai-buon-nguoi,name:galaxy-cinema-coop-buon-ma-thuot,Galaxy Cinema Coop Buôn Ma Thuột,,2026-10-06T04:30:00.000Z,2026-10-06T06:45:00.000Z,TWO_D,Phụ Đề,2D Phụ Đề,SCHEDULED,MOCK,2026-10-05T14:56:13.530Z
8af1788044f98bf3e718cdb40c2c323fd3aeb939,trai-buon-nguoi,name:galaxy-cinema-coop-buon-ma-thuot,Galaxy Cinema Coop Buôn Ma Thuột,,2026-10-06T05:15:00.000Z,2026-10-06T07:30:00.000Z,TWO_D,Phụ Đề,2D Phụ Đề,SCHEDULED,MOCK,2026-10-05T14:56:13.530Z
8a611e4eb8e8fc45290bf17bb0e4105e9bbf8928,trai-buon-nguoi,name:galaxy-cinema-coop-buon-ma-thuot,Galaxy Cinema Coop Buôn Ma Thuột,,2026-10-06T06:00:00.000Z,2026-10-06T08:15:00.000Z,TWO_D,Phụ Đề,2D Phụ Đề,SCHEDULED,MOCK,2026-10-05T14:56:13.530Z
59d6b9d4615e8b5bb870e0ea6a881ff9ed290ac7,trai-buon-nguoi,name:galaxy-cinema-coop-buon-ma-thuot,Galaxy Cinema Coop Buôn Ma Thuột,,2026-10-06T06:30:00.000Z,2026-10-06T08:45:00.000Z,TWO_D,Phụ Đề,2D Phụ Đề,SCHEDULED,MOCK,2026-10-05T14:56:13.530Z
c1115304743589eaa799dbd0554f04fea3e93fac,trai-buon-nguoi,name:galaxy-cinema-coop-buon-ma-thuot,Galaxy Cinema Coop Buôn Ma Thuột,,2026-10-06T07:00:00.000Z,2026-10-06T09:15:00.000Z,TWO_D,Phụ Đề,2D Phụ Đề,SCHEDULED,MOCK,2026-10-05T14:56:13.530Z
314db77dfe15e0167fc15ff918bcf64875c2ae0b,trai-buon-nguoi,name:galaxy-cinema-coop-buon-ma-thuot,Galaxy Cinema Coop Buôn Ma Thuột,,2026-10-06T07:45:00.000Z,2026-10-06T10:00:00.000Z,TWO_D,Phụ Đề,2D Phụ Đề,SCHEDULED,MOCK,2026-10-05T14:56:13.530Z
7a0674447918f72d165c6f06b56760409e9fbd5b,trai-buon-nguoi,name:galaxy-cinema-coop-buon-ma-thuot,Galaxy Cinema Coop Buôn Ma Thuột,,2026-10-06T08:30:00.000Z,2026-10-06T10:45:00.000Z,TWO_D,Phụ Đề,2D Phụ Đề,SCHEDULED,MOCK,2026-10-05T14:56:13.530Z
ba9a542ed75b87f621a11ef74ebed7a23e20a240,trai-buon-nguoi,name:galaxy-cinema-coop-buon-ma-thuot,Galaxy Cinema Coop Buôn Ma Thuột,,2026-10-06T09:00:00.000Z,2026-10-06T11:15:00.000Z,TWO_D,Phụ Đề,2D Phụ Đề,SCHEDULED,MOCK,2026-10-05T14:56:13.530Z
0544434b8bde605a10fafd8d0d8943707f013885,trai-buon-nguoi,name:galaxy-cinema-coop-buon-ma-thuot,Galaxy Cinema Coop Buôn Ma Thuột,,2026-10-06T09:30:00.000Z,2026-10-06T11:45:00.000Z,TWO_D,Phụ Đề,2D Phụ Đề,SCHEDULED,MOCK,2026-10-05T14:56:13.530Z
50713f160a1a52da4b74e840448ac70035c1c3ac,trai-buon-nguoi,name:galaxy-cinema-coop-buon-ma-thuot,Galaxy Cinema Coop Buôn Ma Thuột,,2026-10-06T10:15:00.000Z,2026-10-06T12:30:00.000Z,TWO_D,Phụ Đề,2D Phụ Đề,SCHEDULED,MOCK,2026-10-05T14:56:13.530Z
1c45e38c0dc0e579e2916b9cebaa70988c866393,trai-buon-nguoi,name:galaxy-cinema-coop-buon-ma-thuot,Galaxy Cinema Coop Buôn Ma Thuột,,2026-10-06T11:00:00.000Z,2026-10-06T13:15:00.000Z,TWO_D,Phụ Đề,2D Phụ Đề,SCHEDULED,MOCK,2026-10-05T14:56:13.530Z
d592b5fd7fa159b0f884934f726ff5ea6721dcad,trai-buon-nguoi,name:galaxy-cinema-coop-buon-ma-thuot,Galaxy Cinema Coop Buôn Ma Thuột,,2026-10-06T11:30:00.000Z,2026-10-06T13:45:00.000Z,TWO_D,Phụ Đề,2D Phụ Đề,SCHEDULED,MOCK,2026-10-05T14:56:13.530Z
759c2eb5ce643790cf89453edc7fb9c0e6828f49,trai-buon-nguoi,name:galaxy-cinema-coop-buon-ma-thuot,Galaxy Cinema Coop Buôn Ma Thuột,,2026-10-06T12:00:00.000Z,2026-10-06T14:15:00.000Z,TWO_D,Phụ Đề,2D Phụ Đề,SCHEDULED,MOCK,2026-10-05T14:56:13.530Z
2e48eaf184e47f463f6515c9bd8bdf52832fd458,trai-buon-nguoi,name:galaxy-cinema-coop-buon-ma-thuot,Galaxy Cinema Coop Buôn Ma Thuột,,2026-10-06T12:15:00.000Z,2026-10-06T14:30:00.000Z,TWO_D,Phụ Đề,2D Phụ Đề,SCHEDULED,MOCK,2026-10-05T14:56:13.531Z
cced23b953b9feed2e1bd7e953b91870c5d7bade,trai-buon-nguoi,name:galaxy-cinema-coop-buon-ma-thuot,Galaxy Cinema Coop Buôn Ma Thuột,,2026-10-06T12:45:00.000Z,2026-10-06T15:00:00.000Z,TWO_D,Phụ Đề,2D Phụ Đề,SCHEDULED,MOCK,2026-10-05T14:56:13.531Z
8b1dc6b6a295adb32b058bd85de8ad0322b85b4a,trai-buon-nguoi,name:galaxy-cinema-coop-buon-ma-thuot,Galaxy Cinema Coop Buôn Ma Thuột,,2026-10-06T13:30:00.000Z,2026-10-06T15:45:00.000Z,TWO_D,Phụ Đề,2D Phụ Đề,SCHEDULED,MOCK,2026-10-05T14:56:13.531Z
ababa5080d8fbd9ae6cf63b512773ca4280ead27,trai-buon-nguoi,name:galaxy-cinema-coop-buon-ma-thuot,Galaxy Cinema Coop Buôn Ma Thuột,,2026-10-06T14:00:00.000Z,2026-10-06T16:15:00.000Z,TWO_D,Phụ Đề,2D Phụ Đề,SCHEDULED,MOCK,2026-10-05T14:56:13.531Z
1986c45af4ac3d01fdd05d291cc2a3949b066728,trai-buon-nguoi,name:galaxy-cinema-coop-buon-ma-thuot,Galaxy Cinema Coop Buôn Ma Thuột,,2026-10-06T14:30:00.000Z,2026-10-06T16:45:00.000Z,TWO_D,Phụ Đề,2D Phụ Đề,SCHEDULED,MOCK,2026-10-05T14:56:13.531Z
e656dd557f2e636dab420037837365a479e56865,trai-buon-nguoi,name:galaxy-cinema-coop-buon-ma-thuot,Galaxy Cinema Coop Buôn Ma Thuột,,2026-10-06T15:00:00.000Z,2026-10-06T17:15:00.000Z,TWO_D,Phụ Đề,2D Phụ Đề,SCHEDULED,MOCK,2026-10-05T14:56:13.531Z
1b6c39944ad634164660ec86a20ddd8f78c6c44c,trai-buon-nguoi,name:galaxy-cinema-coop-buon-ma-thuot,Galaxy Cinema Coop Buôn Ma Thuột,,2026-10-06T15:15:00.000Z,2026-10-06T17:30:00.000Z,TWO_D,Phụ Đề,2D Phụ Đề,SCHEDULED,MOCK,2026-10-05T14:56:13.531Z
e6a44c4a43334645b6e07d66e4a743a27ba892b2,trai-buon-nguoi,name:galaxy-cinema-long-xuyen,Galaxy Cinema Long Xuyên,,2026-10-06T02:00:00.000Z,2026-10-06T04:15:00.000Z,TWO_D,Phụ Đề,2D Phụ Đề,SCHEDULED,MOCK,2026-10-05T14:56:13.531Z
6a367d92ae36fe19650410614a726766e730c205,trai-buon-nguoi,name:galaxy-cinema-long-xuyen,Galaxy Cinema Long Xuyên,,2026-10-06T02:45:00.000Z,2026-10-06T05:00:00.000Z,TWO_D,Phụ Đề,2D Phụ Đề,SCHEDULED,MOCK,2026-10-05T14:56:13.531Z
f46469342063d736692e7f72c58520d5bf86f83c,trai-buon-nguoi,name:galaxy-cinema-long-xuyen,Galaxy Cinema Long Xuyên,,2026-10-06T03:30:00.000Z,2026-10-06T05:45:00.000Z,TWO_D,Phụ Đề,2D Phụ Đề,SCHEDULED,MOCK,2026-10-05T14:56:13.531Z
1aecad2629cf7b7dc793593634be9132ce478555,trai-buon-nguoi,name:galaxy-cinema-long-xuyen,Galaxy Cinema Long Xuyên,,2026-10-06T04:00:00.000Z,2026-10-06T06:15:00.000Z,TWO_D,Phụ Đề,2D Phụ Đề,SCHEDULED,MOCK,2026-10-05T14:56:13.531Z
208f260cb8ad98454372bd68f325f5f0d0a59026,trai-buon-nguoi,name:galaxy-cinema-long-xuyen,Galaxy Cinema Long Xuyên,,2026-10-06T04:30:00.000Z,2026-10-06T06:45:00.000Z,TWO_D,Phụ Đề,2D Phụ Đề,SCHEDULED,MOCK,2026-10-05T14:56:13.531Z
8ca1556f2b013947b859d41fd16f1ceccc25f3b4,trai-buon-nguoi,name:galaxy-cinema-long-xuyen,Galaxy Cinema Long Xuyên,,2026-10-06T05:15:00.000Z,2026-10-06T07:30:00.000Z,TWO_D,Phụ Đề,2D Phụ Đề,SCHEDULED,MOCK,2026-10-05T14:56:13.531Z
9c2d50a4bbfc652635ddb5beda0d90891165e606,trai-buon-nguoi,name:galaxy-cinema-long-xuyen,Galaxy Cinema Long Xuyên,,2026-10-06T06:00:00.000Z,2026-10-06T08:15:00.000Z,TWO_D,Phụ Đề,2D Phụ Đề,SCHEDULED,MOCK,2026-10-05T14:56:13.531Z
f55f60d87350c76e4a82e415b782693035d74bd8,trai-buon-nguoi,name:galaxy-cinema-long-xuyen,Galaxy Cinema Long Xuyên,,2026-10-06T06:30:00.000Z,2026-10-06T08:45:00.000Z,TWO_D,Phụ Đề,2D Phụ Đề,SCHEDULED,MOCK,2026-10-05T14:56:13.531Z
2a9b551b500dbd7a2b42c115267b6cdfd3f10ceb,trai-buon-nguoi,name:galaxy-cinema-long-xuyen,Galaxy Cinema Long Xuyên,,2026-10-06T07:00:00.000Z,2026-10-06T09:15:00.000Z,TWO_D,Phụ Đề,2D Phụ Đề,SCHEDULED,MOCK,2026-10-05T14:56:13.531Z
fa14d00d62a10200de321281a67646fff9ef7526,trai-buon-nguoi,name:galaxy-cinema-long-xuyen,Galaxy Cinema Long Xuyên,,2026-10-06T07:45:00.000Z,2026-10-06T10:00:00.000Z,TWO_D,Phụ Đề,2D Phụ Đề,SCHEDULED,MOCK,2026-10-05T14:56:13.531Z
334a7adeacc3e0109562fd2eec03e38f2323edf7,trai-buon-nguoi,name:galaxy-cinema-long-xuyen,Galaxy Cinema Long Xuyên,,2026-10-06T08:30:00.000Z,2026-10-06T10:45:00.000Z,TWO_D,Phụ Đề,2D Phụ Đề,SCHEDULED,MOCK,2026-10-05T14:56:13.531Z
48ace713ffc67676f1749596dcaeb0665b3aef2d,trai-buon-nguoi,name:galaxy-cinema-long-xuyen,Galaxy Cinema Long Xuyên,,2026-10-06T09:00:00.000Z,2026-10-06T11:15:00.000Z,TWO_D,Phụ Đề,2D Phụ Đề,SCHEDULED,MOCK,2026-10-05T14:56:13.531Z
1374fc3e4c345d4ae9989ef16e490d2b2d18c204,trai-buon-nguoi,name:galaxy-cinema-long-xuyen,Galaxy Cinema Long Xuyên,,2026-10-06T09:30:00.000Z,2026-10-06T11:45:00.000Z,TWO_D,Phụ Đề,2D Phụ Đề,SCHEDULED,MOCK,2026-10-05T14:56:13.531Z
ff51b7182cb4133e169caaab96c077a2429a392e,trai-buon-nguoi,name:galaxy-cinema-long-xuyen,Galaxy Cinema Long Xuyên,,2026-10-06T10:15:00.000Z,2026-10-06T12:30:00.000Z,TWO_D,Phụ Đề,2D Phụ Đề,SCHEDULED,MOCK,2026-10-05T14:56:13.531Z
3b0fa5a8eda3c829f910f2558d2ccd9db54fd093,trai-buon-nguoi,name:galaxy-cinema-long-xuyen,Galaxy Cinema Long Xuyên,,2026-10-06T11:00:00.000Z,2026-10-06T13:15:00.000Z,TWO_D,Phụ Đề,2D Phụ Đề,SCHEDULED,MOCK,2026-10-05T14:56:13.531Z
12be8ca3b1028e4ca9f4865ec5da61b7741257c3,trai-buon-nguoi,name:galaxy-cinema-long-xuyen,Galaxy Cinema Long Xuyên,,2026-10-06T11:30:00.000Z,2026-10-06T13:45:00.000Z,TWO_D,Phụ Đề,2D Phụ Đề,SCHEDULED,MOCK,2026-10-05T14:56:13.531Z
e79840b2492158d378ce9fec8ce4c652d79f0621,trai-buon-nguoi,name:galaxy-cinema-long-xuyen,Galaxy Cinema Long Xuyên,,2026-10-06T12:00:00.000Z,2026-10-06T14:15:00.000Z,TWO_D,Phụ Đề,2D Phụ Đề,SCHEDULED,MOCK,2026-10-05T14:56:13.538Z
182fb8645310661da219ae6e5dc15da4ae7ec841,trai-buon-nguoi,name:galaxy-cinema-long-xuyen,Galaxy Cinema Long Xuyên,,2026-10-06T12:30:00.000Z,2026-10-06T14:45:00.000Z,TWO_D,Phụ Đề,2D Phụ Đề,SCHEDULED,MOCK,2026-10-05T14:56:13.538Z
1de041fa94e8c9e076c04ee7e6400dd3e28622b9,trai-buon-nguoi,name:galaxy-cinema-long-xuyen,Galaxy Cinema Long Xuyên,,2026-10-06T12:45:00.000Z,2026-10-06T15:00:00.000Z,TWO_D,Phụ Đề,2D Phụ Đề,SCHEDULED,MOCK,2026-10-05T14:56:13.538Z
7beba56c9825ddea2b78fab3700848104cbb4ada,trai-buon-nguoi,name:galaxy-cinema-long-xuyen,Galaxy Cinema Long Xuyên,,2026-10-06T13:30:00.000Z,2026-10-06T15:45:00.000Z,TWO_D,Phụ Đề,2D Phụ Đề,SCHEDULED,MOCK,2026-10-05T14:56:13.539Z
18dc0cba808e4a3335f10422398763b7e4636395,trai-buon-nguoi,name:galaxy-cinema-long-xuyen,Galaxy Cinema Long Xuyên,,2026-10-06T14:00:00.000Z,2026-10-06T16:15:00.000Z,TWO_D,Phụ Đề,2D Phụ Đề,SCHEDULED,MOCK,2026-10-05T14:56:13.540Z
1d27b7b015a40446aed544f8a7fa8833d95a85bf,trai-buon-nguoi,name:galaxy-cinema-long-xuyen,Galaxy Cinema Long Xuyên,,2026-10-06T14:30:00.000Z,2026-10-06T16:45:00.000Z,TWO_D,Phụ Đề,2D Phụ Đề,SCHEDULED,MOCK,2026-10-05T14:56:13.540Z
8762dbfa5c3161479d32415afa1be0774e3eb7cf,trai-buon-nguoi,name:galaxy-cinema-long-xuyen,Galaxy Cinema Long Xuyên,,2026-10-06T15:00:00.000Z,2026-10-06T17:15:00.000Z,TWO_D,Phụ Đề,2D Phụ Đề,SCHEDULED,MOCK,2026-10-05T14:56:13.540Z
c256c83f2f2e875e014b79a36fa864fed03371ea,trai-buon-nguoi,name:galaxy-cinema-long-xuyen,Galaxy Cinema Long Xuyên,,2026-10-06T15:15:00.000Z,2026-10-06T17:30:00.000Z,TWO_D,Phụ Đề,2D Phụ Đề,SCHEDULED,MOCK,2026-10-05T14:56:13.540Z
7f22504064b2209fc03d6d6f5124781cdbe8b74b,trai-buon-nguoi,galaxy-truong-chinh,Galaxy Cinema Coop Trường Chinh,,2026-10-06T02:00:00.000Z,2026-10-06T04:15:00.000Z,TWO_D,Phụ Đề,2D Phụ Đề,SCHEDULED,MOCK,2026-10-05T14:56:13.540Z
c8d115ee3bba89099357cb67a749e75ebd7ea443,trai-buon-nguoi,galaxy-truong-chinh,Galaxy Cinema Coop Trường Chinh,,2026-10-06T03:00:00.000Z,2026-10-06T05:15:00.000Z,TWO_D,Phụ Đề,2D Phụ Đề,SCHEDULED,MOCK,2026-10-05T14:56:13.540Z
c0257166c34d8994cd7ea3c536838e9d47f1faaa,trai-buon-nguoi,galaxy-truong-chinh,Galaxy Cinema Coop Trường Chinh,,2026-10-06T03:30:00.000Z,2026-10-06T05:45:00.000Z,TWO_D,Phụ Đề,2D Phụ Đề,SCHEDULED,MOCK,2026-10-05T14:56:13.540Z
3714a181a9535a208f9c9c380a8f1b697c9a8ef2,trai-buon-nguoi,galaxy-truong-chinh,Galaxy Cinema Coop Trường Chinh,,2026-10-06T04:00:00.000Z,2026-10-06T06:15:00.000Z,TWO_D,Phụ Đề,2D Phụ Đề,SCHEDULED,MOCK,2026-10-05T14:56:13.540Z
d07108914219b0f82d45fa1f17d7650afba3801c,trai-buon-nguoi,galaxy-truong-chinh,Galaxy Cinema Coop Trường Chinh,,2026-10-06T04:30:00.000Z,2026-10-06T06:45:00.000Z,TWO_D,Phụ Đề,2D Phụ Đề,SCHEDULED,MOCK,2026-10-05T14:56:13.540Z
1f50e0d1a15b61376a2535f65689ae61e630bd5a,trai-buon-nguoi,galaxy-truong-chinh,Galaxy Cinema Coop Trường Chinh,,2026-10-06T05:00:00.000Z,2026-10-06T07:15:00.000Z,TWO_D,Phụ Đề,2D Phụ Đề,SCHEDULED,MOCK,2026-10-05T14:56:13.540Z
f1bdaa41e78d2fc9694ed649375b67cd0a97163e,trai-buon-nguoi,galaxy-truong-chinh,Galaxy Cinema Coop Trường Chinh,,2026-10-06T05:30:00.000Z,2026-10-06T07:45:00.000Z,TWO_D,Phụ Đề,2D Phụ Đề,SCHEDULED,MOCK,2026-10-05T14:56:13.541Z
45da9d34915010256f1b81508d3fe0e41eda41aa,trai-buon-nguoi,galaxy-truong-chinh,Galaxy Cinema Coop Trường Chinh,,2026-10-06T06:30:00.000Z,2026-10-06T08:45:00.000Z,TWO_D,Phụ Đề,2D Phụ Đề,SCHEDULED,MOCK,2026-10-05T14:56:13.541Z
54d9efd7b28061d7bcd71a006c4bb735332dc560,trai-buon-nguoi,galaxy-truong-chinh,Galaxy Cinema Coop Trường Chinh,,2026-10-06T07:00:00.000Z,2026-10-06T09:15:00.000Z,TWO_D,Phụ Đề,2D Phụ Đề,SCHEDULED,MOCK,2026-10-05T14:56:13.541Z
2623d2a828bda9ee4f38f08139061f74d25349e9,trai-buon-nguoi,galaxy-truong-chinh,Galaxy Cinema Coop Trường Chinh,,2026-10-06T07:30:00.000Z,2026-10-06T09:45:00.000Z,TWO_D,Phụ Đề,2D Phụ Đề,SCHEDULED,MOCK,2026-10-05T14:56:13.541Z
8cf84e345ea3f160680ec83648cd63b47da80aef,trai-buon-nguoi,galaxy-truong-chinh,Galaxy Cinema Coop Trường Chinh,,2026-10-06T08:00:00.000Z,2026-10-06T10:15:00.000Z,TWO_D,Phụ Đề,2D Phụ Đề,SCHEDULED,MOCK,2026-10-05T14:56:13.541Z
a11df238a314a1af2f21e50042a99edeb54b3b00,trai-buon-nguoi,galaxy-truong-chinh,Galaxy Cinema Coop Trường Chinh,,2026-10-06T08:30:00.000Z,2026-10-06T10:45:00.000Z,TWO_D,Phụ Đề,2D Phụ Đề,SCHEDULED,MOCK,2026-10-05T14:56:13.541Z
f6f08490612b63cd4d8bed58766ec6c4fb3bffd5,trai-buon-nguoi,galaxy-truong-chinh,Galaxy Cinema Coop Trường Chinh,,2026-10-06T09:00:00.000Z,2026-10-06T11:15:00.000Z,TWO_D,Phụ Đề,2D Phụ Đề,SCHEDULED,MOCK,2026-10-05T14:56:13.541Z
4ca38c931bc7f361af4f006b6a236ab0ca60284c,trai-buon-nguoi,galaxy-truong-chinh,Galaxy Cinema Coop Trường Chinh,,2026-10-06T09:30:00.000Z,2026-10-06T11:45:00.000Z,TWO_D,Phụ Đề,2D Phụ Đề,SCHEDULED,MOCK,2026-10-05T14:56:13.541Z
1e9dfa207cb2ccb0550120dfd3ee793cb4d72438,trai-buon-nguoi,galaxy-truong-chinh,Galaxy Cinema Coop Trường Chinh,,2026-10-06T10:00:00.000Z,2026-10-06T12:15:00.000Z,TWO_D,Phụ Đề,2D Phụ Đề,SCHEDULED,MOCK,2026-10-05T14:56:13.541Z
48f5ff24b20833dbd44c27c723dd6b0e0f47ef5f,trai-buon-nguoi,galaxy-truong-chinh,Galaxy Cinema Coop Trường Chinh,,2026-10-06T10:30:00.000Z,2026-10-06T12:45:00.000Z,TWO_D,Phụ Đề,2D Phụ Đề,SCHEDULED,MOCK,2026-10-05T14:56:13.541Z
726c71add76a70443beed6bcd2dcfb37e783a844,trai-buon-nguoi,galaxy-truong-chinh,Galaxy Cinema Coop Trường Chinh,,2026-10-06T11:00:00.000Z,2026-10-06T13:15:00.000Z,TWO_D,Phụ Đề,2D Phụ Đề,SCHEDULED,MOCK,2026-10-05T14:56:13.541Z
fc6813c5d7c079ee589e6290e975949a2d54e5ee,trai-buon-nguoi,galaxy-truong-chinh,Galaxy Cinema Coop Trường Chinh,,2026-10-06T11:15:00.000Z,2026-10-06T13:30:00.000Z,TWO_D,Phụ Đề,2D Phụ Đề,SCHEDULED,MOCK,2026-10-05T14:56:13.541Z
a8752d146515c1d4813c8224e425f51f70e97a7f,trai-buon-nguoi,galaxy-truong-chinh,Galaxy Cinema Coop Trường Chinh,,2026-10-06T11:30:00.000Z,2026-10-06T13:45:00.000Z,TWO_D,Phụ Đề,2D Phụ Đề,SCHEDULED,MOCK,2026-10-05T14:56:13.541Z
eb61661256546e5be49c015d5adbcc03b858cde5,trai-buon-nguoi,galaxy-truong-chinh,Galaxy Cinema Coop Trường Chinh,,2026-10-06T12:00:00.000Z,2026-10-06T14:15:00.000Z,TWO_D,Phụ Đề,2D Phụ Đề,SCHEDULED,MOCK,2026-10-05T14:56:13.541Z
1a6ca144ee8f6b7f737bdcdbbc183c60ca25782f,trai-buon-nguoi,galaxy-truong-chinh,Galaxy Cinema Coop Trường Chinh,,2026-10-06T12:30:00.000Z,2026-10-06T14:45:00.000Z,TWO_D,Phụ Đề,2D Phụ Đề,SCHEDULED,MOCK,2026-10-05T14:56:13.541Z
172a32f0e2636a13cd996f90d548184680638715,trai-buon-nguoi,galaxy-truong-chinh,Galaxy Cinema Coop Trường Chinh,,2026-10-06T13:00:00.000Z,2026-10-06T15:15:00.000Z,TWO_D,Phụ Đề,2D Phụ Đề,SCHEDULED,MOCK,2026-10-05T14:56:13.541Z
3b416255dde1224d0e33d4020453608fbeedcf36,trai-buon-nguoi,galaxy-truong-chinh,Galaxy Cinema Coop Trường Chinh,,2026-10-06T13:30:00.000Z,2026-10-06T15:45:00.000Z,TWO_D,Phụ Đề,2D Phụ Đề,SCHEDULED,MOCK,2026-10-05T14:56:13.541Z
2b2ff68bac6a7c3ba79d27bc4faf9e19c1b10cd9,trai-buon-nguoi,galaxy-truong-chinh,Galaxy Cinema Coop Trường Chinh,,2026-10-06T13:45:00.000Z,2026-10-06T16:00:00.000Z,TWO_D,Phụ Đề,2D Phụ Đề,SCHEDULED,MOCK,2026-10-05T14:56:13.541Z
370d14e274ee3238015338dfa68ed69ec6376eb0,trai-buon-nguoi,galaxy-truong-chinh,Galaxy Cinema Coop Trường Chinh,,2026-10-06T14:00:00.000Z,2026-10-06T16:15:00.000Z,TWO_D,Phụ Đề,2D Phụ Đề,SCHEDULED,MOCK,2026-10-05T14:56:13.541Z
c79753aa34b15c8de006c3acadb3dce55f74e9eb,trai-buon-nguoi,galaxy-truong-chinh,Galaxy Cinema Coop Trường Chinh,,2026-10-06T14:30:00.000Z,2026-10-06T16:45:00.000Z,TWO_D,Phụ Đề,2D Phụ Đề,SCHEDULED,MOCK,2026-10-05T14:56:13.541Z
87bd532af2c6fd3755bd93203a646fb4e59cc3c0,trai-buon-nguoi,galaxy-truong-chinh,Galaxy Cinema Coop Trường Chinh,,2026-10-06T15:00:00.000Z,2026-10-06T17:15:00.000Z,TWO_D,Phụ Đề,2D Phụ Đề,SCHEDULED,MOCK,2026-10-05T14:56:13.541Z
94494bf978f083d9a012c2535e1d8a720bc5b4a8,trai-buon-nguoi,galaxy-truong-chinh,Galaxy Cinema Coop Trường Chinh,,2026-10-06T15:30:00.000Z,2026-10-06T17:45:00.000Z,TWO_D,Phụ Đề,2D Phụ Đề,SCHEDULED,MOCK,2026-10-05T14:56:13.541Z
d59d34f8b537434c9e4ebbbd5edde5bf244d76fc,trai-buon-nguoi,galaxy-truong-chinh,Galaxy Cinema Coop Trường Chinh,,2026-10-06T16:00:00.000Z,2026-10-06T18:15:00.000Z,TWO_D,Phụ Đề,2D Phụ Đề,SCHEDULED,MOCK,2026-10-05T14:56:13.541Z
c976da54860c77e94c65bf01325023a2123b638d,trai-buon-nguoi,galaxy-truong-chinh,Galaxy Cinema Coop Trường Chinh,,2026-10-06T16:15:00.000Z,2026-10-06T18:30:00.000Z,TWO_D,Phụ Đề,2D Phụ Đề,SCHEDULED,MOCK,2026-10-05T14:56:13.541Z
8dd8a94aa6cadd3227b71882e4ddf4f7e034da5b,trai-buon-nguoi,name:galaxy-cinema-go-ba-ria,Galaxy Cinema GO! Bà Rịa,,2026-10-06T02:00:00.000Z,2026-10-06T04:15:00.000Z,TWO_D,Phụ Đề,2D Phụ Đề,SCHEDULED,MOCK,2026-10-05T14:56:13.541Z
52c67fced36c38cfc98c1950bf987362c73c778a,trai-buon-nguoi,name:galaxy-cinema-go-ba-ria,Galaxy Cinema GO! Bà Rịa,,2026-10-06T02:45:00.000Z,2026-10-06T05:00:00.000Z,TWO_D,Phụ Đề,2D Phụ Đề,SCHEDULED,MOCK,2026-10-05T14:56:13.541Z
ec9c8a12074d88e831b33a002071dc9486ae3a29,trai-buon-nguoi,name:galaxy-cinema-go-ba-ria,Galaxy Cinema GO! Bà Rịa,,2026-10-06T03:30:00.000Z,2026-10-06T05:45:00.000Z,TWO_D,Phụ Đề,2D Phụ Đề,SCHEDULED,MOCK,2026-10-05T14:56:13.541Z
637925520b07e6ca3daa17622651024b7f8be82e,trai-buon-nguoi,name:galaxy-cinema-go-ba-ria,Galaxy Cinema GO! Bà Rịa,,2026-10-06T04:00:00.000Z,2026-10-06T06:15:00.000Z,TWO_D,Phụ Đề,2D Phụ Đề,SCHEDULED,MOCK,2026-10-05T14:56:13.541Z
8d0f476b23f609a5f02cd5774114b4541ba62f82,trai-buon-nguoi,name:galaxy-cinema-go-ba-ria,Galaxy Cinema GO! Bà Rịa,,2026-10-06T04:30:00.000Z,2026-10-06T06:45:00.000Z,TWO_D,Phụ Đề,2D Phụ Đề,SCHEDULED,MOCK,2026-10-05T14:56:13.541Z
dc015e137e502f6f70bb93bc38579f927cb29781,trai-buon-nguoi,name:galaxy-cinema-go-ba-ria,Galaxy Cinema GO! Bà Rịa,,2026-10-06T05:15:00.000Z,2026-10-06T07:30:00.000Z,TWO_D,Phụ Đề,2D Phụ Đề,SCHEDULED,MOCK,2026-10-05T14:56:13.541Z
d34aee94a348c56073a493ef8c538f55a89e59c0,trai-buon-nguoi,name:galaxy-cinema-go-ba-ria,Galaxy Cinema GO! Bà Rịa,,2026-10-06T06:00:00.000Z,2026-10-06T08:15:00.000Z,TWO_D,Phụ Đề,2D Phụ Đề,SCHEDULED,MOCK,2026-10-05T14:56:13.541Z
39f48da95a2642d7fef82cae7cf0dca8cddf668d,trai-buon-nguoi,name:galaxy-cinema-go-ba-ria,Galaxy Cinema GO! Bà Rịa,,2026-10-06T06:30:00.000Z,2026-10-06T08:45:00.000Z,TWO_D,Phụ Đề,2D Phụ Đề,SCHEDULED,MOCK,2026-10-05T14:56:13.541Z
7ff2d9730ba511db2d9285eaaeda682e4a772989,trai-buon-nguoi,name:galaxy-cinema-go-ba-ria,Galaxy Cinema GO! Bà Rịa,,2026-10-06T07:00:00.000Z,2026-10-06T09:15:00.000Z,TWO_D,Phụ Đề,2D Phụ Đề,SCHEDULED,MOCK,2026-10-05T14:56:13.541Z
2d58efe144f122907cd202649f7e398e8a20a081,trai-buon-nguoi,name:galaxy-cinema-go-ba-ria,Galaxy Cinema GO! Bà Rịa,,2026-10-06T07:45:00.000Z,2026-10-06T10:00:00.000Z,TWO_D,Phụ Đề,2D Phụ Đề,SCHEDULED,MOCK,2026-10-05T14:56:13.541Z
0f064286723a966c56d83b5a696b9603722c3df3,trai-buon-nguoi,name:galaxy-cinema-go-ba-ria,Galaxy Cinema GO! Bà Rịa,,2026-10-06T08:30:00.000Z,2026-10-06T10:45:00.000Z,TWO_D,Phụ Đề,2D Phụ Đề,SCHEDULED,MOCK,2026-10-05T14:56:13.541Z
96440e338586ee6b5f2c5f0344a2b9676595b267,trai-buon-nguoi,name:galaxy-cinema-go-ba-ria,Galaxy Cinema GO! Bà Rịa,,2026-10-06T09:00:00.000Z,2026-10-06T11:15:00.000Z,TWO_D,Phụ Đề,2D Phụ Đề,SCHEDULED,MOCK,2026-10-05T14:56:13.542Z
9704e70fa8860ee3c88409fe0c995aeccc192e42,trai-buon-nguoi,name:galaxy-cinema-go-ba-ria,Galaxy Cinema GO! Bà Rịa,,2026-10-06T09:30:00.000Z,2026-10-06T11:45:00.000Z,TWO_D,Phụ Đề,2D Phụ Đề,SCHEDULED,MOCK,2026-10-05T14:56:13.542Z
b3ce791a742dacd290d3469f859f679ec83587aa,trai-buon-nguoi,name:galaxy-cinema-go-ba-ria,Galaxy Cinema GO! Bà Rịa,,2026-10-06T10:15:00.000Z,2026-10-06T12:30:00.000Z,TWO_D,Phụ Đề,2D Phụ Đề,SCHEDULED,MOCK,2026-10-05T14:56:13.542Z
f21a38790ad8f6186b78f21bd9b62398b035f672,trai-buon-nguoi,name:galaxy-cinema-go-ba-ria,Galaxy Cinema GO! Bà Rịa,,2026-10-06T11:00:00.000Z,2026-10-06T13:15:00.000Z,TWO_D,Phụ Đề,2D Phụ Đề,SCHEDULED,MOCK,2026-10-05T14:56:13.542Z
de05e7cb89b20482f63c8b2f5d3364eb96548e3c,trai-buon-nguoi,name:galaxy-cinema-go-ba-ria,Galaxy Cinema GO! Bà Rịa,,2026-10-06T11:30:00.000Z,2026-10-06T13:45:00.000Z,TWO_D,Phụ Đề,2D Phụ Đề,SCHEDULED,MOCK,2026-10-05T14:56:13.542Z
95317269cc5830b6335caa30e84ebc1f5cdc70b1,trai-buon-nguoi,name:galaxy-cinema-go-ba-ria,Galaxy Cinema GO! Bà Rịa,,2026-10-06T12:00:00.000Z,2026-10-06T14:15:00.000Z,TWO_D,Phụ Đề,2D Phụ Đề,SCHEDULED,MOCK,2026-10-05T14:56:13.542Z
b577ab2cca01aaf60dc6d66e3f92d8db79e98c08,trai-buon-nguoi,name:galaxy-cinema-go-ba-ria,Galaxy Cinema GO! Bà Rịa,,2026-10-06T12:15:00.000Z,2026-10-06T14:30:00.000Z,TWO_D,Phụ Đề,2D Phụ Đề,SCHEDULED,MOCK,2026-10-05T14:56:13.542Z
dd50a6318d08987147d3df0d450ee86c82db883e,trai-buon-nguoi,name:galaxy-cinema-go-ba-ria,Galaxy Cinema GO! Bà Rịa,,2026-10-06T12:45:00.000Z,2026-10-06T15:00:00.000Z,TWO_D,Phụ Đề,2D Phụ Đề,SCHEDULED,MOCK,2026-10-05T14:56:13.542Z
341f3ef3971000485ce6a06fd098f80cca922869,trai-buon-nguoi,name:galaxy-cinema-go-ba-ria,Galaxy Cinema GO! Bà Rịa,,2026-10-06T13:30:00.000Z,2026-10-06T15:45:00.000Z,TWO_D,Phụ Đề,2D Phụ Đề,SCHEDULED,MOCK,2026-10-05T14:56:13.542Z
59415dbf99fceb769ae2a6621fc37404fea81adc,trai-buon-nguoi,name:galaxy-cinema-go-ba-ria,Galaxy Cinema GO! Bà Rịa,,2026-10-06T14:00:00.000Z,2026-10-06T16:15:00.000Z,TWO_D,Phụ Đề,2D Phụ Đề,SCHEDULED,MOCK,2026-10-05T14:56:13.542Z
9986557b688b312afb1560ac920fc927d4086978,trai-buon-nguoi,name:galaxy-cinema-go-ba-ria,Galaxy Cinema GO! Bà Rịa,,2026-10-06T14:30:00.000Z,2026-10-06T16:45:00.000Z,TWO_D,Phụ Đề,2D Phụ Đề,SCHEDULED,MOCK,2026-10-05T14:56:13.542Z
23c6947d7a86332075c279676c7c6bf74dbbb977,trai-buon-nguoi,name:galaxy-cinema-go-ba-ria,Galaxy Cinema GO! Bà Rịa,,2026-10-06T15:00:00.000Z,2026-10-06T17:15:00.000Z,TWO_D,Phụ Đề,2D Phụ Đề,SCHEDULED,MOCK,2026-10-05T14:56:13.542Z
eb8bbbaa7435cbf792a095b185b9415e2378c766,trai-buon-nguoi,name:galaxy-cinema-go-ba-ria,Galaxy Cinema GO! Bà Rịa,,2026-10-06T15:15:00.000Z,2026-10-06T17:30:00.000Z,TWO_D,Phụ Đề,2D Phụ Đề,SCHEDULED,MOCK,2026-10-05T14:56:13.542Z
6e1813ad90b5919ce21fc89cc82e1aad8e9a5fb0,trai-buon-nguoi,name:galaxy-cinema-mipec-long-bien,Galaxy Cinema Mipec Long Biên,,2026-10-06T02:15:00.000Z,2026-10-06T04:30:00.000Z,TWO_D,Phụ Đề,2D Phụ Đề,SCHEDULED,MOCK,2026-10-05T14:56:13.542Z
33bc908fd6bfd38b0d03d6daba20027a825f3b0e,trai-buon-nguoi,name:galaxy-cinema-mipec-long-bien,Galaxy Cinema Mipec Long Biên,,2026-10-06T02:45:00.000Z,2026-10-06T05:00:00.000Z,TWO_D,Phụ Đề,2D Phụ Đề,SCHEDULED,MOCK,2026-10-05T14:56:13.542Z
fca70c089a5b5279646b800daa403753532efb7f,trai-buon-nguoi,name:galaxy-cinema-mipec-long-bien,Galaxy Cinema Mipec Long Biên,,2026-10-06T03:30:00.000Z,2026-10-06T05:45:00.000Z,TWO_D,Phụ Đề,2D Phụ Đề,SCHEDULED,MOCK,2026-10-05T14:56:13.542Z
73cf28163504dffe2fa8c9efd508b1fa1ca8ed3b,trai-buon-nguoi,name:galaxy-cinema-mipec-long-bien,Galaxy Cinema Mipec Long Biên,,2026-10-06T04:00:00.000Z,2026-10-06T06:15:00.000Z,TWO_D,Phụ Đề,2D Phụ Đề,SCHEDULED,MOCK,2026-10-05T14:56:13.542Z
212c7f602ee03d1964a7f20ce3839c298c1a662d,trai-buon-nguoi,name:galaxy-cinema-mipec-long-bien,Galaxy Cinema Mipec Long Biên,,2026-10-06T04:30:00.000Z,2026-10-06T06:45:00.000Z,TWO_D,Phụ Đề,2D Phụ Đề,SCHEDULED,MOCK,2026-10-05T14:56:13.542Z
42b2a4e71cef95ca7f84c76c7aef51fa895126d1,trai-buon-nguoi,name:galaxy-cinema-mipec-long-bien,Galaxy Cinema Mipec Long Biên,,2026-10-06T05:00:00.000Z,2026-10-06T07:15:00.000Z,TWO_D,Phụ Đề,2D Phụ Đề,SCHEDULED,MOCK,2026-10-05T14:56:13.542Z
f65e190cbd94124300edf3b4fc717708fd980850,trai-buon-nguoi,name:galaxy-cinema-mipec-long-bien,Galaxy Cinema Mipec Long Biên,,2026-10-06T05:30:00.000Z,2026-10-06T07:45:00.000Z,TWO_D,Phụ Đề,2D Phụ Đề,SCHEDULED,MOCK,2026-10-05T14:56:13.542Z
5070ac7fdeb6f0302f7d2eaa3b55088acb67c03f,trai-buon-nguoi,name:galaxy-cinema-mipec-long-bien,Galaxy Cinema Mipec Long Biên,,2026-10-06T06:00:00.000Z,2026-10-06T08:15:00.000Z,TWO_D,Phụ Đề,2D Phụ Đề,SCHEDULED,MOCK,2026-10-05T14:56:13.542Z
868330dfd698e25bfaf455446ae7d2c588a975a3,trai-buon-nguoi,name:galaxy-cinema-mipec-long-bien,Galaxy Cinema Mipec Long Biên,,2026-10-06T06:30:00.000Z,2026-10-06T08:45:00.000Z,TWO_D,Phụ Đề,2D Phụ Đề,SCHEDULED,MOCK,2026-10-05T14:56:13.543Z
ae7d9c17fedcbe5b92664611c7a8b3e16e98eed1,trai-buon-nguoi,name:galaxy-cinema-mipec-long-bien,Galaxy Cinema Mipec Long Biên,,2026-10-06T07:00:00.000Z,2026-10-06T09:15:00.000Z,TWO_D,Phụ Đề,2D Phụ Đề,SCHEDULED,MOCK,2026-10-05T14:56:13.543Z
888d3bf4ae0c3cf5824212102cf60aa004712214,trai-buon-nguoi,name:galaxy-cinema-mipec-long-bien,Galaxy Cinema Mipec Long Biên,,2026-10-06T07:30:00.000Z,2026-10-06T09:45:00.000Z,TWO_D,Phụ Đề,2D Phụ Đề,SCHEDULED,MOCK,2026-10-05T14:56:13.543Z
663cc56d59e8b2df56525d919953ff998f94150f,trai-buon-nguoi,name:galaxy-cinema-mipec-long-bien,Galaxy Cinema Mipec Long Biên,,2026-10-06T08:00:00.000Z,2026-10-06T10:15:00.000Z,TWO_D,Phụ Đề,2D Phụ Đề,SCHEDULED,MOCK,2026-10-05T14:56:13.543Z
d37450b87a6d91e3c95bffc9c5fb70956c9842ea,trai-buon-nguoi,name:galaxy-cinema-mipec-long-bien,Galaxy Cinema Mipec Long Biên,,2026-10-06T08:30:00.000Z,2026-10-06T10:45:00.000Z,TWO_D,Phụ Đề,2D Phụ Đề,SCHEDULED,MOCK,2026-10-05T14:56:13.543Z
3f7a193ded02b74746074ba2a139d03730a05006,trai-buon-nguoi,name:galaxy-cinema-mipec-long-bien,Galaxy Cinema Mipec Long Biên,,2026-10-06T09:00:00.000Z,2026-10-06T11:15:00.000Z,TWO_D,Phụ Đề,2D Phụ Đề,SCHEDULED,MOCK,2026-10-05T14:56:13.543Z
f743c81c81121de4db5eb3e56fb40ec22f0c4250,trai-buon-nguoi,name:galaxy-cinema-mipec-long-bien,Galaxy Cinema Mipec Long Biên,,2026-10-06T09:30:00.000Z,2026-10-06T11:45:00.000Z,TWO_D,Phụ Đề,2D Phụ Đề,SCHEDULED,MOCK,2026-10-05T14:56:13.543Z
279fb46c0072e7bb827581a66af22de6e102d20f,trai-buon-nguoi,name:galaxy-cinema-mipec-long-bien,Galaxy Cinema Mipec Long Biên,,2026-10-06T10:00:00.000Z,2026-10-06T12:15:00.000Z,TWO_D,Phụ Đề,2D Phụ Đề,SCHEDULED,MOCK,2026-10-05T14:56:13.543Z
1cabc747746ec079198879ebeaa265959003134d,trai-buon-nguoi,name:galaxy-cinema-mipec-long-bien,Galaxy Cinema Mipec Long Biên,,2026-10-06T10:30:00.000Z,2026-10-06T12:45:00.000Z,TWO_D,Phụ Đề,2D Phụ Đề,SCHEDULED,MOCK,2026-10-05T14:56:13.543Z
2b30633dce87d6174b807a10cbd560c0c414d6e3,trai-buon-nguoi,name:galaxy-cinema-mipec-long-bien,Galaxy Cinema Mipec Long Biên,,2026-10-06T11:00:00.000Z,2026-10-06T13:15:00.000Z,TWO_D,Phụ Đề,2D Phụ Đề,SCHEDULED,MOCK,2026-10-05T14:56:13.543Z
4a029e098cf3b2b120717c55d2092d0c6ecbbc87,trai-buon-nguoi,name:galaxy-cinema-mipec-long-bien,Galaxy Cinema Mipec Long Biên,,2026-10-06T11:30:00.000Z,2026-10-06T13:45:00.000Z,TWO_D,Phụ Đề,2D Phụ Đề,SCHEDULED,MOCK,2026-10-05T14:56:13.543Z
854b62a72ab2ae59e066ff2d3f0b42b13b8f48be,trai-buon-nguoi,name:galaxy-cinema-mipec-long-bien,Galaxy Cinema Mipec Long Biên,,2026-10-06T12:00:00.000Z,2026-10-06T14:15:00.000Z,TWO_D,Phụ Đề,2D Phụ Đề,SCHEDULED,MOCK,2026-10-05T14:56:13.543Z
55f6aee923d8ef13edf861482c47d5c12247da42,trai-buon-nguoi,name:galaxy-cinema-mipec-long-bien,Galaxy Cinema Mipec Long Biên,,2026-10-06T12:30:00.000Z,2026-10-06T14:45:00.000Z,TWO_D,Phụ Đề,2D Phụ Đề,SCHEDULED,MOCK,2026-10-05T14:56:13.543Z
d5d6ed88051ba7b77a9cf7107eb333a2566690af,trai-buon-nguoi,name:galaxy-cinema-mipec-long-bien,Galaxy Cinema Mipec Long Biên,,2026-10-06T12:45:00.000Z,2026-10-06T15:00:00.000Z,TWO_D,Phụ Đề,2D Phụ Đề,SCHEDULED,MOCK,2026-10-05T14:56:13.543Z
9efb1fc18bf6bafbf2703123842d52bed444749b,trai-buon-nguoi,name:galaxy-cinema-mipec-long-bien,Galaxy Cinema Mipec Long Biên,,2026-10-06T13:00:00.000Z,2026-10-06T15:15:00.000Z,TWO_D,Phụ Đề,2D Phụ Đề,SCHEDULED,MOCK,2026-10-05T14:56:13.543Z
8a1789804b358be2a691b972457b5a2dd6176028,trai-buon-nguoi,name:galaxy-cinema-mipec-long-bien,Galaxy Cinema Mipec Long Biên,,2026-10-06T13:15:00.000Z,2026-10-06T15:30:00.000Z,TWO_D,Phụ Đề,2D Phụ Đề,SCHEDULED,MOCK,2026-10-05T14:56:13.543Z
7ac4f8a082a509b1ae7287844a122bc8789c22fb,trai-buon-nguoi,name:galaxy-cinema-mipec-long-bien,Galaxy Cinema Mipec Long Biên,,2026-10-06T13:30:00.000Z,2026-10-06T15:45:00.000Z,TWO_D,Phụ Đề,2D Phụ Đề,SCHEDULED,MOCK,2026-10-05T14:56:13.543Z
673e6f8fb8100b9303a2669e64d9921236ae08e3,trai-buon-nguoi,name:galaxy-cinema-mipec-long-bien,Galaxy Cinema Mipec Long Biên,,2026-10-06T14:00:00.000Z,2026-10-06T16:15:00.000Z,TWO_D,Phụ Đề,2D Phụ Đề,SCHEDULED,MOCK,2026-10-05T14:56:13.543Z
bdc2fcb5f8d435894b9deaf6658f2df3df00d67e,trai-buon-nguoi,name:galaxy-cinema-mipec-long-bien,Galaxy Cinema Mipec Long Biên,,2026-10-06T14:30:00.000Z,2026-10-06T16:45:00.000Z,TWO_D,Phụ Đề,2D Phụ Đề,SCHEDULED,MOCK,2026-10-05T14:56:13.543Z
b99508f5e76cf9ddf6f0e6d0b44b53e6a9b36b30,trai-buon-nguoi,name:galaxy-cinema-mipec-long-bien,Galaxy Cinema Mipec Long Biên,,2026-10-06T15:00:00.000Z,2026-10-06T17:15:00.000Z,TWO_D,Phụ Đề,2D Phụ Đề,SCHEDULED,MOCK,2026-10-05T14:56:13.543Z
c941e171c4a433b239a697f3e51c2a3c5b927270,trai-buon-nguoi,name:galaxy-cinema-mipec-long-bien,Galaxy Cinema Mipec Long Biên,,2026-10-06T15:15:00.000Z,2026-10-06T17:30:00.000Z,TWO_D,Phụ Đề,2D Phụ Đề,SCHEDULED,MOCK,2026-10-05T14:56:13.543Z
93afc3549ffdf58b532b9dc71b885aab33d32aec,trai-buon-nguoi,name:galaxy-cinema-mipec-long-bien,Galaxy Cinema Mipec Long Biên,,2026-10-06T15:30:00.000Z,2026-10-06T17:45:00.000Z,TWO_D,Phụ Đề,2D Phụ Đề,SCHEDULED,MOCK,2026-10-05T14:56:13.543Z
057d41d604fd3d0bcd57fd8997d1bb145af3fc15,trai-buon-nguoi,name:galaxy-cinema-mipec-long-bien,Galaxy Cinema Mipec Long Biên,,2026-10-06T16:00:00.000Z,2026-10-06T18:15:00.000Z,TWO_D,Phụ Đề,2D Phụ Đề,SCHEDULED,MOCK,2026-10-05T14:56:13.543Z
1db86f48bbc9e76da111cff085664e1690c9936f,trai-buon-nguoi,name:galaxy-cinema-coop-da-nang,Galaxy Cinema Coop Đà Nẵng,,2026-10-06T02:15:00.000Z,2026-10-06T04:30:00.000Z,TWO_D,Phụ Đề,2D Phụ Đề,SCHEDULED,MOCK,2026-10-05T14:56:13.543Z
16dd39842a75cc8824d36755c6044b8742f32296,trai-buon-nguoi,name:galaxy-cinema-coop-da-nang,Galaxy Cinema Coop Đà Nẵng,,2026-10-06T03:00:00.000Z,2026-10-06T05:15:00.000Z,TWO_D,Phụ Đề,2D Phụ Đề,SCHEDULED,MOCK,2026-10-05T14:56:13.543Z
9e4ee34a179b9d9caf68dd8f3348dd6f86afc83c,trai-buon-nguoi,name:galaxy-cinema-coop-da-nang,Galaxy Cinema Coop Đà Nẵng,,2026-10-06T03:30:00.000Z,2026-10-06T05:45:00.000Z,TWO_D,Phụ Đề,2D Phụ Đề,SCHEDULED,MOCK,2026-10-05T14:56:13.543Z
51d3499002e2136d9b43ceff8be33a3c35b93f56,trai-buon-nguoi,name:galaxy-cinema-coop-da-nang,Galaxy Cinema Coop Đà Nẵng,,2026-10-06T04:15:00.000Z,2026-10-06T06:30:00.000Z,TWO_D,Phụ Đề,2D Phụ Đề,SCHEDULED,MOCK,2026-10-05T14:56:13.543Z
cfa26467c1f14b60fafc3b6b640d7e6fa5c837e8,trai-buon-nguoi,name:galaxy-cinema-coop-da-nang,Galaxy Cinema Coop Đà Nẵng,,2026-10-06T05:00:00.000Z,2026-10-06T07:15:00.000Z,TWO_D,Phụ Đề,2D Phụ Đề,SCHEDULED,MOCK,2026-10-05T14:56:13.543Z
c2d766e45ee408cbce1506eb8c096e69538be1ac,trai-buon-nguoi,name:galaxy-cinema-coop-da-nang,Galaxy Cinema Coop Đà Nẵng,,2026-10-06T05:30:00.000Z,2026-10-06T07:45:00.000Z,TWO_D,Phụ Đề,2D Phụ Đề,SCHEDULED,MOCK,2026-10-05T14:56:13.544Z
8b7d383fcf111c4e41efc85329e53bad9eed9f68,trai-buon-nguoi,name:galaxy-cinema-coop-da-nang,Galaxy Cinema Coop Đà Nẵng,,2026-10-06T06:00:00.000Z,2026-10-06T08:15:00.000Z,TWO_D,Phụ Đề,2D Phụ Đề,SCHEDULED,MOCK,2026-10-05T14:56:13.544Z
404c5d0119f2631e24d651c8e25c3a140676e6aa,trai-buon-nguoi,name:galaxy-cinema-coop-da-nang,Galaxy Cinema Coop Đà Nẵng,,2026-10-06T06:45:00.000Z,2026-10-06T09:00:00.000Z,TWO_D,Phụ Đề,2D Phụ Đề,SCHEDULED,MOCK,2026-10-05T14:56:13.544Z
377aeacbca90292548354f7192894332d155a952,trai-buon-nguoi,name:galaxy-cinema-coop-da-nang,Galaxy Cinema Coop Đà Nẵng,,2026-10-06T07:30:00.000Z,2026-10-06T09:45:00.000Z,TWO_D,Phụ Đề,2D Phụ Đề,SCHEDULED,MOCK,2026-10-05T14:56:13.544Z
11ad4eee9658e3c37dc238b1bcd56785b2213e9c,trai-buon-nguoi,name:galaxy-cinema-coop-da-nang,Galaxy Cinema Coop Đà Nẵng,,2026-10-06T08:00:00.000Z,2026-10-06T10:15:00.000Z,TWO_D,Phụ Đề,2D Phụ Đề,SCHEDULED,MOCK,2026-10-05T14:56:13.544Z
8b005fbfd1b518a90352cfd7d2d266763f3192eb,trai-buon-nguoi,name:galaxy-cinema-coop-da-nang,Galaxy Cinema Coop Đà Nẵng,,2026-10-06T08:30:00.000Z,2026-10-06T10:45:00.000Z,TWO_D,Phụ Đề,2D Phụ Đề,SCHEDULED,MOCK,2026-10-05T14:56:13.544Z
a409dc4920f8fca10ae0192a077e83ac6836b1a5,trai-buon-nguoi,name:galaxy-cinema-coop-da-nang,Galaxy Cinema Coop Đà Nẵng,,2026-10-06T09:15:00.000Z,2026-10-06T11:30:00.000Z,TWO_D,Phụ Đề,2D Phụ Đề,SCHEDULED,MOCK,2026-10-05T14:56:13.544Z
7c18aefb98acda8e9e64693fdb7797f03eadf5ca,trai-buon-nguoi,name:galaxy-cinema-coop-da-nang,Galaxy Cinema Coop Đà Nẵng,,2026-10-06T10:00:00.000Z,2026-10-06T12:15:00.000Z,TWO_D,Phụ Đề,2D Phụ Đề,SCHEDULED,MOCK,2026-10-05T14:56:13.544Z
4e8fbdf9c0c0327889d25d73632d73c4788a43cd,trai-buon-nguoi,name:galaxy-cinema-coop-da-nang,Galaxy Cinema Coop Đà Nẵng,,2026-10-06T10:30:00.000Z,2026-10-06T12:45:00.000Z,TWO_D,Phụ Đề,2D Phụ Đề,SCHEDULED,MOCK,2026-10-05T14:56:13.544Z
c04d1b08dbaae8969c0e8af1e7324754c2bfdff8,trai-buon-nguoi,name:galaxy-cinema-coop-da-nang,Galaxy Cinema Coop Đà Nẵng,,2026-10-06T11:00:00.000Z,2026-10-06T13:15:00.000Z,TWO_D,Phụ Đề,2D Phụ Đề,SCHEDULED,MOCK,2026-10-05T14:56:13.544Z
3bad5cc129a4c479c641dc1d871d1da31a00ff44,trai-buon-nguoi,name:galaxy-cinema-coop-da-nang,Galaxy Cinema Coop Đà Nẵng,,2026-10-06T11:30:00.000Z,2026-10-06T13:45:00.000Z,TWO_D,Phụ Đề,2D Phụ Đề,SCHEDULED,MOCK,2026-10-05T14:56:13.544Z
3b4b9e540a124466a9598a74a4851e1b5c1eaddc,trai-buon-nguoi,name:galaxy-cinema-coop-da-nang,Galaxy Cinema Coop Đà Nẵng,,2026-10-06T12:00:00.000Z,2026-10-06T14:15:00.000Z,TWO_D,Phụ Đề,2D Phụ Đề,SCHEDULED,MOCK,2026-10-05T14:56:13.544Z
d2385f491e68052970c993c3875a47676c5b732a,trai-buon-nguoi,name:galaxy-cinema-coop-da-nang,Galaxy Cinema Coop Đà Nẵng,,2026-10-06T12:30:00.000Z,2026-10-06T14:45:00.000Z,TWO_D,Phụ Đề,2D Phụ Đề,SCHEDULED,MOCK,2026-10-05T14:56:13.544Z
510503bb06bb0837f4c3535faedd252ab2d212ed,trai-buon-nguoi,name:galaxy-cinema-coop-da-nang,Galaxy Cinema Coop Đà Nẵng,,2026-10-06T13:00:00.000Z,2026-10-06T15:15:00.000Z,TWO_D,Phụ Đề,2D Phụ Đề,SCHEDULED,MOCK,2026-10-05T14:56:13.544Z
c12842d4bde2c6ead19188cce2025fb4f3355f2c,trai-buon-nguoi,name:galaxy-cinema-coop-da-nang,Galaxy Cinema Coop Đà Nẵng,,2026-10-06T13:30:00.000Z,2026-10-06T15:45:00.000Z,TWO_D,Phụ Đề,2D Phụ Đề,SCHEDULED,MOCK,2026-10-05T14:56:13.544Z
e4eb53338c9e3da6be93be09e1b4dad07938a35d,trai-buon-nguoi,name:galaxy-cinema-coop-da-nang,Galaxy Cinema Coop Đà Nẵng,,2026-10-06T14:00:00.000Z,2026-10-06T16:15:00.000Z,TWO_D,Phụ Đề,2D Phụ Đề,SCHEDULED,MOCK,2026-10-05T14:56:13.544Z
3c7a3c16ce3f726d5006d3a8e043676faccb2c7b,trai-buon-nguoi,name:galaxy-cinema-coop-da-nang,Galaxy Cinema Coop Đà Nẵng,,2026-10-06T14:30:00.000Z,2026-10-06T16:45:00.000Z,TWO_D,Phụ Đề,2D Phụ Đề,SCHEDULED,MOCK,2026-10-05T14:56:13.544Z
2ccc5ffee636055f70f70d7ad947e0de2f8f3f3d,trai-buon-nguoi,name:galaxy-cinema-coop-da-nang,Galaxy Cinema Coop Đà Nẵng,,2026-10-06T15:00:00.000Z,2026-10-06T17:15:00.000Z,TWO_D,Phụ Đề,2D Phụ Đề,SCHEDULED,MOCK,2026-10-05T14:56:13.544Z
6a2f526aadcb3853fcb0cdf3069a42d34d9ba4ec,trai-buon-nguoi,name:galaxy-cinema-coop-da-nang,Galaxy Cinema Coop Đà Nẵng,,2026-10-06T15:30:00.000Z,2026-10-06T17:45:00.000Z,TWO_D,Phụ Đề,2D Phụ Đề,SCHEDULED,MOCK,2026-10-05T14:56:13.544Z
026cac14d4c8e5a9b75206d3d4603a78e36a6b52,trai-buon-nguoi,name:galaxy-cinema-coop-da-nang,Galaxy Cinema Coop Đà Nẵng,,2026-10-06T16:00:00.000Z,2026-10-06T18:15:00.000Z,TWO_D,Phụ Đề,2D Phụ Đề,SCHEDULED,MOCK,2026-10-05T14:56:13.544Z
dc5ec6ca86159a57dfb341c24cbe5972251a12d5,trai-buon-nguoi,name:galaxy-cinema-coop-da-nang,Galaxy Cinema Coop Đà Nẵng,,2026-10-06T16:30:00.000Z,2026-10-06T18:45:00.000Z,TWO_D,Phụ Đề,2D Phụ Đề,SCHEDULED,MOCK,2026-10-05T14:56:13.544Z
e4e8eaeb3b5ffff5996464bff0e3be8e8a51c728,trai-buon-nguoi,galaxy-huynh-tan-phat,Galaxy Cinema Coop Huỳnh Tấn Phát,,2026-10-06T02:30:00.000Z,2026-10-06T04:45:00.000Z,TWO_D,Phụ Đề,2D Phụ Đề,SCHEDULED,MOCK,2026-10-05T14:56:13.544Z
44393926ae4ebfb1dfd21f01b0a071ab55ac245b,trai-buon-nguoi,galaxy-huynh-tan-phat,Galaxy Cinema Coop Huỳnh Tấn Phát,,2026-10-06T03:00:00.000Z,2026-10-06T05:15:00.000Z,TWO_D,Phụ Đề,2D Phụ Đề,SCHEDULED,MOCK,2026-10-05T14:56:13.545Z
e958fd8721e55be1af2374b82cb8bc66e5669936,trai-buon-nguoi,galaxy-huynh-tan-phat,Galaxy Cinema Coop Huỳnh Tấn Phát,,2026-10-06T03:30:00.000Z,2026-10-06T05:45:00.000Z,TWO_D,Phụ Đề,2D Phụ Đề,SCHEDULED,MOCK,2026-10-05T14:56:13.545Z
49b42839d0fccc51e4faa6f90da56481029ed69b,trai-buon-nguoi,galaxy-huynh-tan-phat,Galaxy Cinema Coop Huỳnh Tấn Phát,,2026-10-06T04:00:00.000Z,2026-10-06T06:15:00.000Z,TWO_D,Phụ Đề,2D Phụ Đề,SCHEDULED,MOCK,2026-10-05T14:56:13.545Z
f4dad6a56a76ee5ece187ca92fab08b26979ee49,trai-buon-nguoi,galaxy-huynh-tan-phat,Galaxy Cinema Coop Huỳnh Tấn Phát,,2026-10-06T04:45:00.000Z,2026-10-06T07:00:00.000Z,TWO_D,Phụ Đề,2D Phụ Đề,SCHEDULED,MOCK,2026-10-05T14:56:13.545Z
79184908dde7e29c927f6b42130e0857cc27f8ca,trai-buon-nguoi,galaxy-huynh-tan-phat,Galaxy Cinema Coop Huỳnh Tấn Phát,,2026-10-06T05:30:00.000Z,2026-10-06T07:45:00.000Z,TWO_D,Phụ Đề,2D Phụ Đề,SCHEDULED,MOCK,2026-10-05T14:56:13.545Z
228839d2562f494bc5bba2131a8323884a184f27,trai-buon-nguoi,galaxy-huynh-tan-phat,Galaxy Cinema Coop Huỳnh Tấn Phát,,2026-10-06T06:00:00.000Z,2026-10-06T08:15:00.000Z,TWO_D,Phụ Đề,2D Phụ Đề,SCHEDULED,MOCK,2026-10-05T14:56:13.545Z
a55129b1bbf71cdabc325ce7464dab4ecad4e373,trai-buon-nguoi,galaxy-huynh-tan-phat,Galaxy Cinema Coop Huỳnh Tấn Phát,,2026-10-06T06:30:00.000Z,2026-10-06T08:45:00.000Z,TWO_D,Phụ Đề,2D Phụ Đề,SCHEDULED,MOCK,2026-10-05T14:56:13.545Z
5056f39b9b9d594970e7e6e06ed02813a2a5e3d8,trai-buon-nguoi,galaxy-huynh-tan-phat,Galaxy Cinema Coop Huỳnh Tấn Phát,,2026-10-06T07:00:00.000Z,2026-10-06T09:15:00.000Z,TWO_D,Phụ Đề,2D Phụ Đề,SCHEDULED,MOCK,2026-10-05T14:56:13.545Z
de20426deaa732ca3fa2b5b539b43888c6ae164e,trai-buon-nguoi,galaxy-huynh-tan-phat,Galaxy Cinema Coop Huỳnh Tấn Phát,,2026-10-06T07:30:00.000Z,2026-10-06T09:45:00.000Z,TWO_D,Phụ Đề,2D Phụ Đề,SCHEDULED,MOCK,2026-10-05T14:56:13.545Z
bf7f6b3cca5e37c01fe21893d8c7ff1f3fb71750,trai-buon-nguoi,galaxy-huynh-tan-phat,Galaxy Cinema Coop Huỳnh Tấn Phát,,2026-10-06T08:00:00.000Z,2026-10-06T10:15:00.000Z,TWO_D,Phụ Đề,2D Phụ Đề,SCHEDULED,MOCK,2026-10-05T14:56:13.545Z
f1ecd98a9f220c108c36fb735f6590c6baf814c7,trai-buon-nguoi,galaxy-huynh-tan-phat,Galaxy Cinema Coop Huỳnh Tấn Phát,,2026-10-06T08:30:00.000Z,2026-10-06T10:45:00.000Z,TWO_D,Phụ Đề,2D Phụ Đề,SCHEDULED,MOCK,2026-10-05T14:56:13.545Z
f5149538729822e45038b371b3b1ea4cedf3b010,trai-buon-nguoi,galaxy-huynh-tan-phat,Galaxy Cinema Coop Huỳnh Tấn Phát,,2026-10-06T09:00:00.000Z,2026-10-06T11:15:00.000Z,TWO_D,Phụ Đề,2D Phụ Đề,SCHEDULED,MOCK,2026-10-05T14:56:13.545Z
5d2cb1a5bf40a327e03e2ec55f87f684144cbcba,trai-buon-nguoi,galaxy-huynh-tan-phat,Galaxy Cinema Coop Huỳnh Tấn Phát,,2026-10-06T09:30:00.000Z,2026-10-06T11:45:00.000Z,TWO_D,Phụ Đề,2D Phụ Đề,SCHEDULED,MOCK,2026-10-05T14:56:13.545Z
af0309430ba0352069e84ef9df434eba9d6836dd,trai-buon-nguoi,galaxy-huynh-tan-phat,Galaxy Cinema Coop Huỳnh Tấn Phát,,2026-10-06T10:00:00.000Z,2026-10-06T12:15:00.000Z,TWO_D,Phụ Đề,2D Phụ Đề,SCHEDULED,MOCK,2026-10-05T14:56:13.545Z
272e4db3e6bc074431034d7b14395c755be302a6,trai-buon-nguoi,galaxy-huynh-tan-phat,Galaxy Cinema Coop Huỳnh Tấn Phát,,2026-10-06T10:30:00.000Z,2026-10-06T12:45:00.000Z,TWO_D,Phụ Đề,2D Phụ Đề,SCHEDULED,MOCK,2026-10-05T14:56:13.545Z
c8c55da6fdce1ce1f7a8aa2adf1f2942fc26b78b,trai-buon-nguoi,galaxy-huynh-tan-phat,Galaxy Cinema Coop Huỳnh Tấn Phát,,2026-10-06T11:00:00.000Z,2026-10-06T13:15:00.000Z,TWO_D,Phụ Đề,2D Phụ Đề,SCHEDULED,MOCK,2026-10-05T14:56:13.545Z
d118fe37d3c8af1a08afb99cb62b79980548fa98,trai-buon-nguoi,galaxy-huynh-tan-phat,Galaxy Cinema Coop Huỳnh Tấn Phát,,2026-10-06T11:30:00.000Z,2026-10-06T13:45:00.000Z,TWO_D,Phụ Đề,2D Phụ Đề,SCHEDULED,MOCK,2026-10-05T14:56:13.545Z
1ad2886b179b326a0b8bfbf4365e182e7e677384,trai-buon-nguoi,galaxy-huynh-tan-phat,Galaxy Cinema Coop Huỳnh Tấn Phát,,2026-10-06T12:00:00.000Z,2026-10-06T14:15:00.000Z,TWO_D,Phụ Đề,2D Phụ Đề,SCHEDULED,MOCK,2026-10-05T14:56:13.545Z
4355e2218ce66e4c573625f9d19396dd5d7c8359,trai-buon-nguoi,galaxy-huynh-tan-phat,Galaxy Cinema Coop Huỳnh Tấn Phát,,2026-10-06T12:30:00.000Z,2026-10-06T14:45:00.000Z,TWO_D,Phụ Đề,2D Phụ Đề,SCHEDULED,MOCK,2026-10-05T14:56:13.545Z
6d9bedd47d6a3a9a37000358d1c4e6ec67af6566,trai-buon-nguoi,galaxy-huynh-tan-phat,Galaxy Cinema Coop Huỳnh Tấn Phát,,2026-10-06T12:45:00.000Z,2026-10-06T15:00:00.000Z,TWO_D,Phụ Đề,2D Phụ Đề,SCHEDULED,MOCK,2026-10-05T14:56:13.545Z
0e946980c43112523cd45654a21696360afd3921,trai-buon-nguoi,galaxy-huynh-tan-phat,Galaxy Cinema Coop Huỳnh Tấn Phát,,2026-10-06T13:00:00.000Z,2026-10-06T15:15:00.000Z,TWO_D,Phụ Đề,2D Phụ Đề,SCHEDULED,MOCK,2026-10-05T14:56:13.545Z
b4cc3dccec7c898ac94dd03e15a6e45518735681,trai-buon-nguoi,galaxy-huynh-tan-phat,Galaxy Cinema Coop Huỳnh Tấn Phát,,2026-10-06T13:30:00.000Z,2026-10-06T15:45:00.000Z,TWO_D,Phụ Đề,2D Phụ Đề,SCHEDULED,MOCK,2026-10-05T14:56:13.545Z
b13160c9b1a10c6ddfe226948c4ddd1a29e8e8e5,trai-buon-nguoi,galaxy-huynh-tan-phat,Galaxy Cinema Coop Huỳnh Tấn Phát,,2026-10-06T13:45:00.000Z,2026-10-06T16:00:00.000Z,TWO_D,Phụ Đề,2D Phụ Đề,SCHEDULED,MOCK,2026-10-05T14:56:13.545Z
fa6e596aa32b9fd62c878e956ed9516658c78090,trai-buon-nguoi,galaxy-huynh-tan-phat,Galaxy Cinema Coop Huỳnh Tấn Phát,,2026-10-06T14:00:00.000Z,2026-10-06T16:15:00.000Z,TWO_D,Phụ Đề,2D Phụ Đề,SCHEDULED,MOCK,2026-10-05T14:56:13.545Z
36dd4af2920a18c64d9e69cc0a8c0d7c2fd35a33,trai-buon-nguoi,galaxy-huynh-tan-phat,Galaxy Cinema Coop Huỳnh Tấn Phát,,2026-10-06T14:30:00.000Z,2026-10-06T16:45:00.000Z,TWO_D,Phụ Đề,2D Phụ Đề,SCHEDULED,MOCK,2026-10-05T14:56:13.545Z
9ac3f7de5721c85116ca20ed1eed929e241342bb,trai-buon-nguoi,galaxy-huynh-tan-phat,Galaxy Cinema Coop Huỳnh Tấn Phát,,2026-10-06T15:00:00.000Z,2026-10-06T17:15:00.000Z,TWO_D,Phụ Đề,2D Phụ Đề,SCHEDULED,MOCK,2026-10-05T14:56:13.545Z
43aef50a50a060a91182e58f5038822d1b7b96b0,trai-buon-nguoi,galaxy-huynh-tan-phat,Galaxy Cinema Coop Huỳnh Tấn Phát,,2026-10-06T15:30:00.000Z,2026-10-06T17:45:00.000Z,TWO_D,Phụ Đề,2D Phụ Đề,SCHEDULED,MOCK,2026-10-05T14:56:13.545Z
30881eb7fd079dc636bf475aef4431c99c7b3ac6,trai-buon-nguoi,galaxy-linh-trung,Galaxy Cinema Co.opXtra Linh Trung,,2026-10-06T02:30:00.000Z,2026-10-06T04:45:00.000Z,TWO_D,Phụ Đề,2D Phụ Đề,SCHEDULED,MOCK,2026-10-05T14:56:13.545Z
aa9e57ea4d1b9fc89c0c7f290f81589fb025b6fd,trai-buon-nguoi,galaxy-linh-trung,Galaxy Cinema Co.opXtra Linh Trung,,2026-10-06T03:00:00.000Z,2026-10-06T05:15:00.000Z,TWO_D,Phụ Đề,2D Phụ Đề,SCHEDULED,MOCK,2026-10-05T14:56:13.545Z
c5b273d47cf7467e390276e48f93c70bb4ed05eb,trai-buon-nguoi,galaxy-linh-trung,Galaxy Cinema Co.opXtra Linh Trung,,2026-10-06T03:30:00.000Z,2026-10-06T05:45:00.000Z,TWO_D,Phụ Đề,2D Phụ Đề,SCHEDULED,MOCK,2026-10-05T14:56:13.545Z
cc590b42884e1545694489b5cd11151955857993,trai-buon-nguoi,galaxy-linh-trung,Galaxy Cinema Co.opXtra Linh Trung,,2026-10-06T04:00:00.000Z,2026-10-06T06:15:00.000Z,TWO_D,Phụ Đề,2D Phụ Đề,SCHEDULED,MOCK,2026-10-05T14:56:13.546Z
8bf75666de822c606d27e9e0e9ffc073021b0e87,trai-buon-nguoi,galaxy-linh-trung,Galaxy Cinema Co.opXtra Linh Trung,,2026-10-06T05:00:00.000Z,2026-10-06T07:15:00.000Z,TWO_D,Phụ Đề,2D Phụ Đề,SCHEDULED,MOCK,2026-10-05T14:56:13.546Z
5e47cf26580b3c568cfb4ce8a0823271e92fe26d,trai-buon-nguoi,galaxy-linh-trung,Galaxy Cinema Co.opXtra Linh Trung,,2026-10-06T06:00:00.000Z,2026-10-06T08:15:00.000Z,TWO_D,Phụ Đề,2D Phụ Đề,SCHEDULED,MOCK,2026-10-05T14:56:13.546Z
cba470018979a179d46db49349ad6818e47555ae,trai-buon-nguoi,galaxy-linh-trung,Galaxy Cinema Co.opXtra Linh Trung,,2026-10-06T06:30:00.000Z,2026-10-06T08:45:00.000Z,TWO_D,Phụ Đề,2D Phụ Đề,SCHEDULED,MOCK,2026-10-05T14:56:13.546Z
1fb03d6d20ab798b037b411680a447b5583722f3,trai-buon-nguoi,galaxy-linh-trung,Galaxy Cinema Co.opXtra Linh Trung,,2026-10-06T07:30:00.000Z,2026-10-06T09:45:00.000Z,TWO_D,Phụ Đề,2D Phụ Đề,SCHEDULED,MOCK,2026-10-05T14:56:13.546Z
1b2ab41258d62d88a3109a16b92cab51b6a75d16,trai-buon-nguoi,galaxy-linh-trung,Galaxy Cinema Co.opXtra Linh Trung,,2026-10-06T08:00:00.000Z,2026-10-06T10:15:00.000Z,TWO_D,Phụ Đề,2D Phụ Đề,SCHEDULED,MOCK,2026-10-05T14:56:13.546Z
b99c98a6b4fda7aa12904cbbc0d1a9733a147836,trai-buon-nguoi,galaxy-linh-trung,Galaxy Cinema Co.opXtra Linh Trung,,2026-10-06T08:30:00.000Z,2026-10-06T10:45:00.000Z,TWO_D,Phụ Đề,2D Phụ Đề,SCHEDULED,MOCK,2026-10-05T14:56:13.546Z
b61c423df4e4f65fa1343655f08e67602569dfa5,trai-buon-nguoi,galaxy-linh-trung,Galaxy Cinema Co.opXtra Linh Trung,,2026-10-06T09:00:00.000Z,2026-10-06T11:15:00.000Z,TWO_D,Phụ Đề,2D Phụ Đề,SCHEDULED,MOCK,2026-10-05T14:56:13.546Z
0ef9ec5c644be3e2df39ccb8ee11bf19c394b38b,trai-buon-nguoi,galaxy-linh-trung,Galaxy Cinema Co.opXtra Linh Trung,,2026-10-06T10:00:00.000Z,2026-10-06T12:15:00.000Z,TWO_D,Phụ Đề,2D Phụ Đề,SCHEDULED,MOCK,2026-10-05T14:56:13.546Z
604dc4ceab2a95edc72212459a3bc09abbd4c6ab,trai-buon-nguoi,galaxy-linh-trung,Galaxy Cinema Co.opXtra Linh Trung,,2026-10-06T10:30:00.000Z,2026-10-06T12:45:00.000Z,TWO_D,Phụ Đề,2D Phụ Đề,SCHEDULED,MOCK,2026-10-05T14:56:13.546Z
f67a94c4bf8c9b2201fe7cc6b0d16feeeab22ce4,trai-buon-nguoi,galaxy-linh-trung,Galaxy Cinema Co.opXtra Linh Trung,,2026-10-06T11:00:00.000Z,2026-10-06T13:15:00.000Z,TWO_D,Phụ Đề,2D Phụ Đề,SCHEDULED,MOCK,2026-10-05T14:56:13.546Z
fb44efc49dc4e18b1b4146246305df80c46469a7,trai-buon-nguoi,galaxy-linh-trung,Galaxy Cinema Co.opXtra Linh Trung,,2026-10-06T11:15:00.000Z,2026-10-06T13:30:00.000Z,TWO_D,Phụ Đề,2D Phụ Đề,SCHEDULED,MOCK,2026-10-05T14:56:13.546Z
8701150b841f0b5dcdcf53ce3f04a09d8264e103,trai-buon-nguoi,galaxy-linh-trung,Galaxy Cinema Co.opXtra Linh Trung,,2026-10-06T11:30:00.000Z,2026-10-06T13:45:00.000Z,TWO_D,Phụ Đề,2D Phụ Đề,SCHEDULED,MOCK,2026-10-05T14:56:13.546Z
6944b09c9d02ec8085b31ec271258ead711f960c,trai-buon-nguoi,galaxy-linh-trung,Galaxy Cinema Co.opXtra Linh Trung,,2026-10-06T12:30:00.000Z,2026-10-06T14:45:00.000Z,TWO_D,Phụ Đề,2D Phụ Đề,SCHEDULED,MOCK,2026-10-05T14:56:13.546Z
1c3eb921515230587d32797f1f788b744d294f25,trai-buon-nguoi,galaxy-linh-trung,Galaxy Cinema Co.opXtra Linh Trung,,2026-10-06T13:00:00.000Z,2026-10-06T15:15:00.000Z,TWO_D,Phụ Đề,2D Phụ Đề,SCHEDULED,MOCK,2026-10-05T14:56:13.546Z
718422a7d540c1e8b94b023585ded2a17997bf83,trai-buon-nguoi,galaxy-linh-trung,Galaxy Cinema Co.opXtra Linh Trung,,2026-10-06T13:30:00.000Z,2026-10-06T15:45:00.000Z,TWO_D,Phụ Đề,2D Phụ Đề,SCHEDULED,MOCK,2026-10-05T14:56:13.546Z
f3e9e7ed5aab065162db9fd9cf2fa9e2817c4ce6,trai-buon-nguoi,galaxy-linh-trung,Galaxy Cinema Co.opXtra Linh Trung,,2026-10-06T13:45:00.000Z,2026-10-06T16:00:00.000Z,TWO_D,Phụ Đề,2D Phụ Đề,SCHEDULED,MOCK,2026-10-05T14:56:13.546Z
9850dbfe1568d41685e9a7cc7e1b5fd09eb8137e,trai-buon-nguoi,galaxy-linh-trung,Galaxy Cinema Co.opXtra Linh Trung,,2026-10-06T14:00:00.000Z,2026-10-06T16:15:00.000Z,TWO_D,Phụ Đề,2D Phụ Đề,SCHEDULED,MOCK,2026-10-05T14:56:13.546Z
c65abc898913d6d9a84905ded50771bd5e8357e7,trai-buon-nguoi,galaxy-linh-trung,Galaxy Cinema Co.opXtra Linh Trung,,2026-10-06T15:00:00.000Z,2026-10-06T17:15:00.000Z,TWO_D,Phụ Đề,2D Phụ Đề,SCHEDULED,MOCK,2026-10-05T14:56:13.546Z
c3223453242267e2eddf69b342e899ef85a4c1ed,trai-buon-nguoi,galaxy-linh-trung,Galaxy Cinema Co.opXtra Linh Trung,,2026-10-06T15:30:00.000Z,2026-10-06T17:45:00.000Z,TWO_D,Phụ Đề,2D Phụ Đề,SCHEDULED,MOCK,2026-10-05T14:56:13.546Z
4b62bdffd1c060b495cfd29c2b03d8c5604c6ff1,trai-buon-nguoi,galaxy-linh-trung,Galaxy Cinema Co.opXtra Linh Trung,,2026-10-06T16:00:00.000Z,2026-10-06T18:15:00.000Z,TWO_D,Phụ Đề,2D Phụ Đề,SCHEDULED,MOCK,2026-10-05T14:56:13.546Z
561c0e147c94a41344088b7fbb0c271d51d4e90f,trai-buon-nguoi,galaxy-linh-trung,Galaxy Cinema Co.opXtra Linh Trung,,2026-10-06T16:15:00.000Z,2026-10-06T18:30:00.000Z,TWO_D,Phụ Đề,2D Phụ Đề,SCHEDULED,MOCK,2026-10-05T14:56:13.546Z
d76557285209d487e8e3b08b260f81ac0ce6f06c,trai-buon-nguoi,galaxy-linh-trung,Galaxy Cinema Co.opXtra Linh Trung,,2026-10-06T16:30:00.000Z,2026-10-06T18:45:00.000Z,TWO_D,Phụ Đề,2D Phụ Đề,SCHEDULED,MOCK,2026-10-05T14:56:13.546Z
5fbffa500679de1c3b891644c79d5176d32097f3,trai-buon-nguoi,name:galaxy-cinema-nha-trang-center,Galaxy Cinema Nha Trang Center,,2026-10-06T02:30:00.000Z,2026-10-06T04:45:00.000Z,TWO_D,Phụ Đề,2D Phụ Đề,SCHEDULED,MOCK,2026-10-05T14:56:13.546Z
60b4d9f793fda421abc1d891d706f35111918e6c,trai-buon-nguoi,name:galaxy-cinema-nha-trang-center,Galaxy Cinema Nha Trang Center,,2026-10-06T03:15:00.000Z,2026-10-06T05:30:00.000Z,TWO_D,Phụ Đề,2D Phụ Đề,SCHEDULED,MOCK,2026-10-05T14:56:13.546Z
97a83238d5ed43e2030107f6087d64a6aa30764d,trai-buon-nguoi,name:galaxy-cinema-nha-trang-center,Galaxy Cinema Nha Trang Center,,2026-10-06T04:00:00.000Z,2026-10-06T06:15:00.000Z,TWO_D,Phụ Đề,2D Phụ Đề,SCHEDULED,MOCK,2026-10-05T14:56:13.546Z
e7ca6ad8b38a8c2f492d703b638304dba0eead8a,trai-buon-nguoi,name:galaxy-cinema-nha-trang-center,Galaxy Cinema Nha Trang Center,,2026-10-06T04:30:00.000Z,2026-10-06T06:45:00.000Z,TWO_D,Phụ Đề,2D Phụ Đề,SCHEDULED,MOCK,2026-10-05T14:56:13.546Z
630b5f81949179180b0d6e0e6c93983aabdf578c,trai-buon-nguoi,name:galaxy-cinema-nha-trang-center,Galaxy Cinema Nha Trang Center,,2026-10-06T05:15:00.000Z,2026-10-06T07:30:00.000Z,TWO_D,Phụ Đề,2D Phụ Đề,SCHEDULED,MOCK,2026-10-05T14:56:13.546Z
b607ded5635ddcb717ad6bae80fe0ff705e85500,trai-buon-nguoi,name:galaxy-cinema-nha-trang-center,Galaxy Cinema Nha Trang Center,,2026-10-06T06:00:00.000Z,2026-10-06T08:15:00.000Z,TWO_D,Phụ Đề,2D Phụ Đề,SCHEDULED,MOCK,2026-10-05T14:56:13.546Z
647b9bbd2dccf6112ad31dd18b1a936a330f41fd,trai-buon-nguoi,name:galaxy-cinema-nha-trang-center,Galaxy Cinema Nha Trang Center,,2026-10-06T06:45:00.000Z,2026-10-06T09:00:00.000Z,TWO_D,Phụ Đề,2D Phụ Đề,SCHEDULED,MOCK,2026-10-05T14:56:13.546Z
c80d68bcc9c0523aca87db8618239fc8f269c737,trai-buon-nguoi,name:galaxy-cinema-nha-trang-center,Galaxy Cinema Nha Trang Center,,2026-10-06T07:15:00.000Z,2026-10-06T09:30:00.000Z,TWO_D,Phụ Đề,2D Phụ Đề,SCHEDULED,MOCK,2026-10-05T14:56:13.546Z
563778bbbbfb62c6bd81fa0b4b8e0e27683d0cf9,trai-buon-nguoi,name:galaxy-cinema-nha-trang-center,Galaxy Cinema Nha Trang Center,,2026-10-06T08:00:00.000Z,2026-10-06T10:15:00.000Z,TWO_D,Phụ Đề,2D Phụ Đề,SCHEDULED,MOCK,2026-10-05T14:56:13.546Z
90424d4e131e0539e7014f7994696bc61ad87f7a,trai-buon-nguoi,name:galaxy-cinema-nha-trang-center,Galaxy Cinema Nha Trang Center,,2026-10-06T08:30:00.000Z,2026-10-06T10:45:00.000Z,TWO_D,Phụ Đề,2D Phụ Đề,SCHEDULED,MOCK,2026-10-05T14:56:13.546Z
84acb10bc8eed732dad25728445c7baf7bec5ef2,trai-buon-nguoi,name:galaxy-cinema-nha-trang-center,Galaxy Cinema Nha Trang Center,,2026-10-06T09:15:00.000Z,2026-10-06T11:30:00.000Z,TWO_D,Phụ Đề,2D Phụ Đề,SCHEDULED,MOCK,2026-10-05T14:56:13.546Z
e7f3e09930f0da5308c488167e8f14b111677616,trai-buon-nguoi,name:galaxy-cinema-nha-trang-center,Galaxy Cinema Nha Trang Center,,2026-10-06T10:00:00.000Z,2026-10-06T12:15:00.000Z,TWO_D,Phụ Đề,2D Phụ Đề,SCHEDULED,MOCK,2026-10-05T14:56:13.546Z
c2f2160e91d85980a997ee4dfeb7bb29ce0feb17,trai-buon-nguoi,name:galaxy-cinema-nha-trang-center,Galaxy Cinema Nha Trang Center,,2026-10-06T10:30:00.000Z,2026-10-06T12:45:00.000Z,TWO_D,Phụ Đề,2D Phụ Đề,SCHEDULED,MOCK,2026-10-05T14:56:13.546Z
a35aa2f1a8f1e53b4c4fa1c743570031cb888d27,trai-buon-nguoi,name:galaxy-cinema-nha-trang-center,Galaxy Cinema Nha Trang Center,,2026-10-06T11:00:00.000Z,2026-10-06T13:15:00.000Z,TWO_D,Phụ Đề,2D Phụ Đề,SCHEDULED,MOCK,2026-10-05T14:56:13.546Z
67f9263069358eff9c33c0c68295ba6c41aefaa3,trai-buon-nguoi,name:galaxy-cinema-nha-trang-center,Galaxy Cinema Nha Trang Center,,2026-10-06T11:15:00.000Z,2026-10-06T13:30:00.000Z,TWO_D,Phụ Đề,2D Phụ Đề,SCHEDULED,MOCK,2026-10-05T14:56:13.546Z
b681818d9c9d9265bbf18bc520dcf02bba7f1514,trai-buon-nguoi,name:galaxy-cinema-nha-trang-center,Galaxy Cinema Nha Trang Center,,2026-10-06T11:45:00.000Z,2026-10-06T14:00:00.000Z,TWO_D,Phụ Đề,2D Phụ Đề,SCHEDULED,MOCK,2026-10-05T14:56:13.546Z
d6ca6512480cb197f3e1b802039ee7e73255b1ba,trai-buon-nguoi,name:galaxy-cinema-nha-trang-center,Galaxy Cinema Nha Trang Center,,2026-10-06T12:30:00.000Z,2026-10-06T14:45:00.000Z,TWO_D,Phụ Đề,2D Phụ Đề,SCHEDULED,MOCK,2026-10-05T14:56:13.546Z
5b933a8430f6ec95d5a7707d5102547cd7062752,trai-buon-nguoi,name:galaxy-cinema-nha-trang-center,Galaxy Cinema Nha Trang Center,,2026-10-06T13:00:00.000Z,2026-10-06T15:15:00.000Z,TWO_D,Phụ Đề,2D Phụ Đề,SCHEDULED,MOCK,2026-10-05T14:56:13.546Z
49ee190503f4ca69d4042e140d1236fbff558990,trai-buon-nguoi,name:galaxy-cinema-nha-trang-center,Galaxy Cinema Nha Trang Center,,2026-10-06T13:25:00.000Z,2026-10-06T15:40:00.000Z,TWO_D,Phụ Đề,2D Phụ Đề,SCHEDULED,MOCK,2026-10-05T14:56:13.546Z
8acd6ca7455b0dabc58ba598243f918a546186b8,trai-buon-nguoi,name:galaxy-cinema-nha-trang-center,Galaxy Cinema Nha Trang Center,,2026-10-06T13:45:00.000Z,2026-10-06T16:00:00.000Z,TWO_D,Phụ Đề,2D Phụ Đề,SCHEDULED,MOCK,2026-10-05T14:56:13.546Z
51ea1f9b6be7649d1215f4ee8e7e7c3b11a8d079,trai-buon-nguoi,name:galaxy-cinema-nha-trang-center,Galaxy Cinema Nha Trang Center,,2026-10-06T14:15:00.000Z,2026-10-06T16:30:00.000Z,TWO_D,Phụ Đề,2D Phụ Đề,SCHEDULED,MOCK,2026-10-05T14:56:13.546Z
589dc670dc812df89993dffaf88e11768b066d82,trai-buon-nguoi,name:galaxy-cinema-sense-city-ca-mau,Galaxy Cinema Sense City Cà Mau,,2026-10-06T02:45:00.000Z,2026-10-06T05:00:00.000Z,TWO_D,Phụ Đề,2D Phụ Đề,SCHEDULED,MOCK,2026-10-05T14:56:13.546Z
667ad8178bff99c52775ecb05685db930a21d0da,trai-buon-nguoi,name:galaxy-cinema-sense-city-ca-mau,Galaxy Cinema Sense City Cà Mau,,2026-10-06T03:30:00.000Z,2026-10-06T05:45:00.000Z,TWO_D,Phụ Đề,2D Phụ Đề,SCHEDULED,MOCK,2026-10-05T14:56:13.546Z
797f599ab1bcdccfdfda54dbb73d20de78950591,trai-buon-nguoi,name:galaxy-cinema-sense-city-ca-mau,Galaxy Cinema Sense City Cà Mau,,2026-10-06T04:00:00.000Z,2026-10-06T06:15:00.000Z,TWO_D,Phụ Đề,2D Phụ Đề,SCHEDULED,MOCK,2026-10-05T14:56:13.546Z
2c1bfeb9d402b0aebd2b918fdb5c9a2f1e0d8d03,trai-buon-nguoi,name:galaxy-cinema-sense-city-ca-mau,Galaxy Cinema Sense City Cà Mau,,2026-10-06T04:30:00.000Z,2026-10-06T06:45:00.000Z,TWO_D,Phụ Đề,2D Phụ Đề,SCHEDULED,MOCK,2026-10-05T14:56:13.547Z
905360924b966007595036e38c17ee55ecd958af,trai-buon-nguoi,name:galaxy-cinema-sense-city-ca-mau,Galaxy Cinema Sense City Cà Mau,,2026-10-06T05:15:00.000Z,2026-10-06T07:30:00.000Z,TWO_D,Phụ Đề,2D Phụ Đề,SCHEDULED,MOCK,2026-10-05T14:56:13.547Z
fc9236f788bc740b73c5f29db604a3b87ff37597,trai-buon-nguoi,name:galaxy-cinema-sense-city-ca-mau,Galaxy Cinema Sense City Cà Mau,,2026-10-06T06:00:00.000Z,2026-10-06T08:15:00.000Z,TWO_D,Phụ Đề,2D Phụ Đề,SCHEDULED,MOCK,2026-10-05T14:56:13.547Z
d65dc9920a9cb7127cf7a847fe5c314cd14fdc14,trai-buon-nguoi,name:galaxy-cinema-sense-city-ca-mau,Galaxy Cinema Sense City Cà Mau,,2026-10-06T06:30:00.000Z,2026-10-06T08:45:00.000Z,TWO_D,Phụ Đề,2D Phụ Đề,SCHEDULED,MOCK,2026-10-05T14:56:13.547Z
f3bbe254b76ea0aff3790896e0f1475f1af6ac51,trai-buon-nguoi,name:galaxy-cinema-sense-city-ca-mau,Galaxy Cinema Sense City Cà Mau,,2026-10-06T07:00:00.000Z,2026-10-06T09:15:00.000Z,TWO_D,Phụ Đề,2D Phụ Đề,SCHEDULED,MOCK,2026-10-05T14:56:13.547Z
696fd57a9e275718d79b06054f1b9dc0ad5f58ee,trai-buon-nguoi,name:galaxy-cinema-sense-city-ca-mau,Galaxy Cinema Sense City Cà Mau,,2026-10-06T07:45:00.000Z,2026-10-06T10:00:00.000Z,TWO_D,Phụ Đề,2D Phụ Đề,SCHEDULED,MOCK,2026-10-05T14:56:13.547Z
fbdcf1d8857f4f1cac7c4153c958f5643649a77a,trai-buon-nguoi,name:galaxy-cinema-sense-city-ca-mau,Galaxy Cinema Sense City Cà Mau,,2026-10-06T08:30:00.000Z,2026-10-06T10:45:00.000Z,TWO_D,Phụ Đề,2D Phụ Đề,SCHEDULED,MOCK,2026-10-05T14:56:13.547Z
c86b06b12ecc6e8eec0cfa4608ee96132753d0de,trai-buon-nguoi,name:galaxy-cinema-sense-city-ca-mau,Galaxy Cinema Sense City Cà Mau,,2026-10-06T09:00:00.000Z,2026-10-06T11:15:00.000Z,TWO_D,Phụ Đề,2D Phụ Đề,SCHEDULED,MOCK,2026-10-05T14:56:13.547Z
5b0144198e26b5adcbeea5928e626e4a6b2afde4,trai-buon-nguoi,name:galaxy-cinema-sense-city-ca-mau,Galaxy Cinema Sense City Cà Mau,,2026-10-06T09:30:00.000Z,2026-10-06T11:45:00.000Z,TWO_D,Phụ Đề,2D Phụ Đề,SCHEDULED,MOCK,2026-10-05T14:56:13.547Z
75cb8c74f6ed19f9268dedde0ff3daefc3fb4cab,trai-buon-nguoi,name:galaxy-cinema-sense-city-ca-mau,Galaxy Cinema Sense City Cà Mau,,2026-10-06T10:15:00.000Z,2026-10-06T12:30:00.000Z,TWO_D,Phụ Đề,2D Phụ Đề,SCHEDULED,MOCK,2026-10-05T14:56:13.547Z
78b0cb8fcdf2a97e756b757977b63269172a0e48,trai-buon-nguoi,name:galaxy-cinema-sense-city-ca-mau,Galaxy Cinema Sense City Cà Mau,,2026-10-06T11:00:00.000Z,2026-10-06T13:15:00.000Z,TWO_D,Phụ Đề,2D Phụ Đề,SCHEDULED,MOCK,2026-10-05T14:56:13.547Z
558377eb3f3801fdd3140fcabb17ebc229664304,trai-buon-nguoi,name:galaxy-cinema-sense-city-ca-mau,Galaxy Cinema Sense City Cà Mau,,2026-10-06T11:30:00.000Z,2026-10-06T13:45:00.000Z,TWO_D,Phụ Đề,2D Phụ Đề,SCHEDULED,MOCK,2026-10-05T14:56:13.547Z
e499ef73a414084969bf497c4af975d6a09d7bc7,trai-buon-nguoi,name:galaxy-cinema-sense-city-ca-mau,Galaxy Cinema Sense City Cà Mau,,2026-10-06T12:00:00.000Z,2026-10-06T14:15:00.000Z,TWO_D,Phụ Đề,2D Phụ Đề,SCHEDULED,MOCK,2026-10-05T14:56:13.547Z
28a63562e15d75121c690325343a74214a9344df,trai-buon-nguoi,name:galaxy-cinema-sense-city-ca-mau,Galaxy Cinema Sense City Cà Mau,,2026-10-06T12:15:00.000Z,2026-10-06T14:30:00.000Z,TWO_D,Phụ Đề,2D Phụ Đề,SCHEDULED,MOCK,2026-10-05T14:56:13.547Z
e60f953e75531d88675628e19cb94e2c04ddf41b,trai-buon-nguoi,name:galaxy-cinema-sense-city-ca-mau,Galaxy Cinema Sense City Cà Mau,,2026-10-06T12:45:00.000Z,2026-10-06T15:00:00.000Z,TWO_D,Phụ Đề,2D Phụ Đề,SCHEDULED,MOCK,2026-10-05T14:56:13.547Z
19791a09f912a73f1f57bdeb281e114816a80efc,trai-buon-nguoi,name:galaxy-cinema-sense-city-ca-mau,Galaxy Cinema Sense City Cà Mau,,2026-10-06T13:15:00.000Z,2026-10-06T15:30:00.000Z,TWO_D,Phụ Đề,2D Phụ Đề,SCHEDULED,MOCK,2026-10-05T14:56:13.547Z
8469a5363410ce9a3a29fb61405c409256edc8a9,trai-buon-nguoi,name:galaxy-cinema-sense-city-ca-mau,Galaxy Cinema Sense City Cà Mau,,2026-10-06T13:30:00.000Z,2026-10-06T15:45:00.000Z,TWO_D,Phụ Đề,2D Phụ Đề,SCHEDULED,MOCK,2026-10-05T14:56:13.547Z
12530c13185543c055626f4545d56b5b60d43943,trai-buon-nguoi,name:galaxy-cinema-sense-city-ca-mau,Galaxy Cinema Sense City Cà Mau,,2026-10-06T14:00:00.000Z,2026-10-06T16:15:00.000Z,TWO_D,Phụ Đề,2D Phụ Đề,SCHEDULED,MOCK,2026-10-05T14:56:13.547Z
fe83d3840fc687a23b698e89b925a61e177ee875,trai-buon-nguoi,name:galaxy-cinema-sense-city-ca-mau,Galaxy Cinema Sense City Cà Mau,,2026-10-06T14:30:00.000Z,2026-10-06T16:45:00.000Z,TWO_D,Phụ Đề,2D Phụ Đề,SCHEDULED,MOCK,2026-10-05T14:56:13.547Z
cf33c821594e7d509acb6cceefa4da7e27d370eb,trai-buon-nguoi,name:galaxy-cinema-sense-city-ca-mau,Galaxy Cinema Sense City Cà Mau,,2026-10-06T15:15:00.000Z,2026-10-06T17:30:00.000Z,TWO_D,Phụ Đề,2D Phụ Đề,SCHEDULED,MOCK,2026-10-05T14:56:13.547Z
3a6671b0f4e511bb1c5e366bc1647714c890d9e4,trai-buon-nguoi,name:galaxy-cinema-sense-city-ca-mau,Galaxy Cinema Sense City Cà Mau,,2026-10-06T15:45:00.000Z,2026-10-06T18:00:00.000Z,TWO_D,Phụ Đề,2D Phụ Đề,SCHEDULED,MOCK,2026-10-05T14:56:13.547Z
5d6a827020ab6e890895327bdb8a504632ccd0df,trai-buon-nguoi,name:galaxy-cinema-aeon-mall-hue,Galaxy Cinema AEON Mall Huế,,2026-10-06T03:15:00.000Z,2026-10-06T05:30:00.000Z,TWO_D,Phụ Đề,2D Phụ Đề,SCHEDULED,MOCK,2026-10-05T14:56:13.547Z
d0e1c3138236b8339ba30a9faa6133b32c8a8184,trai-buon-nguoi,name:galaxy-cinema-aeon-mall-hue,Galaxy Cinema AEON Mall Huế,,2026-10-06T04:00:00.000Z,2026-10-06T06:15:00.000Z,TWO_D,Phụ Đề,2D Phụ Đề,SCHEDULED,MOCK,2026-10-05T14:56:13.547Z
8e304544eea71bd275fc8ad5ba8dd4890da1faca,trai-buon-nguoi,name:galaxy-cinema-aeon-mall-hue,Galaxy Cinema AEON Mall Huế,,2026-10-06T04:45:00.000Z,2026-10-06T07:00:00.000Z,TWO_D,Phụ Đề,2D Phụ Đề,SCHEDULED,MOCK,2026-10-05T14:56:13.547Z
93909f2b22586380ae8b53ac08f5ee4fafac890b,trai-buon-nguoi,name:galaxy-cinema-aeon-mall-hue,Galaxy Cinema AEON Mall Huế,,2026-10-06T05:30:00.000Z,2026-10-06T07:45:00.000Z,TWO_D,Phụ Đề,2D Phụ Đề,SCHEDULED,MOCK,2026-10-05T14:56:13.547Z
4a955be772159fdbcaae17bb0608af8fd5cc7fdf,trai-buon-nguoi,name:galaxy-cinema-aeon-mall-hue,Galaxy Cinema AEON Mall Huế,,2026-10-06T06:00:00.000Z,2026-10-06T08:15:00.000Z,TWO_D,Phụ Đề,2D Phụ Đề,SCHEDULED,MOCK,2026-10-05T14:56:13.547Z
8f1fa1d2ad8deb50cf72217c06a75b30bd1e75e8,trai-buon-nguoi,name:galaxy-cinema-aeon-mall-hue,Galaxy Cinema AEON Mall Huế,,2026-10-06T06:45:00.000Z,2026-10-06T09:00:00.000Z,TWO_D,Phụ Đề,2D Phụ Đề,SCHEDULED,MOCK,2026-10-05T14:56:13.547Z
9714d608362130a82fe50fa3c5df2a4f5eb35c31,trai-buon-nguoi,name:galaxy-cinema-aeon-mall-hue,Galaxy Cinema AEON Mall Huế,,2026-10-06T07:30:00.000Z,2026-10-06T09:45:00.000Z,TWO_D,Phụ Đề,2D Phụ Đề,SCHEDULED,MOCK,2026-10-05T14:56:13.547Z
eb871c15a1f3fbe2c21590226a5ee30aa674a4b0,trai-buon-nguoi,name:galaxy-cinema-aeon-mall-hue,Galaxy Cinema AEON Mall Huế,,2026-10-06T08:00:00.000Z,2026-10-06T10:15:00.000Z,TWO_D,Phụ Đề,2D Phụ Đề,SCHEDULED,MOCK,2026-10-05T14:56:13.547Z
a1d342a9b9b2afead4dc36ad9a6bfae14c86082d,trai-buon-nguoi,name:galaxy-cinema-aeon-mall-hue,Galaxy Cinema AEON Mall Huế,,2026-10-06T08:45:00.000Z,2026-10-06T11:00:00.000Z,TWO_D,Phụ Đề,2D Phụ Đề,SCHEDULED,MOCK,2026-10-05T14:56:13.547Z
318b5a6a5f16924cd27e09798fe8763e13854b7f,trai-buon-nguoi,name:galaxy-cinema-aeon-mall-hue,Galaxy Cinema AEON Mall Huế,,2026-10-06T09:30:00.000Z,2026-10-06T11:45:00.000Z,TWO_D,Phụ Đề,2D Phụ Đề,SCHEDULED,MOCK,2026-10-05T14:56:13.547Z
96967aca0ec7d462a259de12abe194b7226538df,trai-buon-nguoi,name:galaxy-cinema-aeon-mall-hue,Galaxy Cinema AEON Mall Huế,,2026-10-06T10:00:00.000Z,2026-10-06T12:15:00.000Z,TWO_D,Phụ Đề,2D Phụ Đề,SCHEDULED,MOCK,2026-10-05T14:56:13.547Z
c7818d1feaf3fef5fa8731e997adc6ba3711e393,trai-buon-nguoi,name:galaxy-cinema-aeon-mall-hue,Galaxy Cinema AEON Mall Huế,,2026-10-06T10:45:00.000Z,2026-10-06T13:00:00.000Z,TWO_D,Phụ Đề,2D Phụ Đề,SCHEDULED,MOCK,2026-10-05T14:56:13.547Z
6c619c2be7bee934bbbadc8fd410c4ff81228795,trai-buon-nguoi,name:galaxy-cinema-aeon-mall-hue,Galaxy Cinema AEON Mall Huế,,2026-10-06T11:15:00.000Z,2026-10-06T13:30:00.000Z,TWO_D,Phụ Đề,2D Phụ Đề,SCHEDULED,MOCK,2026-10-05T14:56:13.547Z
f2430e133682a739fb8670e785aa6ef25425b520,trai-buon-nguoi,name:galaxy-cinema-aeon-mall-hue,Galaxy Cinema AEON Mall Huế,,2026-10-06T12:00:00.000Z,2026-10-06T14:15:00.000Z,TWO_D,Phụ Đề,2D Phụ Đề,SCHEDULED,MOCK,2026-10-05T14:56:13.547Z
c0573be194f7d8bf97266a5d4838f00b3efc8ef0,trai-buon-nguoi,name:galaxy-cinema-aeon-mall-hue,Galaxy Cinema AEON Mall Huế,,2026-10-06T12:30:00.000Z,2026-10-06T14:45:00.000Z,TWO_D,Phụ Đề,2D Phụ Đề,SCHEDULED,MOCK,2026-10-05T14:56:13.547Z
63c3070d46371c2c28de9d8c584ee4a891cc39bc,trai-buon-nguoi,name:galaxy-cinema-aeon-mall-hue,Galaxy Cinema AEON Mall Huế,,2026-10-06T12:45:00.000Z,2026-10-06T15:00:00.000Z,TWO_D,Phụ Đề,2D Phụ Đề,SCHEDULED,MOCK,2026-10-05T14:56:13.547Z
ba4b4096ac79e97beede2b0a0113a765d63e9f2e,trai-buon-nguoi,name:galaxy-cinema-aeon-mall-hue,Galaxy Cinema AEON Mall Huế,,2026-10-06T13:15:00.000Z,2026-10-06T15:30:00.000Z,TWO_D,Phụ Đề,2D Phụ Đề,SCHEDULED,MOCK,2026-10-05T14:56:13.547Z
f9f3f5c8179f378d57d019ae3251b8994da81cbc,trai-buon-nguoi,name:galaxy-cinema-aeon-mall-hue,Galaxy Cinema AEON Mall Huế,,2026-10-06T13:45:00.000Z,2026-10-06T16:00:00.000Z,TWO_D,Phụ Đề,2D Phụ Đề,SCHEDULED,MOCK,2026-10-05T14:56:13.547Z
25d4b270e04717285c28eb22d40506ba93fea343,trai-buon-nguoi,name:galaxy-cinema-aeon-mall-hue,Galaxy Cinema AEON Mall Huế,,2026-10-06T14:30:00.000Z,2026-10-06T16:45:00.000Z,TWO_D,Phụ Đề,2D Phụ Đề,SCHEDULED,MOCK,2026-10-05T14:56:13.547Z
345bda883cb249af08fbe2ebff9e824b381862dd,trai-buon-nguoi,name:galaxy-cinema-aeon-mall-hue,Galaxy Cinema AEON Mall Huế,,2026-10-06T15:00:00.000Z,2026-10-06T17:15:00.000Z,TWO_D,Phụ Đề,2D Phụ Đề,SCHEDULED,MOCK,2026-10-05T14:56:13.547Z
4a2007cf8b247c16c8089760a785fa90d3d375a7,trai-buon-nguoi,name:galaxy-cinema-aeon-mall-hue,Galaxy Cinema AEON Mall Huế,,2026-10-06T15:30:00.000Z,2026-10-06T17:45:00.000Z,TWO_D,Phụ Đề,2D Phụ Đề,SCHEDULED,MOCK,2026-10-05T14:56:13.547Z
ea29b5ca74292a523a621883f4f06ac069badd63,trai-buon-nguoi,name:galaxy-cinema-aeon-mall-tan-an,Galaxy Cinema AEON Mall Tân An,,2026-10-06T03:15:00.000Z,2026-10-06T05:30:00.000Z,TWO_D,Phụ Đề,2D Phụ Đề,SCHEDULED,MOCK,2026-10-05T14:56:13.547Z
717a2938b925435abe37cb922a799475737ae299,trai-buon-nguoi,name:galaxy-cinema-aeon-mall-tan-an,Galaxy Cinema AEON Mall Tân An,,2026-10-06T04:00:00.000Z,2026-10-06T06:15:00.000Z,TWO_D,Phụ Đề,2D Phụ Đề,SCHEDULED,MOCK,2026-10-05T14:56:13.547Z
833a1fe76912099c1407382f7b6c931875321187,trai-buon-nguoi,name:galaxy-cinema-aeon-mall-tan-an,Galaxy Cinema AEON Mall Tân An,,2026-10-06T04:30:00.000Z,2026-10-06T06:45:00.000Z,TWO_D,Phụ Đề,2D Phụ Đề,SCHEDULED,MOCK,2026-10-05T14:56:13.547Z
39c85a258141748ce8a00214db8f2fc4fc7c7053,trai-buon-nguoi,name:galaxy-cinema-aeon-mall-tan-an,Galaxy Cinema AEON Mall Tân An,,2026-10-06T05:15:00.000Z,2026-10-06T07:30:00.000Z,TWO_D,Phụ Đề,2D Phụ Đề,SCHEDULED,MOCK,2026-10-05T14:56:13.548Z
dab043a4cb8d9370bb6c45ae7cb6e1222a37a49a,trai-buon-nguoi,name:galaxy-cinema-aeon-mall-tan-an,Galaxy Cinema AEON Mall Tân An,,2026-10-06T06:00:00.000Z,2026-10-06T08:15:00.000Z,TWO_D,Phụ Đề,2D Phụ Đề,SCHEDULED,MOCK,2026-10-05T14:56:13.548Z
117b8cb765d66f6a632388c213a46c7abe273cb3,trai-buon-nguoi,name:galaxy-cinema-aeon-mall-tan-an,Galaxy Cinema AEON Mall Tân An,,2026-10-06T06:30:00.000Z,2026-10-06T08:45:00.000Z,TWO_D,Phụ Đề,2D Phụ Đề,SCHEDULED,MOCK,2026-10-05T14:56:13.548Z
3ebb377be64a29d1135a8d7cbc87e04dd9824ff2,trai-buon-nguoi,name:galaxy-cinema-aeon-mall-tan-an,Galaxy Cinema AEON Mall Tân An,,2026-10-06T07:00:00.000Z,2026-10-06T09:15:00.000Z,TWO_D,Phụ Đề,2D Phụ Đề,SCHEDULED,MOCK,2026-10-05T14:56:13.548Z
54e97dbe44f1304e70e4596061be15427241b9a8,trai-buon-nguoi,name:galaxy-cinema-aeon-mall-tan-an,Galaxy Cinema AEON Mall Tân An,,2026-10-06T07:45:00.000Z,2026-10-06T10:00:00.000Z,TWO_D,Phụ Đề,2D Phụ Đề,SCHEDULED,MOCK,2026-10-05T14:56:13.548Z
ec74c4c402993758d7d823d1e78dc5ac1619ac19,trai-buon-nguoi,name:galaxy-cinema-aeon-mall-tan-an,Galaxy Cinema AEON Mall Tân An,,2026-10-06T08:30:00.000Z,2026-10-06T10:45:00.000Z,TWO_D,Phụ Đề,2D Phụ Đề,SCHEDULED,MOCK,2026-10-05T14:56:13.548Z
13734ef64b48b89d2225ef13bb7f996fee65475b,trai-buon-nguoi,name:galaxy-cinema-aeon-mall-tan-an,Galaxy Cinema AEON Mall Tân An,,2026-10-06T09:00:00.000Z,2026-10-06T11:15:00.000Z,TWO_D,Phụ Đề,2D Phụ Đề,SCHEDULED,MOCK,2026-10-05T14:56:13.548Z
222681a39f4ddb29dc4420e8f52aae8bf3817029,trai-buon-nguoi,name:galaxy-cinema-aeon-mall-tan-an,Galaxy Cinema AEON Mall Tân An,,2026-10-06T09:30:00.000Z,2026-10-06T11:45:00.000Z,TWO_D,Phụ Đề,2D Phụ Đề,SCHEDULED,MOCK,2026-10-05T14:56:13.548Z
0afb4c64122d07d28d2c9de3b0115f478f91fc5b,trai-buon-nguoi,name:galaxy-cinema-aeon-mall-tan-an,Galaxy Cinema AEON Mall Tân An,,2026-10-06T10:15:00.000Z,2026-10-06T12:30:00.000Z,TWO_D,Phụ Đề,2D Phụ Đề,SCHEDULED,MOCK,2026-10-05T14:56:13.548Z
e97bbe1b0614234d9600965a523c3644b0c974f6,trai-buon-nguoi,name:galaxy-cinema-aeon-mall-tan-an,Galaxy Cinema AEON Mall Tân An,,2026-10-06T10:30:00.000Z,2026-10-06T12:45:00.000Z,TWO_D,Phụ Đề,2D Phụ Đề,SCHEDULED,MOCK,2026-10-05T14:56:13.548Z
64165bfe5baa0a9340f17abbb4d9fc897b84290f,trai-buon-nguoi,name:galaxy-cinema-aeon-mall-tan-an,Galaxy Cinema AEON Mall Tân An,,2026-10-06T11:00:00.000Z,2026-10-06T13:15:00.000Z,TWO_D,Phụ Đề,2D Phụ Đề,SCHEDULED,MOCK,2026-10-05T14:56:13.548Z
2933f7d30ef9c98307f15604bab161cd1b87ed3a,trai-buon-nguoi,name:galaxy-cinema-aeon-mall-tan-an,Galaxy Cinema AEON Mall Tân An,,2026-10-06T12:00:00.000Z,2026-10-06T14:15:00.000Z,TWO_D,Phụ Đề,2D Phụ Đề,SCHEDULED,MOCK,2026-10-05T14:56:13.548Z
47f273dda72e8944ce64898bd39afe7de6cbd6d3,trai-buon-nguoi,name:galaxy-cinema-aeon-mall-tan-an,Galaxy Cinema AEON Mall Tân An,,2026-10-06T12:45:00.000Z,2026-10-06T15:00:00.000Z,TWO_D,Phụ Đề,2D Phụ Đề,SCHEDULED,MOCK,2026-10-05T14:56:13.548Z
c0be120d92f92c4a803eead6077cda1ef7723d5b,trai-buon-nguoi,name:galaxy-cinema-aeon-mall-tan-an,Galaxy Cinema AEON Mall Tân An,,2026-10-06T13:00:00.000Z,2026-10-06T15:15:00.000Z,TWO_D,Phụ Đề,2D Phụ Đề,SCHEDULED,MOCK,2026-10-05T14:56:13.548Z
77aaf63628d66f3948b9d53e3866cb2b52b9fba0,trai-buon-nguoi,name:galaxy-cinema-aeon-mall-tan-an,Galaxy Cinema AEON Mall Tân An,,2026-10-06T13:30:00.000Z,2026-10-06T15:45:00.000Z,TWO_D,Phụ Đề,2D Phụ Đề,SCHEDULED,MOCK,2026-10-05T14:56:13.548Z
d116a5ed7a85f1bafd11daf3dd4b74aefeb1ba0d,trai-buon-nguoi,name:galaxy-cinema-aeon-mall-tan-an,Galaxy Cinema AEON Mall Tân An,,2026-10-06T13:45:00.000Z,2026-10-06T16:00:00.000Z,TWO_D,Phụ Đề,2D Phụ Đề,SCHEDULED,MOCK,2026-10-05T14:56:13.548Z
6737959b56b75b41dd3966cc1e87b4015cb983e5,trai-buon-nguoi,name:galaxy-cinema-aeon-mall-tan-an,Galaxy Cinema AEON Mall Tân An,,2026-10-06T14:30:00.000Z,2026-10-06T16:45:00.000Z,TWO_D,Phụ Đề,2D Phụ Đề,SCHEDULED,MOCK,2026-10-05T14:56:13.548Z
2bd67ebce6b87b10e99e5a7aa97b1b88bf1f930d,trai-buon-nguoi,name:galaxy-cinema-aeon-mall-tan-an,Galaxy Cinema AEON Mall Tân An,,2026-10-06T15:15:00.000Z,2026-10-06T17:30:00.000Z,TWO_D,Phụ Đề,2D Phụ Đề,SCHEDULED,MOCK,2026-10-05T14:56:13.548Z
908b22821997a9d9a60789099f12bbe7115abe3d,trai-buon-nguoi,name:galaxy-cinema-aeon-mall-tan-an,Galaxy Cinema AEON Mall Tân An,,2026-10-06T15:30:00.000Z,2026-10-06T17:45:00.000Z,TWO_D,Phụ Đề,2D Phụ Đề,SCHEDULED,MOCK,2026-10-05T14:56:13.548Z
c09ccd23426da31233ed163ee620444eeeff1a59,trai-buon-nguoi,name:galaxy-cinex-hanoi-centre,Galaxy CineX Hanoi Centre,,2026-10-07T02:45:00.000Z,2026-10-07T05:00:00.000Z,TWO_D,,,SCHEDULED,MOCK,2026-10-05T14:56:14.594Z
40a9b5664cf73a6c8b7a8617685713826b73f340,trai-buon-nguoi,name:galaxy-cinex-hanoi-centre,Galaxy CineX Hanoi Centre,,2026-10-07T05:15:00.000Z,2026-10-07T07:30:00.000Z,TWO_D,,,SCHEDULED,MOCK,2026-10-05T14:56:14.594Z
8551e9f590639dccff155cc57b14188c81f4d034,trai-buon-nguoi,name:galaxy-cinex-hanoi-centre,Galaxy CineX Hanoi Centre,,2026-10-07T13:45:00.000Z,2026-10-07T16:00:00.000Z,TWO_D,,,SCHEDULED,MOCK,2026-10-05T14:56:14.594Z
8f9eeb792235fe0dc0d92dae67d31142ee2d411a,trai-buon-nguoi,name:galaxy-cinex-hanoi-centre,Galaxy CineX Hanoi Centre,,2026-10-07T03:30:00.000Z,2026-10-07T05:45:00.000Z,TWO_D,Phụ Đề,2D Phụ Đề,SCHEDULED,MOCK,2026-10-05T14:56:14.594Z
5cf2c948b1456089b8e071f89f78ea4d2a374c8c,trai-buon-nguoi,name:galaxy-cinex-hanoi-centre,Galaxy CineX Hanoi Centre,,2026-10-07T04:30:00.000Z,2026-10-07T06:45:00.000Z,TWO_D,Phụ Đề,2D Phụ Đề,SCHEDULED,MOCK,2026-10-05T14:56:14.594Z
221ad692390e376d90e5f0dd74932991f035dac9,trai-buon-nguoi,name:galaxy-cinex-hanoi-centre,Galaxy CineX Hanoi Centre,,2026-10-07T06:00:00.000Z,2026-10-07T08:15:00.000Z,TWO_D,Phụ Đề,2D Phụ Đề,SCHEDULED,MOCK,2026-10-05T14:56:14.594Z
6802172290be36c1c4bc8fd4fd68157aff2f7aa1,trai-buon-nguoi,name:galaxy-cinex-hanoi-centre,Galaxy CineX Hanoi Centre,,2026-10-07T07:00:00.000Z,2026-10-07T09:15:00.000Z,TWO_D,Phụ Đề,2D Phụ Đề,SCHEDULED,MOCK,2026-10-05T14:56:14.595Z
74233105587d4a3b1ec23d6dddca2eff702558ba,trai-buon-nguoi,name:galaxy-cinex-hanoi-centre,Galaxy CineX Hanoi Centre,,2026-10-07T08:30:00.000Z,2026-10-07T10:45:00.000Z,TWO_D,Phụ Đề,2D Phụ Đề,SCHEDULED,MOCK,2026-10-05T14:56:14.595Z
001e45acdd45917694a174455d03b5b042bcb0ff,trai-buon-nguoi,name:galaxy-cinex-hanoi-centre,Galaxy CineX Hanoi Centre,,2026-10-07T09:30:00.000Z,2026-10-07T11:45:00.000Z,TWO_D,Phụ Đề,2D Phụ Đề,SCHEDULED,MOCK,2026-10-05T14:56:14.595Z
f4ae2783f5e59ed396a722de601031a3e4daad03,trai-buon-nguoi,name:galaxy-cinex-hanoi-centre,Galaxy CineX Hanoi Centre,,2026-10-07T11:00:00.000Z,2026-10-07T13:15:00.000Z,TWO_D,Phụ Đề,2D Phụ Đề,SCHEDULED,MOCK,2026-10-05T14:56:14.595Z
737bf6abba77b386274a1fc1b9999cc9e8d41787,trai-buon-nguoi,name:galaxy-cinex-hanoi-centre,Galaxy CineX Hanoi Centre,,2026-10-07T12:00:00.000Z,2026-10-07T14:15:00.000Z,TWO_D,Phụ Đề,2D Phụ Đề,SCHEDULED,MOCK,2026-10-05T14:56:14.595Z
bdf832fcad75ead8c3cb05919b57393601f5abe3,trai-buon-nguoi,name:galaxy-cinex-hanoi-centre,Galaxy CineX Hanoi Centre,,2026-10-07T13:30:00.000Z,2026-10-07T15:45:00.000Z,TWO_D,Phụ Đề,2D Phụ Đề,SCHEDULED,MOCK,2026-10-05T14:56:14.595Z
88d94a340b13b5c33533ed0f0db9c6b54110aa4d,trai-buon-nguoi,name:galaxy-cinex-hanoi-centre,Galaxy CineX Hanoi Centre,,2026-10-07T14:30:00.000Z,2026-10-07T16:45:00.000Z,TWO_D,Phụ Đề,2D Phụ Đề,SCHEDULED,MOCK,2026-10-05T14:56:14.595Z
cabf59f776907b54cda7d667ba199bf0a9051a7e,trai-buon-nguoi,name:galaxy-cinex-hanoi-centre,Galaxy CineX Hanoi Centre,,2026-10-07T16:00:00.000Z,2026-10-07T18:15:00.000Z,TWO_D,Phụ Đề,2D Phụ Đề,SCHEDULED,MOCK,2026-10-05T14:56:14.595Z
42a2c2a4c411a06464a5f788070160b4542c629c,trai-buon-nguoi,name:galaxy-cinex-hanoi-centre,Galaxy CineX Hanoi Centre,,2026-10-07T04:00:00.000Z,2026-10-07T06:15:00.000Z,TWO_D,Phụ Đề,2D Phụ Đề,SCHEDULED,MOCK,2026-10-05T14:56:14.595Z
72c6d709508ec5d306e1977fbbbb21bd6e4bc5c4,trai-buon-nguoi,name:galaxy-cinex-hanoi-centre,Galaxy CineX Hanoi Centre,,2026-10-07T06:30:00.000Z,2026-10-07T08:45:00.000Z,TWO_D,Phụ Đề,2D Phụ Đề,SCHEDULED,MOCK,2026-10-05T14:56:14.595Z
e7910a84c8f786a4d33bb86564826c0f612e7cf2,trai-buon-nguoi,name:galaxy-cinex-hanoi-centre,Galaxy CineX Hanoi Centre,,2026-10-07T09:00:00.000Z,2026-10-07T11:15:00.000Z,TWO_D,Phụ Đề,2D Phụ Đề,SCHEDULED,MOCK,2026-10-05T14:56:14.595Z
6a88b4c628ea9276827aff80b74c4e637d3f968e,trai-buon-nguoi,name:galaxy-cinex-hanoi-centre,Galaxy CineX Hanoi Centre,,2026-10-07T11:30:00.000Z,2026-10-07T13:45:00.000Z,TWO_D,Phụ Đề,2D Phụ Đề,SCHEDULED,MOCK,2026-10-05T14:56:14.595Z
7899a2529184e7efeed6c95118641c78b40d7b3e,trai-buon-nguoi,name:galaxy-cinex-hanoi-centre,Galaxy CineX Hanoi Centre,,2026-10-07T14:00:00.000Z,2026-10-07T16:15:00.000Z,TWO_D,Phụ Đề,2D Phụ Đề,SCHEDULED,MOCK,2026-10-05T14:56:14.595Z
bce170ecf9266f168cbaa60cc673b54fa90aa32a,trai-buon-nguoi,name:galaxy-cinex-hanoi-centre,Galaxy CineX Hanoi Centre,,2026-10-07T08:00:00.000Z,2026-10-07T10:15:00.000Z,TWO_D,Phụ Đề,2D Phụ Đề,SCHEDULED,MOCK,2026-10-05T14:56:14.595Z
9f7c4d36a41f1cbc39d4cb6320b6117096180e8b,trai-buon-nguoi,name:galaxy-cinex-hanoi-centre,Galaxy CineX Hanoi Centre,,2026-10-07T10:30:00.000Z,2026-10-07T12:45:00.000Z,TWO_D,Phụ Đề,2D Phụ Đề,SCHEDULED,MOCK,2026-10-05T14:56:14.595Z
7b9a2c3507f874ba622b057cbf9803d0f1f2e56e,trai-buon-nguoi,name:galaxy-cinex-hanoi-centre,Galaxy CineX Hanoi Centre,,2026-10-07T13:00:00.000Z,2026-10-07T15:15:00.000Z,TWO_D,Phụ Đề,2D Phụ Đề,SCHEDULED,MOCK,2026-10-05T14:56:14.595Z
78b0daf378c9f3669c75ca98e0bb2ab6ed0dc56d,trai-buon-nguoi,name:galaxy-cinex-hanoi-centre,Galaxy CineX Hanoi Centre,,2026-10-07T15:30:00.000Z,2026-10-07T17:45:00.000Z,TWO_D,Phụ Đề,2D Phụ Đề,SCHEDULED,MOCK,2026-10-05T14:56:14.595Z
ab5050d658009938aa7ead8987f5900aef5c821b,trai-buon-nguoi,galaxy-sala,Galaxy CineX Thiso Mall Sala,,2026-10-07T03:15:00.000Z,2026-10-07T05:30:00.000Z,TWO_D,Phụ Đề,2D Phụ Đề,SCHEDULED,MOCK,2026-10-05T14:56:14.595Z
793ca03e68b63df8ccb5a9ccab2745db0fee9f2b,trai-buon-nguoi,galaxy-sala,Galaxy CineX Thiso Mall Sala,,2026-10-07T05:45:00.000Z,2026-10-07T08:00:00.000Z,TWO_D,Phụ Đề,2D Phụ Đề,SCHEDULED,MOCK,2026-10-05T14:56:14.595Z
40af484496ffdb99bf50850a2d060c21d3f13451,trai-buon-nguoi,galaxy-sala,Galaxy CineX Thiso Mall Sala,,2026-10-07T08:15:00.000Z,2026-10-07T10:30:00.000Z,TWO_D,Phụ Đề,2D Phụ Đề,SCHEDULED,MOCK,2026-10-05T14:56:14.595Z
4b33b1ffafe48e2c1d8854baba6e9dbce5e3b858,trai-buon-nguoi,galaxy-sala,Galaxy CineX Thiso Mall Sala,,2026-10-07T10:45:00.000Z,2026-10-07T13:00:00.000Z,TWO_D,Phụ Đề,2D Phụ Đề,SCHEDULED,MOCK,2026-10-05T14:56:14.595Z
616c7484b4b01e8e35f6de4566fee5ec606f2b0b,trai-buon-nguoi,galaxy-sala,Galaxy CineX Thiso Mall Sala,,2026-10-07T13:15:00.000Z,2026-10-07T15:30:00.000Z,TWO_D,Phụ Đề,2D Phụ Đề,SCHEDULED,MOCK,2026-10-05T14:56:14.595Z
85e7261011a4c55d6d42b40e1fa603d7541a044a,trai-buon-nguoi,galaxy-sala,Galaxy CineX Thiso Mall Sala,,2026-10-07T15:45:00.000Z,2026-10-07T18:00:00.000Z,TWO_D,Phụ Đề,2D Phụ Đề,SCHEDULED,MOCK,2026-10-05T14:56:14.595Z
54c128b2efa82dee71c319548e15128257ccd2f9,trai-buon-nguoi,galaxy-sala,Galaxy CineX Thiso Mall Sala,,2026-10-07T04:15:00.000Z,2026-10-07T06:30:00.000Z,TWO_D,Phụ Đề,2D Phụ Đề,SCHEDULED,MOCK,2026-10-05T14:56:14.595Z
f5095f4249c3bacba6732222e803543fd4b0828a,trai-buon-nguoi,galaxy-sala,Galaxy CineX Thiso Mall Sala,,2026-10-07T06:45:00.000Z,2026-10-07T09:00:00.000Z,TWO_D,Phụ Đề,2D Phụ Đề,SCHEDULED,MOCK,2026-10-05T14:56:14.595Z
20b0dbff67a43b905844d71af9a1c4d481042c96,trai-buon-nguoi,galaxy-sala,Galaxy CineX Thiso Mall Sala,,2026-10-07T09:15:00.000Z,2026-10-07T11:30:00.000Z,TWO_D,Phụ Đề,2D Phụ Đề,SCHEDULED,MOCK,2026-10-05T14:56:14.595Z
eab3acfaba60aa6a5a166d118b76e3c55f7cd9ec,trai-buon-nguoi,galaxy-sala,Galaxy CineX Thiso Mall Sala,,2026-10-07T12:00:00.000Z,2026-10-07T14:15:00.000Z,TWO_D,Phụ Đề,2D Phụ Đề,SCHEDULED,MOCK,2026-10-05T14:56:14.595Z
8fc43dbdfc282a964c297b632a8229b898a25edd,trai-buon-nguoi,galaxy-sala,Galaxy CineX Thiso Mall Sala,,2026-10-07T14:30:00.000Z,2026-10-07T16:45:00.000Z,TWO_D,Phụ Đề,2D Phụ Đề,SCHEDULED,MOCK,2026-10-05T14:56:14.595Z
88b042a31eff83d5809e85fc221861237cd4e562,trai-buon-nguoi,name:galaxy-cinex-aeon-mall-thanh-khe,Galaxy CineX AEON Mall Thanh Khê,,2026-10-07T03:00:00.000Z,2026-10-07T05:15:00.000Z,TWO_D,Phụ Đề,2D Phụ Đề,SCHEDULED,MOCK,2026-10-05T14:56:14.595Z
61a6cd154313e788166b71c5273abc42e763e400,trai-buon-nguoi,name:galaxy-cinex-aeon-mall-thanh-khe,Galaxy CineX AEON Mall Thanh Khê,,2026-10-07T04:30:00.000Z,2026-10-07T06:45:00.000Z,TWO_D,Phụ Đề,2D Phụ Đề,SCHEDULED,MOCK,2026-10-05T14:56:14.595Z
572b42b3ca8d79525adeb6a534406ac472cd5ba0,trai-buon-nguoi,name:galaxy-cinex-aeon-mall-thanh-khe,Galaxy CineX AEON Mall Thanh Khê,,2026-10-07T05:30:00.000Z,2026-10-07T07:45:00.000Z,TWO_D,Phụ Đề,2D Phụ Đề,SCHEDULED,MOCK,2026-10-05T14:56:14.595Z
ba19bc4d9150311fda68e65a00b6d998e4e2c62d,trai-buon-nguoi,name:galaxy-cinex-aeon-mall-thanh-khe,Galaxy CineX AEON Mall Thanh Khê,,2026-10-07T07:00:00.000Z,2026-10-07T09:15:00.000Z,TWO_D,Phụ Đề,2D Phụ Đề,SCHEDULED,MOCK,2026-10-05T14:56:14.595Z
043d4bc7f22eb8144f1a178f4d7aef13ac3ed165,trai-buon-nguoi,name:galaxy-cinex-aeon-mall-thanh-khe,Galaxy CineX AEON Mall Thanh Khê,,2026-10-07T08:00:00.000Z,2026-10-07T10:15:00.000Z,TWO_D,Phụ Đề,2D Phụ Đề,SCHEDULED,MOCK,2026-10-05T14:56:14.595Z
bb740c9029602ebb1eee377456353b293e9cb6d3,trai-buon-nguoi,name:galaxy-cinex-aeon-mall-thanh-khe,Galaxy CineX AEON Mall Thanh Khê,,2026-10-07T09:30:00.000Z,2026-10-07T11:45:00.000Z,TWO_D,Phụ Đề,2D Phụ Đề,SCHEDULED,MOCK,2026-10-05T14:56:14.595Z
4d55f290dd9f326bdb1c920da930f977abc4caea,trai-buon-nguoi,name:galaxy-cinex-aeon-mall-thanh-khe,Galaxy CineX AEON Mall Thanh Khê,,2026-10-07T10:30:00.000Z,2026-10-07T12:45:00.000Z,TWO_D,Phụ Đề,2D Phụ Đề,SCHEDULED,MOCK,2026-10-05T14:56:14.595Z
1c6e5917ecd36fdbd0798d5724dfb01f17103339,trai-buon-nguoi,name:galaxy-cinex-aeon-mall-thanh-khe,Galaxy CineX AEON Mall Thanh Khê,,2026-10-07T12:00:00.000Z,2026-10-07T14:15:00.000Z,TWO_D,Phụ Đề,2D Phụ Đề,SCHEDULED,MOCK,2026-10-05T14:56:14.595Z
6b3d51407730f866557a92c1f023e921b998f5f0,trai-buon-nguoi,name:galaxy-cinex-aeon-mall-thanh-khe,Galaxy CineX AEON Mall Thanh Khê,,2026-10-07T13:00:00.000Z,2026-10-07T15:15:00.000Z,TWO_D,Phụ Đề,2D Phụ Đề,SCHEDULED,MOCK,2026-10-05T14:56:14.595Z
c6cf4fcc970cf6820085640f08b6a2dea63cae74,trai-buon-nguoi,name:galaxy-cinex-aeon-mall-thanh-khe,Galaxy CineX AEON Mall Thanh Khê,,2026-10-07T14:30:00.000Z,2026-10-07T16:45:00.000Z,TWO_D,Phụ Đề,2D Phụ Đề,SCHEDULED,MOCK,2026-10-05T14:56:14.595Z
3729513dd4c746fce0a2d42101bc5637f4a89b17,trai-buon-nguoi,name:galaxy-cinex-aeon-mall-thanh-khe,Galaxy CineX AEON Mall Thanh Khê,,2026-10-07T15:30:00.000Z,2026-10-07T17:45:00.000Z,TWO_D,Phụ Đề,2D Phụ Đề,SCHEDULED,MOCK,2026-10-05T14:56:14.595Z
908c2521a3bd4dca935ba0159521160b06162866,trai-buon-nguoi,name:galaxy-cinex-aeon-mall-thanh-khe,Galaxy CineX AEON Mall Thanh Khê,,2026-10-07T03:45:00.000Z,2026-10-07T06:00:00.000Z,TWO_D,Phụ Đề,2D Phụ Đề,SCHEDULED,MOCK,2026-10-05T14:56:14.595Z
1b93ebca9450cbf91d381f95c78cb67754ac8026,trai-buon-nguoi,name:galaxy-cinex-aeon-mall-thanh-khe,Galaxy CineX AEON Mall Thanh Khê,,2026-10-07T06:15:00.000Z,2026-10-07T08:30:00.000Z,TWO_D,Phụ Đề,2D Phụ Đề,SCHEDULED,MOCK,2026-10-05T14:56:14.595Z
1724fce65d8faf3ee44dbfe3106882350eb80337,trai-buon-nguoi,name:galaxy-cinex-aeon-mall-thanh-khe,Galaxy CineX AEON Mall Thanh Khê,,2026-10-07T08:45:00.000Z,2026-10-07T11:00:00.000Z,TWO_D,Phụ Đề,2D Phụ Đề,SCHEDULED,MOCK,2026-10-05T14:56:14.595Z
d96dd31202456fa4fffde3cce777f9b74ae072e4,trai-buon-nguoi,name:galaxy-cinex-aeon-mall-thanh-khe,Galaxy CineX AEON Mall Thanh Khê,,2026-10-07T11:15:00.000Z,2026-10-07T13:30:00.000Z,TWO_D,Phụ Đề,2D Phụ Đề,SCHEDULED,MOCK,2026-10-05T14:56:14.595Z
ac155cad15d946514f2fb8d1b87ec80df9f2361e,trai-buon-nguoi,name:galaxy-cinex-aeon-mall-thanh-khe,Galaxy CineX AEON Mall Thanh Khê,,2026-10-07T13:45:00.000Z,2026-10-07T16:00:00.000Z,TWO_D,Phụ Đề,2D Phụ Đề,SCHEDULED,MOCK,2026-10-05T14:56:14.595Z
64f059ec4cb69a7004d4cb48261ed6e1acca1f80,trai-buon-nguoi,galaxy-cineo-go-an-lac,Galaxy CineO GO! An Lạc,,2026-10-07T03:00:00.000Z,2026-10-07T05:15:00.000Z,TWO_D,Phụ Đề,2D Phụ Đề,SCHEDULED,MOCK,2026-10-05T14:56:14.595Z
0a67f7f9615462cbd91529e47af6c841f394777a,trai-buon-nguoi,galaxy-cineo-go-an-lac,Galaxy CineO GO! An Lạc,,2026-10-07T03:45:00.000Z,2026-10-07T06:00:00.000Z,TWO_D,Phụ Đề,2D Phụ Đề,SCHEDULED,MOCK,2026-10-05T14:56:14.595Z
25e5c0f2639ff675a4ff783c809fb83afc0922d3,trai-buon-nguoi,galaxy-cineo-go-an-lac,Galaxy CineO GO! An Lạc,,2026-10-07T04:30:00.000Z,2026-10-07T06:45:00.000Z,TWO_D,Phụ Đề,2D Phụ Đề,SCHEDULED,MOCK,2026-10-05T14:56:14.595Z
ef9b782e915ed38cc04b26c655ee24f6a0c032a0,trai-buon-nguoi,galaxy-cineo-go-an-lac,Galaxy CineO GO! An Lạc,,2026-10-07T05:00:00.000Z,2026-10-07T07:15:00.000Z,TWO_D,Phụ Đề,2D Phụ Đề,SCHEDULED,MOCK,2026-10-05T14:56:14.595Z
4775401ccdb23b329403ffd9d2757de7b0321951,trai-buon-nguoi,galaxy-cineo-go-an-lac,Galaxy CineO GO! An Lạc,,2026-10-07T05:45:00.000Z,2026-10-07T08:00:00.000Z,TWO_D,Phụ Đề,2D Phụ Đề,SCHEDULED,MOCK,2026-10-05T14:56:14.595Z
b2c376df362f0a2d6a48756638d4da7abafc6bb4,trai-buon-nguoi,galaxy-cineo-go-an-lac,Galaxy CineO GO! An Lạc,,2026-10-07T06:15:00.000Z,2026-10-07T08:30:00.000Z,TWO_D,Phụ Đề,2D Phụ Đề,SCHEDULED,MOCK,2026-10-05T14:56:14.595Z
cb62808d8f80221a382a7197bc127d1502e9eed0,trai-buon-nguoi,galaxy-cineo-go-an-lac,Galaxy CineO GO! An Lạc,,2026-10-07T07:00:00.000Z,2026-10-07T09:15:00.000Z,TWO_D,Phụ Đề,2D Phụ Đề,SCHEDULED,MOCK,2026-10-05T14:56:14.595Z
eccc7ee948207f464ee78f78c771fa5b2170fa3e,trai-buon-nguoi,galaxy-cineo-go-an-lac,Galaxy CineO GO! An Lạc,,2026-10-07T07:45:00.000Z,2026-10-07T10:00:00.000Z,TWO_D,Phụ Đề,2D Phụ Đề,SCHEDULED,MOCK,2026-10-05T14:56:14.595Z
dbef9e9ef2f61ea2f5e085f4af4485421d14891c,trai-buon-nguoi,galaxy-cineo-go-an-lac,Galaxy CineO GO! An Lạc,,2026-10-07T08:15:00.000Z,2026-10-07T10:30:00.000Z,TWO_D,Phụ Đề,2D Phụ Đề,SCHEDULED,MOCK,2026-10-05T14:56:14.595Z
e68e5a6fec228590f552a57884723a6d7f42e6ce,trai-buon-nguoi,galaxy-cineo-go-an-lac,Galaxy CineO GO! An Lạc,,2026-10-07T08:45:00.000Z,2026-10-07T11:00:00.000Z,TWO_D,Phụ Đề,2D Phụ Đề,SCHEDULED,MOCK,2026-10-05T14:56:14.596Z
e6eabd6edc160384e30beed80c8bbbcf2a5f108f,trai-buon-nguoi,galaxy-cineo-go-an-lac,Galaxy CineO GO! An Lạc,,2026-10-07T09:30:00.000Z,2026-10-07T11:45:00.000Z,TWO_D,Phụ Đề,2D Phụ Đề,SCHEDULED,MOCK,2026-10-05T14:56:14.596Z
856ec12f7b79c3c27cffd9e09a6c610119240cb9,trai-buon-nguoi,galaxy-cineo-go-an-lac,Galaxy CineO GO! An Lạc,,2026-10-07T10:15:00.000Z,2026-10-07T12:30:00.000Z,TWO_D,Phụ Đề,2D Phụ Đề,SCHEDULED,MOCK,2026-10-05T14:56:14.596Z
839fb1ab597f70274b35bb0267c02e7fdb857552,trai-buon-nguoi,galaxy-cineo-go-an-lac,Galaxy CineO GO! An Lạc,,2026-10-07T10:45:00.000Z,2026-10-07T13:00:00.000Z,TWO_D,Phụ Đề,2D Phụ Đề,SCHEDULED,MOCK,2026-10-05T14:56:14.596Z
5c5799b306d1981912a5cae5642d2a28575acf87,trai-buon-nguoi,galaxy-cineo-go-an-lac,Galaxy CineO GO! An Lạc,,2026-10-07T11:15:00.000Z,2026-10-07T13:30:00.000Z,TWO_D,Phụ Đề,2D Phụ Đề,SCHEDULED,MOCK,2026-10-05T14:56:14.596Z
2daa13f28616eb1e56a5f64325478dab96aac894,trai-buon-nguoi,galaxy-cineo-go-an-lac,Galaxy CineO GO! An Lạc,,2026-10-07T12:00:00.000Z,2026-10-07T14:15:00.000Z,TWO_D,Phụ Đề,2D Phụ Đề,SCHEDULED,MOCK,2026-10-05T14:56:14.596Z
a9553757363c1f38f6963435d59e6cfd64c7f5ad,trai-buon-nguoi,galaxy-cineo-go-an-lac,Galaxy CineO GO! An Lạc,,2026-10-07T12:45:00.000Z,2026-10-07T15:00:00.000Z,TWO_D,Phụ Đề,2D Phụ Đề,SCHEDULED,MOCK,2026-10-05T14:56:14.596Z
d5373fa9e9a5828fc87fd3b6fff72cab968cfb3a,trai-buon-nguoi,galaxy-cineo-go-an-lac,Galaxy CineO GO! An Lạc,,2026-10-07T13:15:00.000Z,2026-10-07T15:30:00.000Z,TWO_D,Phụ Đề,2D Phụ Đề,SCHEDULED,MOCK,2026-10-05T14:56:14.596Z
69e4392896bf800b700dcd92b80f8fd29aad4df7,trai-buon-nguoi,galaxy-cineo-go-an-lac,Galaxy CineO GO! An Lạc,,2026-10-07T13:45:00.000Z,2026-10-07T16:00:00.000Z,TWO_D,Phụ Đề,2D Phụ Đề,SCHEDULED,MOCK,2026-10-05T14:56:14.596Z
5a74fca730b0427ae11858827f50dfb72cd2e6fc,trai-buon-nguoi,galaxy-cineo-go-an-lac,Galaxy CineO GO! An Lạc,,2026-10-07T14:30:00.000Z,2026-10-07T16:45:00.000Z,TWO_D,Phụ Đề,2D Phụ Đề,SCHEDULED,MOCK,2026-10-05T14:56:14.596Z
8c85d6a0f678b618f1c9552f632203c721c78733,trai-buon-nguoi,galaxy-cineo-go-an-lac,Galaxy CineO GO! An Lạc,,2026-10-07T15:15:00.000Z,2026-10-07T17:30:00.000Z,TWO_D,Phụ Đề,2D Phụ Đề,SCHEDULED,MOCK,2026-10-05T14:56:14.596Z
88842b9d5122ab1408707da013b46910a5d5955b,trai-buon-nguoi,name:galaxy-cineo-go-ben-tre,Galaxy CineO GO! Bến Tre,,2026-10-07T02:30:00.000Z,2026-10-07T04:45:00.000Z,TWO_D,Phụ Đề,2D Phụ Đề,SCHEDULED,MOCK,2026-10-05T14:56:14.596Z
5e6e3183bac647e0bf9478e6041a2c194da9861e,trai-buon-nguoi,name:galaxy-cineo-go-ben-tre,Galaxy CineO GO! Bến Tre,,2026-10-07T03:30:00.000Z,2026-10-07T05:45:00.000Z,TWO_D,Phụ Đề,2D Phụ Đề,SCHEDULED,MOCK,2026-10-05T14:56:14.596Z
34c2baeeb324ccff43a3f428cc920b7b67a3f45c,trai-buon-nguoi,name:galaxy-cineo-go-ben-tre,Galaxy CineO GO! Bến Tre,,2026-10-07T04:15:00.000Z,2026-10-07T06:30:00.000Z,TWO_D,Phụ Đề,2D Phụ Đề,SCHEDULED,MOCK,2026-10-05T14:56:14.596Z
ac3abe1c6a1f1672505ebaf32ef710c6d1e579cf,trai-buon-nguoi,name:galaxy-cineo-go-ben-tre,Galaxy CineO GO! Bến Tre,,2026-10-07T05:00:00.000Z,2026-10-07T07:15:00.000Z,TWO_D,Phụ Đề,2D Phụ Đề,SCHEDULED,MOCK,2026-10-05T14:56:14.596Z
077e601c591ee354696e49c84be5655d79e9cfbb,trai-buon-nguoi,name:galaxy-cineo-go-ben-tre,Galaxy CineO GO! Bến Tre,,2026-10-07T06:00:00.000Z,2026-10-07T08:15:00.000Z,TWO_D,Phụ Đề,2D Phụ Đề,SCHEDULED,MOCK,2026-10-05T14:56:14.596Z
95ccf17e41bb4f0020f24b9d45d5ec7ca810b6ee,trai-buon-nguoi,name:galaxy-cineo-go-ben-tre,Galaxy CineO GO! Bến Tre,,2026-10-07T06:45:00.000Z,2026-10-07T09:00:00.000Z,TWO_D,Phụ Đề,2D Phụ Đề,SCHEDULED,MOCK,2026-10-05T14:56:14.596Z
b315a54571d4a2dcdb9e99207c4737c461cd92f3,trai-buon-nguoi,name:galaxy-cineo-go-ben-tre,Galaxy CineO GO! Bến Tre,,2026-10-07T07:30:00.000Z,2026-10-07T09:45:00.000Z,TWO_D,Phụ Đề,2D Phụ Đề,SCHEDULED,MOCK,2026-10-05T14:56:14.596Z
e0a7a142b231aa2b71ea9158a902b8f91f53d82e,trai-buon-nguoi,name:galaxy-cineo-go-ben-tre,Galaxy CineO GO! Bến Tre,,2026-10-07T08:30:00.000Z,2026-10-07T10:45:00.000Z,TWO_D,Phụ Đề,2D Phụ Đề,SCHEDULED,MOCK,2026-10-05T14:56:14.596Z
60d7c9fe854964e8f31ef2a726a140248f8e55b7,trai-buon-nguoi,name:galaxy-cineo-go-ben-tre,Galaxy CineO GO! Bến Tre,,2026-10-07T09:15:00.000Z,2026-10-07T11:30:00.000Z,TWO_D,Phụ Đề,2D Phụ Đề,SCHEDULED,MOCK,2026-10-05T14:56:14.596Z
ea3e5d3d3ec3f3dd5e076979e8a473f454b19096,trai-buon-nguoi,name:galaxy-cineo-go-ben-tre,Galaxy CineO GO! Bến Tre,,2026-10-07T10:00:00.000Z,2026-10-07T12:15:00.000Z,TWO_D,Phụ Đề,2D Phụ Đề,SCHEDULED,MOCK,2026-10-05T14:56:14.596Z
44b79819354c157a93a5d7e466e5911762c42b23,trai-buon-nguoi,name:galaxy-cineo-go-ben-tre,Galaxy CineO GO! Bến Tre,,2026-10-07T10:30:00.000Z,2026-10-07T12:45:00.000Z,TWO_D,Phụ Đề,2D Phụ Đề,SCHEDULED,MOCK,2026-10-05T14:56:14.596Z
b66945f32182a9e4d2f4cff742ee450d98208280,trai-buon-nguoi,name:galaxy-cineo-go-ben-tre,Galaxy CineO GO! Bến Tre,,2026-10-07T11:00:00.000Z,2026-10-07T13:15:00.000Z,TWO_D,Phụ Đề,2D Phụ Đề,SCHEDULED,MOCK,2026-10-05T14:56:14.596Z
48464171b4890aa5bd9c9e2f89fc42feaf323638,trai-buon-nguoi,name:galaxy-cineo-go-ben-tre,Galaxy CineO GO! Bến Tre,,2026-10-07T11:45:00.000Z,2026-10-07T14:00:00.000Z,TWO_D,Phụ Đề,2D Phụ Đề,SCHEDULED,MOCK,2026-10-05T14:56:14.596Z
d24d5ba46440df43297091bc481cf83d705aa8df,trai-buon-nguoi,name:galaxy-cineo-go-ben-tre,Galaxy CineO GO! Bến Tre,,2026-10-07T12:30:00.000Z,2026-10-07T14:45:00.000Z,TWO_D,Phụ Đề,2D Phụ Đề,SCHEDULED,MOCK,2026-10-05T14:56:14.596Z
e9931cf515c3c725c1064db36ae4ed352c990c36,trai-buon-nguoi,name:galaxy-cineo-go-ben-tre,Galaxy CineO GO! Bến Tre,,2026-10-07T13:00:00.000Z,2026-10-07T15:15:00.000Z,TWO_D,Phụ Đề,2D Phụ Đề,SCHEDULED,MOCK,2026-10-05T14:56:14.596Z
29a10e9267bd9ca775cd6b2a19ed2cc943530ec5,trai-buon-nguoi,name:galaxy-cineo-go-ben-tre,Galaxy CineO GO! Bến Tre,,2026-10-07T13:30:00.000Z,2026-10-07T15:45:00.000Z,TWO_D,Phụ Đề,2D Phụ Đề,SCHEDULED,MOCK,2026-10-05T14:56:14.596Z
b1cfa5d291f025bf448f4912897e15d465e73005,trai-buon-nguoi,name:galaxy-cineo-go-ben-tre,Galaxy CineO GO! Bến Tre,,2026-10-07T14:15:00.000Z,2026-10-07T16:30:00.000Z,TWO_D,Phụ Đề,2D Phụ Đề,SCHEDULED,MOCK,2026-10-05T14:56:14.596Z
5ba45578d5486769b91163bad8c4ee463080fa6f,trai-buon-nguoi,name:galaxy-cineo-go-ben-tre,Galaxy CineO GO! Bến Tre,,2026-10-07T15:00:00.000Z,2026-10-07T17:15:00.000Z,TWO_D,Phụ Đề,2D Phụ Đề,SCHEDULED,MOCK,2026-10-05T14:56:14.596Z
cb4cf5f95eda11905b10c5c0f1fe4a912975f015,trai-buon-nguoi,name:galaxy-cineo-go-ben-tre,Galaxy CineO GO! Bến Tre,,2026-10-07T15:30:00.000Z,2026-10-07T17:45:00.000Z,TWO_D,Phụ Đề,2D Phụ Đề,SCHEDULED,MOCK,2026-10-05T14:56:14.596Z
74c454e47c7a970f75b27d4028a811f0f520fbd2,trai-buon-nguoi,galaxy-quang-trung,Galaxy CineO Coop Quang Trung,,2026-10-07T02:00:00.000Z,2026-10-07T04:15:00.000Z,TWO_D,Phụ Đề,2D Phụ Đề,SCHEDULED,MOCK,2026-10-05T14:56:14.596Z
85b9875b06da8e15e5ff282c4535b853580b1df7,trai-buon-nguoi,galaxy-quang-trung,Galaxy CineO Coop Quang Trung,,2026-10-07T02:30:00.000Z,2026-10-07T04:45:00.000Z,TWO_D,Phụ Đề,2D Phụ Đề,SCHEDULED,MOCK,2026-10-05T14:56:14.596Z
b70e51c461c3a6282d62e8ae3f20043e70baa3aa,trai-buon-nguoi,galaxy-quang-trung,Galaxy CineO Coop Quang Trung,,2026-10-07T03:15:00.000Z,2026-10-07T05:30:00.000Z,TWO_D,Phụ Đề,2D Phụ Đề,SCHEDULED,MOCK,2026-10-05T14:56:14.596Z
c2d41e6bfb8c9647fdc88c0ba407f7accbcc9a74,trai-buon-nguoi,galaxy-quang-trung,Galaxy CineO Coop Quang Trung,,2026-10-07T03:45:00.000Z,2026-10-07T06:00:00.000Z,TWO_D,Phụ Đề,2D Phụ Đề,SCHEDULED,MOCK,2026-10-05T14:56:14.596Z
e006e06cf5db7137b9a670cf30ea075d8691ad3e,trai-buon-nguoi,galaxy-quang-trung,Galaxy CineO Coop Quang Trung,,2026-10-07T04:15:00.000Z,2026-10-07T06:30:00.000Z,TWO_D,Phụ Đề,2D Phụ Đề,SCHEDULED,MOCK,2026-10-05T14:56:14.596Z
b66ae1cfec3a35cde5d516be1df709a2fd0d9e44,trai-buon-nguoi,galaxy-quang-trung,Galaxy CineO Coop Quang Trung,,2026-10-07T04:30:00.000Z,2026-10-07T06:45:00.000Z,TWO_D,Phụ Đề,2D Phụ Đề,SCHEDULED,MOCK,2026-10-05T14:56:14.596Z
c0ee28e5a47fa20aee0de5256e8ebed78149524d,trai-buon-nguoi,galaxy-quang-trung,Galaxy CineO Coop Quang Trung,,2026-10-07T05:00:00.000Z,2026-10-07T07:15:00.000Z,TWO_D,Phụ Đề,2D Phụ Đề,SCHEDULED,MOCK,2026-10-05T14:56:14.596Z
ad084feb12cea8f7949cb352b0f05680849d9990,trai-buon-nguoi,galaxy-quang-trung,Galaxy CineO Coop Quang Trung,,2026-10-07T05:45:00.000Z,2026-10-07T08:00:00.000Z,TWO_D,Phụ Đề,2D Phụ Đề,SCHEDULED,MOCK,2026-10-05T14:56:14.596Z
b33c13e93c0ad8dd95eea5eeb67af6435af80b1c,trai-buon-nguoi,galaxy-quang-trung,Galaxy CineO Coop Quang Trung,,2026-10-07T06:15:00.000Z,2026-10-07T08:30:00.000Z,TWO_D,Phụ Đề,2D Phụ Đề,SCHEDULED,MOCK,2026-10-05T14:56:14.596Z
6114b718253fc13c160fb3a8c4ba92a66d66ea13,trai-buon-nguoi,galaxy-quang-trung,Galaxy CineO Coop Quang Trung,,2026-10-07T06:45:00.000Z,2026-10-07T09:00:00.000Z,TWO_D,Phụ Đề,2D Phụ Đề,SCHEDULED,MOCK,2026-10-05T14:56:14.596Z
cc37d194c5932f0ea18fc97db091a882eadfe1b8,trai-buon-nguoi,galaxy-quang-trung,Galaxy CineO Coop Quang Trung,,2026-10-07T07:00:00.000Z,2026-10-07T09:15:00.000Z,TWO_D,Phụ Đề,2D Phụ Đề,SCHEDULED,MOCK,2026-10-05T14:56:14.596Z
62f554ef4ed06a2e8539a513f678545aac597168,trai-buon-nguoi,galaxy-quang-trung,Galaxy CineO Coop Quang Trung,,2026-10-07T07:30:00.000Z,2026-10-07T09:45:00.000Z,TWO_D,Phụ Đề,2D Phụ Đề,SCHEDULED,MOCK,2026-10-05T14:56:14.596Z
2d27205660bb86c4a9258173fc0921948677ca43,trai-buon-nguoi,galaxy-quang-trung,Galaxy CineO Coop Quang Trung,,2026-10-07T08:15:00.000Z,2026-10-07T10:30:00.000Z,TWO_D,Phụ Đề,2D Phụ Đề,SCHEDULED,MOCK,2026-10-05T14:56:14.596Z
c29e5550168bb6ab4452e178a11afddbe1942578,trai-buon-nguoi,galaxy-quang-trung,Galaxy CineO Coop Quang Trung,,2026-10-07T08:45:00.000Z,2026-10-07T11:00:00.000Z,TWO_D,Phụ Đề,2D Phụ Đề,SCHEDULED,MOCK,2026-10-05T14:56:14.596Z
6aa50c07a47046d2024f3f9681e53ec8163cb609,trai-buon-nguoi,galaxy-quang-trung,Galaxy CineO Coop Quang Trung,,2026-10-07T09:30:00.000Z,2026-10-07T11:45:00.000Z,TWO_D,Phụ Đề,2D Phụ Đề,SCHEDULED,MOCK,2026-10-05T14:56:14.596Z
92625baeb7e08df6d60e47bfee0d1420b17f2247,trai-buon-nguoi,galaxy-quang-trung,Galaxy CineO Coop Quang Trung,,2026-10-07T10:00:00.000Z,2026-10-07T12:15:00.000Z,TWO_D,Phụ Đề,2D Phụ Đề,SCHEDULED,MOCK,2026-10-05T14:56:14.596Z
726f97825d4716886b8079695ba35d2c4b60d28c,trai-buon-nguoi,galaxy-quang-trung,Galaxy CineO Coop Quang Trung,,2026-10-07T10:45:00.000Z,2026-10-07T13:00:00.000Z,TWO_D,Phụ Đề,2D Phụ Đề,SCHEDULED,MOCK,2026-10-05T14:56:14.596Z
a283aa193575b5476d09d490cd25f19d0451bcd2,trai-buon-nguoi,galaxy-quang-trung,Galaxy CineO Coop Quang Trung,,2026-10-07T11:00:00.000Z,2026-10-07T13:15:00.000Z,TWO_D,Phụ Đề,2D Phụ Đề,SCHEDULED,MOCK,2026-10-05T14:56:14.596Z
6355dba2880f1b396f6ec48af895c2cb79ff6a43,trai-buon-nguoi,galaxy-quang-trung,Galaxy CineO Coop Quang Trung,,2026-10-07T11:30:00.000Z,2026-10-07T13:45:00.000Z,TWO_D,Phụ Đề,2D Phụ Đề,SCHEDULED,MOCK,2026-10-05T14:56:14.596Z
f5dd285161617fbb180b54453942a92f4fae8ab9,trai-buon-nguoi,galaxy-quang-trung,Galaxy CineO Coop Quang Trung,,2026-10-07T12:00:00.000Z,2026-10-07T14:15:00.000Z,TWO_D,Phụ Đề,2D Phụ Đề,SCHEDULED,MOCK,2026-10-05T14:56:14.596Z
35c7435e3d9b900fc7c3e358123b7dd7416bf59f,trai-buon-nguoi,galaxy-quang-trung,Galaxy CineO Coop Quang Trung,,2026-10-07T12:30:00.000Z,2026-10-07T14:45:00.000Z,TWO_D,Phụ Đề,2D Phụ Đề,SCHEDULED,MOCK,2026-10-05T14:56:14.596Z
be9827dae6e040b4b614c187795308e6cd7e1710,trai-buon-nguoi,galaxy-quang-trung,Galaxy CineO Coop Quang Trung,,2026-10-07T13:15:00.000Z,2026-10-07T15:30:00.000Z,TWO_D,Phụ Đề,2D Phụ Đề,SCHEDULED,MOCK,2026-10-05T14:56:14.596Z
4ce60c04f268023eb733862a293cf8f639fdbd19,trai-buon-nguoi,galaxy-quang-trung,Galaxy CineO Coop Quang Trung,,2026-10-07T13:30:00.000Z,2026-10-07T15:45:00.000Z,TWO_D,Phụ Đề,2D Phụ Đề,SCHEDULED,MOCK,2026-10-05T14:56:14.596Z
55edc9a00dbf8191bfc233db0162c11cff940407,trai-buon-nguoi,galaxy-quang-trung,Galaxy CineO Coop Quang Trung,,2026-10-07T14:00:00.000Z,2026-10-07T16:15:00.000Z,TWO_D,Phụ Đề,2D Phụ Đề,SCHEDULED,MOCK,2026-10-05T14:56:14.596Z
61a49bf3794fde6f3c3d57d1659af870ba12917f,trai-buon-nguoi,galaxy-quang-trung,Galaxy CineO Coop Quang Trung,,2026-10-07T14:30:00.000Z,2026-10-07T16:45:00.000Z,TWO_D,Phụ Đề,2D Phụ Đề,SCHEDULED,MOCK,2026-10-05T14:56:14.596Z
a820f0ffd010f4014fd50ce992cffe8ce1226597,trai-buon-nguoi,galaxy-quang-trung,Galaxy CineO Coop Quang Trung,,2026-10-07T15:00:00.000Z,2026-10-07T17:15:00.000Z,TWO_D,Phụ Đề,2D Phụ Đề,SCHEDULED,MOCK,2026-10-05T14:56:14.597Z
8e2828cb11859a3d780321c690053ba144ea88fc,trai-buon-nguoi,galaxy-quang-trung,Galaxy CineO Coop Quang Trung,,2026-10-07T15:45:00.000Z,2026-10-07T18:00:00.000Z,TWO_D,Phụ Đề,2D Phụ Đề,SCHEDULED,MOCK,2026-10-05T14:56:14.597Z
035f5b0b68b7a9f3befe60281480ee1ca6848812,trai-buon-nguoi,galaxy-quang-trung,Galaxy CineO Coop Quang Trung,,2026-10-07T16:00:00.000Z,2026-10-07T18:15:00.000Z,TWO_D,Phụ Đề,2D Phụ Đề,SCHEDULED,MOCK,2026-10-05T14:56:14.597Z
b40f916471ada13a447ce16897e41e380e54639d,trai-buon-nguoi,galaxy-quang-trung,Galaxy CineO Coop Quang Trung,,2026-10-07T16:30:00.000Z,2026-10-07T18:45:00.000Z,TWO_D,Phụ Đề,2D Phụ Đề,SCHEDULED,MOCK,2026-10-05T14:56:14.597Z
86321a96cf52a768c8452a4b3360913163e2ef11,trai-buon-nguoi,name:galaxy-cineo-vincom-dan-phuong,Galaxy CineO Vincom Đan Phượng,,2026-10-07T02:00:00.000Z,2026-10-07T04:15:00.000Z,TWO_D,Phụ Đề,2D Phụ Đề,SCHEDULED,MOCK,2026-10-05T14:56:14.597Z
2cd0b8550d3d2142beabfd710ed6d4580567abef,trai-buon-nguoi,name:galaxy-cineo-vincom-dan-phuong,Galaxy CineO Vincom Đan Phượng,,2026-10-07T02:45:00.000Z,2026-10-07T05:00:00.000Z,TWO_D,Phụ Đề,2D Phụ Đề,SCHEDULED,MOCK,2026-10-05T14:56:14.597Z
3723231db68db368fdf5fc903baa05509fb0a46e,trai-buon-nguoi,name:galaxy-cineo-vincom-dan-phuong,Galaxy CineO Vincom Đan Phượng,,2026-10-07T03:30:00.000Z,2026-10-07T05:45:00.000Z,TWO_D,Phụ Đề,2D Phụ Đề,SCHEDULED,MOCK,2026-10-05T14:56:14.597Z
0971199e472297cd2601645b188948c02545da94,trai-buon-nguoi,name:galaxy-cineo-vincom-dan-phuong,Galaxy CineO Vincom Đan Phượng,,2026-10-07T04:00:00.000Z,2026-10-07T06:15:00.000Z,TWO_D,Phụ Đề,2D Phụ Đề,SCHEDULED,MOCK,2026-10-05T14:56:14.597Z
22c927f545cbc4e1db56bb327df36b9ef403d494,trai-buon-nguoi,name:galaxy-cineo-vincom-dan-phuong,Galaxy CineO Vincom Đan Phượng,,2026-10-07T04:30:00.000Z,2026-10-07T06:45:00.000Z,TWO_D,Phụ Đề,2D Phụ Đề,SCHEDULED,MOCK,2026-10-05T14:56:14.597Z
f883a21176c7756e6f20dbd1cec9f1a2c9729116,trai-buon-nguoi,name:galaxy-cineo-vincom-dan-phuong,Galaxy CineO Vincom Đan Phượng,,2026-10-07T05:15:00.000Z,2026-10-07T07:30:00.000Z,TWO_D,Phụ Đề,2D Phụ Đề,SCHEDULED,MOCK,2026-10-05T14:56:14.597Z
3840e17ebbc3ea5a1f613e6d02e0d67f139913ee,trai-buon-nguoi,name:galaxy-cineo-vincom-dan-phuong,Galaxy CineO Vincom Đan Phượng,,2026-10-07T06:15:00.000Z,2026-10-07T08:30:00.000Z,TWO_D,Phụ Đề,2D Phụ Đề,SCHEDULED,MOCK,2026-10-05T14:56:14.597Z
d56a8cd1b7f9b60954419b668492642eba2f5548,trai-buon-nguoi,name:galaxy-cineo-vincom-dan-phuong,Galaxy CineO Vincom Đan Phượng,,2026-10-07T07:00:00.000Z,2026-10-07T09:15:00.000Z,TWO_D,Phụ Đề,2D Phụ Đề,SCHEDULED,MOCK,2026-10-05T14:56:14.597Z
9c30105f52906a01d0fbff365a9b383eb51c4cb3,trai-buon-nguoi,name:galaxy-cineo-vincom-dan-phuong,Galaxy CineO Vincom Đan Phượng,,2026-10-07T07:45:00.000Z,2026-10-07T10:00:00.000Z,TWO_D,Phụ Đề,2D Phụ Đề,SCHEDULED,MOCK,2026-10-05T14:56:14.597Z
be1c729f444b94034b112801c3362c1e0b69ff0b,trai-buon-nguoi,name:galaxy-cineo-vincom-dan-phuong,Galaxy CineO Vincom Đan Phượng,,2026-10-07T08:15:00.000Z,2026-10-07T10:30:00.000Z,TWO_D,Phụ Đề,2D Phụ Đề,SCHEDULED,MOCK,2026-10-05T14:56:14.597Z
3523df25575d347fd1edeba31e52a0dc37cdaca8,trai-buon-nguoi,name:galaxy-cineo-vincom-dan-phuong,Galaxy CineO Vincom Đan Phượng,,2026-10-07T08:45:00.000Z,2026-10-07T11:00:00.000Z,TWO_D,Phụ Đề,2D Phụ Đề,SCHEDULED,MOCK,2026-10-05T14:56:14.597Z
663fbee778928f25aac446abda28c543d3062fc8,trai-buon-nguoi,name:galaxy-cineo-vincom-dan-phuong,Galaxy CineO Vincom Đan Phượng,,2026-10-07T09:30:00.000Z,2026-10-07T11:45:00.000Z,TWO_D,Phụ Đề,2D Phụ Đề,SCHEDULED,MOCK,2026-10-05T14:56:14.597Z
eaea642c93b6a70e02347da961acb79b2036dd63,trai-buon-nguoi,name:galaxy-cineo-vincom-dan-phuong,Galaxy CineO Vincom Đan Phượng,,2026-10-07T10:15:00.000Z,2026-10-07T12:30:00.000Z,TWO_D,Phụ Đề,2D Phụ Đề,SCHEDULED,MOCK,2026-10-05T14:56:14.597Z
f6da2c0b6c3a6458a4e383ba88d81dd026701825,trai-buon-nguoi,name:galaxy-cineo-vincom-dan-phuong,Galaxy CineO Vincom Đan Phượng,,2026-10-07T11:00:00.000Z,2026-10-07T13:15:00.000Z,TWO_D,Phụ Đề,2D Phụ Đề,SCHEDULED,MOCK,2026-10-05T14:56:14.597Z
77e9e8e5b89c8de4a1cfb8e3bf78ef0dc4922e47,trai-buon-nguoi,name:galaxy-cineo-vincom-dan-phuong,Galaxy CineO Vincom Đan Phượng,,2026-10-07T11:30:00.000Z,2026-10-07T13:45:00.000Z,TWO_D,Phụ Đề,2D Phụ Đề,SCHEDULED,MOCK,2026-10-05T14:56:14.597Z
a6a0d2ce846fe2dc32094b320adbfbde4f9f2fdd,trai-buon-nguoi,name:galaxy-cineo-vincom-dan-phuong,Galaxy CineO Vincom Đan Phượng,,2026-10-07T12:00:00.000Z,2026-10-07T14:15:00.000Z,TWO_D,Phụ Đề,2D Phụ Đề,SCHEDULED,MOCK,2026-10-05T14:56:14.597Z
b9c3a0cbb543de3a2895994228c263c821a54cdc,trai-buon-nguoi,name:galaxy-cineo-vincom-dan-phuong,Galaxy CineO Vincom Đan Phượng,,2026-10-07T12:45:00.000Z,2026-10-07T15:00:00.000Z,TWO_D,Phụ Đề,2D Phụ Đề,SCHEDULED,MOCK,2026-10-05T14:56:14.597Z
1af12eb0ff9536ba71061b09f8c89cecbda7c5dc,trai-buon-nguoi,name:galaxy-cineo-vincom-dan-phuong,Galaxy CineO Vincom Đan Phượng,,2026-10-07T13:00:00.000Z,2026-10-07T15:15:00.000Z,TWO_D,Phụ Đề,2D Phụ Đề,SCHEDULED,MOCK,2026-10-05T14:56:14.597Z
475a964bac9cce0bf10a7b4e47639ef461da79d7,trai-buon-nguoi,name:galaxy-cineo-vincom-dan-phuong,Galaxy CineO Vincom Đan Phượng,,2026-10-07T13:30:00.000Z,2026-10-07T15:45:00.000Z,TWO_D,Phụ Đề,2D Phụ Đề,SCHEDULED,MOCK,2026-10-05T14:56:14.597Z
a73d14178079f726374c0769103f9686625b1866,trai-buon-nguoi,name:galaxy-cineo-vincom-dan-phuong,Galaxy CineO Vincom Đan Phượng,,2026-10-07T14:00:00.000Z,2026-10-07T16:15:00.000Z,TWO_D,Phụ Đề,2D Phụ Đề,SCHEDULED,MOCK,2026-10-05T14:56:14.597Z
aaed2665338e3c60fd5c1f478603c6fb3d2c150b,trai-buon-nguoi,name:galaxy-cineo-vincom-dan-phuong,Galaxy CineO Vincom Đan Phượng,,2026-10-07T14:30:00.000Z,2026-10-07T16:45:00.000Z,TWO_D,Phụ Đề,2D Phụ Đề,SCHEDULED,MOCK,2026-10-05T14:56:14.597Z
682ac40d503079f60eeb53a5d714889471042971,trai-buon-nguoi,name:galaxy-cineo-vincom-dan-phuong,Galaxy CineO Vincom Đan Phượng,,2026-10-07T15:15:00.000Z,2026-10-07T17:30:00.000Z,TWO_D,Phụ Đề,2D Phụ Đề,SCHEDULED,MOCK,2026-10-05T14:56:14.597Z
70dd7bd9469d4196b5bd2dc07a78f39c76ef5803,trai-buon-nguoi,name:galaxy-cineo-vincom-dan-phuong,Galaxy CineO Vincom Đan Phượng,,2026-10-07T15:45:00.000Z,2026-10-07T18:00:00.000Z,TWO_D,Phụ Đề,2D Phụ Đề,SCHEDULED,MOCK,2026-10-05T14:56:14.597Z
2c5be423f049a41bceecda96528cec5c6b80afaf,trai-buon-nguoi,name:galaxy-cine-gold-coast-nha-trang,Galaxy Cine+ Gold Coast Nha Trang,,2026-10-07T02:00:00.000Z,2026-10-07T04:15:00.000Z,TWO_D,Phụ Đề,2D Phụ Đề,SCHEDULED,MOCK,2026-10-05T14:56:14.597Z
f13dff33c8e30d3943620d21bc620b435cb666b9,trai-buon-nguoi,name:galaxy-cine-gold-coast-nha-trang,Galaxy Cine+ Gold Coast Nha Trang,,2026-10-07T02:45:00.000Z,2026-10-07T05:00:00.000Z,TWO_D,Phụ Đề,2D Phụ Đề,SCHEDULED,MOCK,2026-10-05T14:56:14.597Z
e4f3d2703fe0032895a89a3b6ed23c46ca91017a,trai-buon-nguoi,name:galaxy-cine-gold-coast-nha-trang,Galaxy Cine+ Gold Coast Nha Trang,,2026-10-07T03:15:00.000Z,2026-10-07T05:30:00.000Z,TWO_D,Phụ Đề,2D Phụ Đề,SCHEDULED,MOCK,2026-10-05T14:56:14.597Z
6284720f68021c2fee33c279d22ac25868133243,trai-buon-nguoi,name:galaxy-cine-gold-coast-nha-trang,Galaxy Cine+ Gold Coast Nha Trang,,2026-10-07T03:45:00.000Z,2026-10-07T06:00:00.000Z,TWO_D,Phụ Đề,2D Phụ Đề,SCHEDULED,MOCK,2026-10-05T14:56:14.597Z
985c1d3ffdca8e2f828c393c5ce2fd85b3928fe4,trai-buon-nguoi,name:galaxy-cine-gold-coast-nha-trang,Galaxy Cine+ Gold Coast Nha Trang,,2026-10-07T04:30:00.000Z,2026-10-07T06:45:00.000Z,TWO_D,Phụ Đề,2D Phụ Đề,SCHEDULED,MOCK,2026-10-05T14:56:14.597Z
92e27dd20999093bed1cda5dd9b1243c693cb1de,trai-buon-nguoi,name:galaxy-cine-gold-coast-nha-trang,Galaxy Cine+ Gold Coast Nha Trang,,2026-10-07T05:15:00.000Z,2026-10-07T07:30:00.000Z,TWO_D,Phụ Đề,2D Phụ Đề,SCHEDULED,MOCK,2026-10-05T14:56:14.597Z
bfe207535494ba0eb598684ad3c004691d681801,trai-buon-nguoi,name:galaxy-cine-gold-coast-nha-trang,Galaxy Cine+ Gold Coast Nha Trang,,2026-10-07T06:15:00.000Z,2026-10-07T08:30:00.000Z,TWO_D,Phụ Đề,2D Phụ Đề,SCHEDULED,MOCK,2026-10-05T14:56:14.597Z
3eb1b9b931ac400dd3b9d3b1231573ce148f0cc5,trai-buon-nguoi,name:galaxy-cine-gold-coast-nha-trang,Galaxy Cine+ Gold Coast Nha Trang,,2026-10-07T07:00:00.000Z,2026-10-07T09:15:00.000Z,TWO_D,Phụ Đề,2D Phụ Đề,SCHEDULED,MOCK,2026-10-05T14:56:14.597Z
e0be3c35dc8eb901f3b33fc73b121a2a3a4afdde,trai-buon-nguoi,name:galaxy-cine-gold-coast-nha-trang,Galaxy Cine+ Gold Coast Nha Trang,,2026-10-07T07:45:00.000Z,2026-10-07T10:00:00.000Z,TWO_D,Phụ Đề,2D Phụ Đề,SCHEDULED,MOCK,2026-10-05T14:56:14.597Z
766f7db3b34c892da30229f80678410fc52181e3,trai-buon-nguoi,name:galaxy-cine-gold-coast-nha-trang,Galaxy Cine+ Gold Coast Nha Trang,,2026-10-07T08:45:00.000Z,2026-10-07T11:00:00.000Z,TWO_D,Phụ Đề,2D Phụ Đề,SCHEDULED,MOCK,2026-10-05T14:56:14.597Z
9f2bb9fc7a442af20684008b0ae2dc41b5ffe08a,trai-buon-nguoi,name:galaxy-cine-gold-coast-nha-trang,Galaxy Cine+ Gold Coast Nha Trang,,2026-10-07T09:15:00.000Z,2026-10-07T11:30:00.000Z,TWO_D,Phụ Đề,2D Phụ Đề,SCHEDULED,MOCK,2026-10-05T14:56:14.597Z
31ef36578313b2853fb420ee1ff8dc79196f18d1,trai-buon-nguoi,name:galaxy-cine-gold-coast-nha-trang,Galaxy Cine+ Gold Coast Nha Trang,,2026-10-07T09:45:00.000Z,2026-10-07T12:00:00.000Z,TWO_D,Phụ Đề,2D Phụ Đề,SCHEDULED,MOCK,2026-10-05T14:56:14.597Z
462ff7d167680a73dc12872f3196dc790cf8d666,trai-buon-nguoi,name:galaxy-cine-gold-coast-nha-trang,Galaxy Cine+ Gold Coast Nha Trang,,2026-10-07T10:30:00.000Z,2026-10-07T12:45:00.000Z,TWO_D,Phụ Đề,2D Phụ Đề,SCHEDULED,MOCK,2026-10-05T14:56:14.597Z
11657761b93f43dcae17242ac8dc929e7584b9e6,trai-buon-nguoi,name:galaxy-cine-gold-coast-nha-trang,Galaxy Cine+ Gold Coast Nha Trang,,2026-10-07T11:15:00.000Z,2026-10-07T13:30:00.000Z,TWO_D,Phụ Đề,2D Phụ Đề,SCHEDULED,MOCK,2026-10-05T14:56:14.597Z
a5459c205c916435bfc22ec1f496bf5a3a499880,trai-buon-nguoi,name:galaxy-cine-gold-coast-nha-trang,Galaxy Cine+ Gold Coast Nha Trang,,2026-10-07T12:00:00.000Z,2026-10-07T14:15:00.000Z,TWO_D,Phụ Đề,2D Phụ Đề,SCHEDULED,MOCK,2026-10-05T14:56:14.597Z
834f6751107c80600d9d658e36bb86bf651d283d,trai-buon-nguoi,name:galaxy-cine-gold-coast-nha-trang,Galaxy Cine+ Gold Coast Nha Trang,,2026-10-07T12:15:00.000Z,2026-10-07T14:30:00.000Z,TWO_D,Phụ Đề,2D Phụ Đề,SCHEDULED,MOCK,2026-10-05T14:56:14.597Z
b677a5c701459a640b58e8372c593df0ba08af98,trai-buon-nguoi,name:galaxy-cine-gold-coast-nha-trang,Galaxy Cine+ Gold Coast Nha Trang,,2026-10-07T13:00:00.000Z,2026-10-07T15:15:00.000Z,TWO_D,Phụ Đề,2D Phụ Đề,SCHEDULED,MOCK,2026-10-05T14:56:14.597Z
5c712008a54ab31991b0de0bcb39a1025a5062b3,trai-buon-nguoi,name:galaxy-cine-gold-coast-nha-trang,Galaxy Cine+ Gold Coast Nha Trang,,2026-10-07T13:45:00.000Z,2026-10-07T16:00:00.000Z,TWO_D,Phụ Đề,2D Phụ Đề,SCHEDULED,MOCK,2026-10-05T14:56:14.597Z
d03d367bd31772147b917e05805230b6c8bb5a8c,trai-buon-nguoi,name:galaxy-cine-gold-coast-nha-trang,Galaxy Cine+ Gold Coast Nha Trang,,2026-10-07T14:30:00.000Z,2026-10-07T16:45:00.000Z,TWO_D,Phụ Đề,2D Phụ Đề,SCHEDULED,MOCK,2026-10-05T14:56:14.597Z
f0ad0789818d48c4bda60918a417f24da8e7276a,trai-buon-nguoi,name:galaxy-cine-gold-coast-nha-trang,Galaxy Cine+ Gold Coast Nha Trang,,2026-10-07T15:00:00.000Z,2026-10-07T17:15:00.000Z,TWO_D,Phụ Đề,2D Phụ Đề,SCHEDULED,MOCK,2026-10-05T14:56:14.597Z
1a96096c443b49f0f93bde24848284bda114db1d,trai-buon-nguoi,name:galaxy-cine-gold-coast-nha-trang,Galaxy Cine+ Gold Coast Nha Trang,,2026-10-07T15:30:00.000Z,2026-10-07T17:45:00.000Z,TWO_D,Phụ Đề,2D Phụ Đề,SCHEDULED,MOCK,2026-10-05T14:56:14.597Z
6a87d42be51b8625398930bd537a85b6bc2422c3,trai-buon-nguoi,name:galaxy-cine-gold-coast-nha-trang,Galaxy Cine+ Gold Coast Nha Trang,,2026-10-07T16:15:00.000Z,2026-10-07T18:30:00.000Z,TWO_D,Phụ Đề,2D Phụ Đề,SCHEDULED,MOCK,2026-10-05T14:56:14.598Z
46eb31ca69d0dd5795b64e7a709e2ec78730d8be,trai-buon-nguoi,galaxy-parc-mall-q8,Galaxy Cine+ Parc Mall,,2026-10-07T02:00:00.000Z,2026-10-07T04:15:00.000Z,TWO_D,Phụ Đề,2D Phụ Đề,SCHEDULED,MOCK,2026-10-05T14:56:14.598Z
2b090d889f1c5f942928ecc93ed79c7adee2db6a,trai-buon-nguoi,galaxy-parc-mall-q8,Galaxy Cine+ Parc Mall,,2026-10-07T02:45:00.000Z,2026-10-07T05:00:00.000Z,TWO_D,Phụ Đề,2D Phụ Đề,SCHEDULED,MOCK,2026-10-05T14:56:14.598Z
44d757f56f1a541562aff273b3ad4e35e3432bf0,trai-buon-nguoi,galaxy-parc-mall-q8,Galaxy Cine+ Parc Mall,,2026-10-07T03:30:00.000Z,2026-10-07T05:45:00.000Z,TWO_D,Phụ Đề,2D Phụ Đề,SCHEDULED,MOCK,2026-10-05T14:56:14.598Z
1fc1479ba36b476d72424cc471b135f3243f9349,trai-buon-nguoi,galaxy-parc-mall-q8,Galaxy Cine+ Parc Mall,,2026-10-07T04:00:00.000Z,2026-10-07T06:15:00.000Z,TWO_D,Phụ Đề,2D Phụ Đề,SCHEDULED,MOCK,2026-10-05T14:56:14.598Z
6e893cb100ef05aae70778e4391af3b43a5c4a43,trai-buon-nguoi,galaxy-parc-mall-q8,Galaxy Cine+ Parc Mall,,2026-10-07T04:30:00.000Z,2026-10-07T06:45:00.000Z,TWO_D,Phụ Đề,2D Phụ Đề,SCHEDULED,MOCK,2026-10-05T14:56:14.598Z
5f5a18902d8a824568a349dca8da2e3e6fb806fe,trai-buon-nguoi,galaxy-parc-mall-q8,Galaxy Cine+ Parc Mall,,2026-10-07T05:15:00.000Z,2026-10-07T07:30:00.000Z,TWO_D,Phụ Đề,2D Phụ Đề,SCHEDULED,MOCK,2026-10-05T14:56:14.598Z
88ee0cb87a792e2e25cf8d4fd6fe3bb58b29953e,trai-buon-nguoi,galaxy-parc-mall-q8,Galaxy Cine+ Parc Mall,,2026-10-07T06:00:00.000Z,2026-10-07T08:15:00.000Z,TWO_D,Phụ Đề,2D Phụ Đề,SCHEDULED,MOCK,2026-10-05T14:56:14.598Z
55d0bfa29754633b0db6b4cdbbeccd9790e4e689,trai-buon-nguoi,galaxy-parc-mall-q8,Galaxy Cine+ Parc Mall,,2026-10-07T06:30:00.000Z,2026-10-07T08:45:00.000Z,TWO_D,Phụ Đề,2D Phụ Đề,SCHEDULED,MOCK,2026-10-05T14:56:14.598Z
e91b11de7171d2279c7227af37b6487487c10bd7,trai-buon-nguoi,galaxy-parc-mall-q8,Galaxy Cine+ Parc Mall,,2026-10-07T07:15:00.000Z,2026-10-07T09:30:00.000Z,TWO_D,Phụ Đề,2D Phụ Đề,SCHEDULED,MOCK,2026-10-05T14:56:14.598Z
b939aea31274e647bdf4fddcd5c2679ba93c72cd,trai-buon-nguoi,galaxy-parc-mall-q8,Galaxy Cine+ Parc Mall,,2026-10-07T08:00:00.000Z,2026-10-07T10:15:00.000Z,TWO_D,Phụ Đề,2D Phụ Đề,SCHEDULED,MOCK,2026-10-05T14:56:14.598Z
57f19bc6a7d847352b4af73554d8c462ab91352f,trai-buon-nguoi,galaxy-parc-mall-q8,Galaxy Cine+ Parc Mall,,2026-10-07T08:30:00.000Z,2026-10-07T10:45:00.000Z,TWO_D,Phụ Đề,2D Phụ Đề,SCHEDULED,MOCK,2026-10-05T14:56:14.598Z
6fa07308d0b6b1e72385cae4c0fecf16f268c2a2,trai-buon-nguoi,galaxy-parc-mall-q8,Galaxy Cine+ Parc Mall,,2026-10-07T09:15:00.000Z,2026-10-07T11:30:00.000Z,TWO_D,Phụ Đề,2D Phụ Đề,SCHEDULED,MOCK,2026-10-05T14:56:14.598Z
2eaf126788d6b494b4179a1ed2e1bb9b7e275932,trai-buon-nguoi,galaxy-parc-mall-q8,Galaxy Cine+ Parc Mall,,2026-10-07T10:00:00.000Z,2026-10-07T12:15:00.000Z,TWO_D,Phụ Đề,2D Phụ Đề,SCHEDULED,MOCK,2026-10-05T14:56:14.598Z
f50e9af4895e4064ccda49067db19537f7715df6,trai-buon-nguoi,galaxy-parc-mall-q8,Galaxy Cine+ Parc Mall,,2026-10-07T10:30:00.000Z,2026-10-07T12:45:00.000Z,TWO_D,Phụ Đề,2D Phụ Đề,SCHEDULED,MOCK,2026-10-05T14:56:14.598Z
e94186f2340efa2e4a0686fcb537407ac6a13056,trai-buon-nguoi,galaxy-parc-mall-q8,Galaxy Cine+ Parc Mall,,2026-10-07T11:00:00.000Z,2026-10-07T13:15:00.000Z,TWO_D,Phụ Đề,2D Phụ Đề,SCHEDULED,MOCK,2026-10-05T14:56:14.598Z
6e2331d8b61db5739bba1052ef6d265966f55077,trai-buon-nguoi,galaxy-parc-mall-q8,Galaxy Cine+ Parc Mall,,2026-10-07T11:30:00.000Z,2026-10-07T13:45:00.000Z,TWO_D,Phụ Đề,2D Phụ Đề,SCHEDULED,MOCK,2026-10-05T14:56:14.598Z
585d2acdcb9943360af72106da6c82b7dd28ccaf,trai-buon-nguoi,galaxy-parc-mall-q8,Galaxy Cine+ Parc Mall,,2026-10-07T12:00:00.000Z,2026-10-07T14:15:00.000Z,TWO_D,Phụ Đề,2D Phụ Đề,SCHEDULED,MOCK,2026-10-05T14:56:14.598Z
bc1176bcb22abec2e4fd6a9a658f47934f4f80bb,trai-buon-nguoi,galaxy-parc-mall-q8,Galaxy Cine+ Parc Mall,,2026-10-07T12:30:00.000Z,2026-10-07T14:45:00.000Z,TWO_D,Phụ Đề,2D Phụ Đề,SCHEDULED,MOCK,2026-10-05T14:56:14.598Z
f0faae2529c14d57b2bad7083b2b3295b760805b,trai-buon-nguoi,galaxy-parc-mall-q8,Galaxy Cine+ Parc Mall,,2026-10-07T12:45:00.000Z,2026-10-07T15:00:00.000Z,TWO_D,Phụ Đề,2D Phụ Đề,SCHEDULED,MOCK,2026-10-05T14:56:14.598Z
26a4a105e19bea6cfeb5d3786ac5bedb2134c269,trai-buon-nguoi,galaxy-parc-mall-q8,Galaxy Cine+ Parc Mall,,2026-10-07T13:15:00.000Z,2026-10-07T15:30:00.000Z,TWO_D,Phụ Đề,2D Phụ Đề,SCHEDULED,MOCK,2026-10-05T14:56:14.598Z
8d8ffda78c5a1755ef701dda50cfba2327ce9319,trai-buon-nguoi,galaxy-parc-mall-q8,Galaxy Cine+ Parc Mall,,2026-10-07T13:45:00.000Z,2026-10-07T16:00:00.000Z,TWO_D,Phụ Đề,2D Phụ Đề,SCHEDULED,MOCK,2026-10-05T14:56:14.598Z
3e94427a09a555714edc66d9ec9e22be992fc25e,trai-buon-nguoi,galaxy-parc-mall-q8,Galaxy Cine+ Parc Mall,,2026-10-07T14:00:00.000Z,2026-10-07T16:15:00.000Z,TWO_D,Phụ Đề,2D Phụ Đề,SCHEDULED,MOCK,2026-10-05T14:56:14.598Z
3608c33e7da5da1db4af201637d23c5d6cc0d6c9,trai-buon-nguoi,galaxy-parc-mall-q8,Galaxy Cine+ Parc Mall,,2026-10-07T14:30:00.000Z,2026-10-07T16:45:00.000Z,TWO_D,Phụ Đề,2D Phụ Đề,SCHEDULED,MOCK,2026-10-05T14:56:14.598Z
49d9f3cdc334cce38347f744513597972bbc61b7,trai-buon-nguoi,galaxy-parc-mall-q8,Galaxy Cine+ Parc Mall,,2026-10-07T15:15:00.000Z,2026-10-07T17:30:00.000Z,TWO_D,Phụ Đề,2D Phụ Đề,SCHEDULED,MOCK,2026-10-05T14:56:14.598Z
1e5888de45e2fd8938d68668b7201310077f8a72,trai-buon-nguoi,galaxy-parc-mall-q8,Galaxy Cine+ Parc Mall,,2026-10-07T15:45:00.000Z,2026-10-07T18:00:00.000Z,TWO_D,Phụ Đề,2D Phụ Đề,SCHEDULED,MOCK,2026-10-05T14:56:14.598Z
7e65a8cb4a00f313125695c96f065b6dc2d25fb7,trai-buon-nguoi,galaxy-parc-mall-q8,Galaxy Cine+ Parc Mall,,2026-10-07T16:15:00.000Z,2026-10-07T18:30:00.000Z,TWO_D,Phụ Đề,2D Phụ Đề,SCHEDULED,MOCK,2026-10-05T14:56:14.598Z
17f9a4cfeb84fc6580458c76e57bf654c4be6d93,trai-buon-nguoi,galaxy-cine-thiso-phan-huy-ich,Galaxy Cine+ Thiso Mall Phan Huy Ích,,2026-10-07T03:15:00.000Z,2026-10-07T05:30:00.000Z,TWO_D,Phụ Đề,2D Phụ Đề,SCHEDULED,MOCK,2026-10-05T14:56:14.598Z
36c248886bfa383189adb820a9ed5e0761ec531a,trai-buon-nguoi,galaxy-cine-thiso-phan-huy-ich,Galaxy Cine+ Thiso Mall Phan Huy Ích,,2026-10-07T04:00:00.000Z,2026-10-07T06:15:00.000Z,TWO_D,Phụ Đề,2D Phụ Đề,SCHEDULED,MOCK,2026-10-05T14:56:14.598Z
eb1a5f84b33f9c0781b083f574f5204257d0b252,trai-buon-nguoi,galaxy-cine-thiso-phan-huy-ich,Galaxy Cine+ Thiso Mall Phan Huy Ích,,2026-10-07T05:15:00.000Z,2026-10-07T07:30:00.000Z,TWO_D,Phụ Đề,2D Phụ Đề,SCHEDULED,MOCK,2026-10-05T14:56:14.598Z
7563d8a7558f1a3e48f886a43f4094edaeb4f421,trai-buon-nguoi,galaxy-cine-thiso-phan-huy-ich,Galaxy Cine+ Thiso Mall Phan Huy Ích,,2026-10-07T06:00:00.000Z,2026-10-07T08:15:00.000Z,TWO_D,Phụ Đề,2D Phụ Đề,SCHEDULED,MOCK,2026-10-05T14:56:14.598Z
123bac2b4d140cf79f7858d8e038ba7272c84f0a,trai-buon-nguoi,galaxy-cine-thiso-phan-huy-ich,Galaxy Cine+ Thiso Mall Phan Huy Ích,,2026-10-07T06:30:00.000Z,2026-10-07T08:45:00.000Z,TWO_D,Phụ Đề,2D Phụ Đề,SCHEDULED,MOCK,2026-10-05T14:56:14.598Z
28a2f7c71f572c1c26ef92aab2dc522ff0982909,trai-buon-nguoi,galaxy-cine-thiso-phan-huy-ich,Galaxy Cine+ Thiso Mall Phan Huy Ích,,2026-10-07T07:45:00.000Z,2026-10-07T10:00:00.000Z,TWO_D,Phụ Đề,2D Phụ Đề,SCHEDULED,MOCK,2026-10-05T14:56:14.598Z
49ff833f0393b889e0072ed9148126e5e5de0239,trai-buon-nguoi,galaxy-cine-thiso-phan-huy-ich,Galaxy Cine+ Thiso Mall Phan Huy Ích,,2026-10-07T08:30:00.000Z,2026-10-07T10:45:00.000Z,TWO_D,Phụ Đề,2D Phụ Đề,SCHEDULED,MOCK,2026-10-05T14:56:14.598Z
7e1a0854ed097d6b943ffb8419036ed8cfbd0b1a,trai-buon-nguoi,galaxy-cine-thiso-phan-huy-ich,Galaxy Cine+ Thiso Mall Phan Huy Ích,,2026-10-07T09:00:00.000Z,2026-10-07T11:15:00.000Z,TWO_D,Phụ Đề,2D Phụ Đề,SCHEDULED,MOCK,2026-10-05T14:56:14.598Z
189a837cf45bb2ae826bfeb7cb5abcc3d41250f9,trai-buon-nguoi,galaxy-cine-thiso-phan-huy-ich,Galaxy Cine+ Thiso Mall Phan Huy Ích,,2026-10-07T10:15:00.000Z,2026-10-07T12:30:00.000Z,TWO_D,Phụ Đề,2D Phụ Đề,SCHEDULED,MOCK,2026-10-05T14:56:14.598Z
d9c71cc11f0d3cc7099fceea4abf3cec6d7860ad,trai-buon-nguoi,galaxy-cine-thiso-phan-huy-ich,Galaxy Cine+ Thiso Mall Phan Huy Ích,,2026-10-07T11:00:00.000Z,2026-10-07T13:15:00.000Z,TWO_D,Phụ Đề,2D Phụ Đề,SCHEDULED,MOCK,2026-10-05T14:56:14.598Z
fa632000065a9fdec3b0eadc297a07aad04b609b,trai-buon-nguoi,galaxy-cine-thiso-phan-huy-ich,Galaxy Cine+ Thiso Mall Phan Huy Ích,,2026-10-07T11:30:00.000Z,2026-10-07T13:45:00.000Z,TWO_D,Phụ Đề,2D Phụ Đề,SCHEDULED,MOCK,2026-10-05T14:56:14.598Z
21cc053d6d33e5870246aa8ff7b69f8cc2cf435d,trai-buon-nguoi,galaxy-cine-thiso-phan-huy-ich,Galaxy Cine+ Thiso Mall Phan Huy Ích,,2026-10-07T12:45:00.000Z,2026-10-07T15:00:00.000Z,TWO_D,Phụ Đề,2D Phụ Đề,SCHEDULED,MOCK,2026-10-05T14:56:14.598Z
a6d2d56ac4fa12bf8a0a29ae9161575bf47a8307,trai-buon-nguoi,galaxy-cine-thiso-phan-huy-ich,Galaxy Cine+ Thiso Mall Phan Huy Ích,,2026-10-07T13:30:00.000Z,2026-10-07T15:45:00.000Z,TWO_D,Phụ Đề,2D Phụ Đề,SCHEDULED,MOCK,2026-10-05T14:56:14.598Z
f26fb2e340b212de6ad4e4b8a6c38aacaf87665b,trai-buon-nguoi,galaxy-cine-thiso-phan-huy-ich,Galaxy Cine+ Thiso Mall Phan Huy Ích,,2026-10-07T14:00:00.000Z,2026-10-07T16:15:00.000Z,TWO_D,Phụ Đề,2D Phụ Đề,SCHEDULED,MOCK,2026-10-05T14:56:14.598Z
ad4e7ee95e6c32807f800ec4a8f6581bc95b2e3e,trai-buon-nguoi,galaxy-cine-thiso-phan-huy-ich,Galaxy Cine+ Thiso Mall Phan Huy Ích,,2026-10-07T15:15:00.000Z,2026-10-07T17:30:00.000Z,TWO_D,Phụ Đề,2D Phụ Đề,SCHEDULED,MOCK,2026-10-05T14:56:14.600Z
b0ea99926c5b6cdc3bc6162348fd308feeef2c9e,trai-buon-nguoi,galaxy-cine-thiso-phan-huy-ich,Galaxy Cine+ Thiso Mall Phan Huy Ích,,2026-10-07T16:00:00.000Z,2026-10-07T18:15:00.000Z,TWO_D,Phụ Đề,2D Phụ Đề,SCHEDULED,MOCK,2026-10-05T14:56:14.600Z
2cf29438478f560d2c88138028bda06e1758b29c,trai-buon-nguoi,name:galaxy-cine-vincom-vinh,Galaxy Cine+ Vincom Vinh,,2026-10-07T02:15:00.000Z,2026-10-07T04:30:00.000Z,TWO_D,Phụ Đề,2D Phụ Đề,SCHEDULED,MOCK,2026-10-05T14:56:14.600Z
c14244d5055c8f6dd573687de94defbfe6c26392,trai-buon-nguoi,name:galaxy-cine-vincom-vinh,Galaxy Cine+ Vincom Vinh,,2026-10-07T03:00:00.000Z,2026-10-07T05:15:00.000Z,TWO_D,Phụ Đề,2D Phụ Đề,SCHEDULED,MOCK,2026-10-05T14:56:14.600Z
b17b5b11636f1819395e31f48c526a3c9c26c67e,trai-buon-nguoi,name:galaxy-cine-vincom-vinh,Galaxy Cine+ Vincom Vinh,,2026-10-07T04:30:00.000Z,2026-10-07T06:45:00.000Z,TWO_D,Phụ Đề,2D Phụ Đề,SCHEDULED,MOCK,2026-10-05T14:56:14.604Z
51c4bbacad8370f0f48111f806f71686c47c2228,trai-buon-nguoi,name:galaxy-cine-vincom-vinh,Galaxy Cine+ Vincom Vinh,,2026-10-07T05:00:00.000Z,2026-10-07T07:15:00.000Z,TWO_D,Phụ Đề,2D Phụ Đề,SCHEDULED,MOCK,2026-10-05T14:56:14.604Z
cca27609093dc6b79313426ab53553f8d551de72,trai-buon-nguoi,name:galaxy-cine-vincom-vinh,Galaxy Cine+ Vincom Vinh,,2026-10-07T05:30:00.000Z,2026-10-07T07:45:00.000Z,TWO_D,Phụ Đề,2D Phụ Đề,SCHEDULED,MOCK,2026-10-05T14:56:14.604Z
1b33f50b017f1655611088e7fb758ca3e52c6f5f,trai-buon-nguoi,name:galaxy-cine-vincom-vinh,Galaxy Cine+ Vincom Vinh,,2026-10-07T07:00:00.000Z,2026-10-07T09:15:00.000Z,TWO_D,Phụ Đề,2D Phụ Đề,SCHEDULED,MOCK,2026-10-05T14:56:14.604Z
ff9dcc1ea84207e2de028355eec619d5364ab834,trai-buon-nguoi,name:galaxy-cine-vincom-vinh,Galaxy Cine+ Vincom Vinh,,2026-10-07T07:30:00.000Z,2026-10-07T09:45:00.000Z,TWO_D,Phụ Đề,2D Phụ Đề,SCHEDULED,MOCK,2026-10-05T14:56:14.604Z
d5a2643cbb4f97f129f2c612371c2bf076e104c3,trai-buon-nguoi,name:galaxy-cine-vincom-vinh,Galaxy Cine+ Vincom Vinh,,2026-10-07T08:00:00.000Z,2026-10-07T10:15:00.000Z,TWO_D,Phụ Đề,2D Phụ Đề,SCHEDULED,MOCK,2026-10-05T14:56:14.604Z
c3e99b9ca9e9a4f9df250bd52d0f7bcc32af8983,trai-buon-nguoi,name:galaxy-cine-vincom-vinh,Galaxy Cine+ Vincom Vinh,,2026-10-07T09:30:00.000Z,2026-10-07T11:45:00.000Z,TWO_D,Phụ Đề,2D Phụ Đề,SCHEDULED,MOCK,2026-10-05T14:56:14.604Z
1adc9d72aa3f81e0595bd086d17266f2b50cb2f0,trai-buon-nguoi,name:galaxy-cine-vincom-vinh,Galaxy Cine+ Vincom Vinh,,2026-10-07T10:15:00.000Z,2026-10-07T12:30:00.000Z,TWO_D,Phụ Đề,2D Phụ Đề,SCHEDULED,MOCK,2026-10-05T14:56:14.604Z
5a63dc55ab263ca68c5ba965bcad61a2cce24d38,trai-buon-nguoi,name:galaxy-cine-vincom-vinh,Galaxy Cine+ Vincom Vinh,,2026-10-07T10:45:00.000Z,2026-10-07T13:00:00.000Z,TWO_D,Phụ Đề,2D Phụ Đề,SCHEDULED,MOCK,2026-10-05T14:56:14.604Z
2f622df631d4070f5d71380a5c305be7e8bd6e77,trai-buon-nguoi,name:galaxy-cine-vincom-vinh,Galaxy Cine+ Vincom Vinh,,2026-10-07T12:00:00.000Z,2026-10-07T14:15:00.000Z,TWO_D,Phụ Đề,2D Phụ Đề,SCHEDULED,MOCK,2026-10-05T14:56:14.604Z
70012b4bc95e146dcf3bd34ab0a99ae93e7deb39,trai-buon-nguoi,name:galaxy-cine-vincom-vinh,Galaxy Cine+ Vincom Vinh,,2026-10-07T13:00:00.000Z,2026-10-07T15:15:00.000Z,TWO_D,Phụ Đề,2D Phụ Đề,SCHEDULED,MOCK,2026-10-05T14:56:14.604Z
b665f665c9e88bccfe659bf4238fd49689b966a1,trai-buon-nguoi,name:galaxy-cine-vincom-vinh,Galaxy Cine+ Vincom Vinh,,2026-10-07T13:15:00.000Z,2026-10-07T15:30:00.000Z,TWO_D,Phụ Đề,2D Phụ Đề,SCHEDULED,MOCK,2026-10-05T14:56:14.604Z
ca4141f6e803f07e21650af6dce7a5d390cf5ee3,trai-buon-nguoi,name:galaxy-cine-vincom-vinh,Galaxy Cine+ Vincom Vinh,,2026-10-07T14:30:00.000Z,2026-10-07T16:45:00.000Z,TWO_D,Phụ Đề,2D Phụ Đề,SCHEDULED,MOCK,2026-10-05T14:56:14.604Z
35333b31679a5a792918a6574e4ffa233db10651,trai-buon-nguoi,name:galaxy-cine-vincom-vinh,Galaxy Cine+ Vincom Vinh,,2026-10-07T15:30:00.000Z,2026-10-07T17:45:00.000Z,TWO_D,Phụ Đề,2D Phụ Đề,SCHEDULED,MOCK,2026-10-05T14:56:14.604Z
63decdca2de8f94f6f0581b6915b8f0f5a980a95,trai-buon-nguoi,name:galaxy-cine-vincom-vinh,Galaxy Cine+ Vincom Vinh,,2026-10-07T04:00:00.000Z,2026-10-07T06:15:00.000Z,TWO_D,Phụ Đề,2D Phụ Đề,SCHEDULED,MOCK,2026-10-05T14:56:14.604Z
5e98114d2b7898db8d6ae91ae17d446894eab346,trai-buon-nguoi,name:galaxy-cine-vincom-vinh,Galaxy Cine+ Vincom Vinh,,2026-10-07T08:15:00.000Z,2026-10-07T10:30:00.000Z,TWO_D,Phụ Đề,2D Phụ Đề,SCHEDULED,MOCK,2026-10-05T14:56:14.604Z
b5383d0e54a301004fe9a014308b96104e4feda5,trai-buon-nguoi,name:galaxy-cine-vincom-vinh,Galaxy Cine+ Vincom Vinh,,2026-10-07T12:30:00.000Z,2026-10-07T14:45:00.000Z,TWO_D,Phụ Đề,2D Phụ Đề,SCHEDULED,MOCK,2026-10-05T14:56:14.604Z
aa69704f9b53ecbb517c9c9e91104539249c0331,trai-buon-nguoi,name:galaxy-cine-vincom-vinh,Galaxy Cine+ Vincom Vinh,,2026-10-07T15:00:00.000Z,2026-10-07T17:15:00.000Z,TWO_D,Phụ Đề,2D Phụ Đề,SCHEDULED,MOCK,2026-10-05T14:56:14.604Z
8e22242c2004ab084bc217ed2fd82861fbf3cead,trai-buon-nguoi,galaxy-kinh-duong-vuong,Galaxy Cinema Kinh Dương Vương,,2026-10-07T02:15:00.000Z,2026-10-07T04:30:00.000Z,TWO_D,Phụ Đề,2D Phụ Đề,SCHEDULED,MOCK,2026-10-05T14:56:14.604Z
9ee4345201ed505e370159b42b1201cd218832a2,trai-buon-nguoi,galaxy-kinh-duong-vuong,Galaxy Cinema Kinh Dương Vương,,2026-10-07T03:00:00.000Z,2026-10-07T05:15:00.000Z,TWO_D,Phụ Đề,2D Phụ Đề,SCHEDULED,MOCK,2026-10-05T14:56:14.604Z
a369bd31114246601e23dcdb11ddf2c376aaee53,trai-buon-nguoi,galaxy-kinh-duong-vuong,Galaxy Cinema Kinh Dương Vương,,2026-10-07T03:30:00.000Z,2026-10-07T05:45:00.000Z,TWO_D,Phụ Đề,2D Phụ Đề,SCHEDULED,MOCK,2026-10-05T14:56:14.604Z
69b74bc910a1ae830e7fb01a39aaab2fc79e728a,trai-buon-nguoi,galaxy-kinh-duong-vuong,Galaxy Cinema Kinh Dương Vương,,2026-10-07T05:00:00.000Z,2026-10-07T07:15:00.000Z,TWO_D,Phụ Đề,2D Phụ Đề,SCHEDULED,MOCK,2026-10-05T14:56:14.604Z
5200769dc7d3069a1993cfc0ee7ca8063d77c234,trai-buon-nguoi,galaxy-kinh-duong-vuong,Galaxy Cinema Kinh Dương Vương,,2026-10-07T05:30:00.000Z,2026-10-07T07:45:00.000Z,TWO_D,Phụ Đề,2D Phụ Đề,SCHEDULED,MOCK,2026-10-05T14:56:14.604Z
0854af5ae97156be4ffa42ef9f31a9b3f6a37925,trai-buon-nguoi,galaxy-kinh-duong-vuong,Galaxy Cinema Kinh Dương Vương,,2026-10-07T06:00:00.000Z,2026-10-07T08:15:00.000Z,TWO_D,Phụ Đề,2D Phụ Đề,SCHEDULED,MOCK,2026-10-05T14:56:14.604Z
ddfc755cf22c7b6bbb324ea8189ee0532c54af7a,trai-buon-nguoi,galaxy-kinh-duong-vuong,Galaxy Cinema Kinh Dương Vương,,2026-10-07T07:30:00.000Z,2026-10-07T09:45:00.000Z,TWO_D,Phụ Đề,2D Phụ Đề,SCHEDULED,MOCK,2026-10-05T14:56:14.604Z
fac0d0b81abac1508eb4124fc907374c51d4173f,trai-buon-nguoi,galaxy-kinh-duong-vuong,Galaxy Cinema Kinh Dương Vương,,2026-10-07T08:00:00.000Z,2026-10-07T10:15:00.000Z,TWO_D,Phụ Đề,2D Phụ Đề,SCHEDULED,MOCK,2026-10-05T14:56:14.604Z
75587c4f26d94e4511f405b36bb53798a66902a0,trai-buon-nguoi,galaxy-kinh-duong-vuong,Galaxy Cinema Kinh Dương Vương,,2026-10-07T08:30:00.000Z,2026-10-07T10:45:00.000Z,TWO_D,Phụ Đề,2D Phụ Đề,SCHEDULED,MOCK,2026-10-05T14:56:14.604Z
95b36f4553b12b90e66718c6784f4f1332f44f49,trai-buon-nguoi,galaxy-kinh-duong-vuong,Galaxy Cinema Kinh Dương Vương,,2026-10-07T09:00:00.000Z,2026-10-07T11:15:00.000Z,TWO_D,Phụ Đề,2D Phụ Đề,SCHEDULED,MOCK,2026-10-05T14:56:14.604Z
131ec2a1739525e6de5036fa4ae6357708dc7a83,trai-buon-nguoi,galaxy-kinh-duong-vuong,Galaxy Cinema Kinh Dương Vương,,2026-10-07T10:00:00.000Z,2026-10-07T12:15:00.000Z,TWO_D,Phụ Đề,2D Phụ Đề,SCHEDULED,MOCK,2026-10-05T14:56:14.604Z
fcd136832bb08df777aa2dc972ca3069d9245c6f,trai-buon-nguoi,galaxy-kinh-duong-vuong,Galaxy Cinema Kinh Dương Vương,,2026-10-07T10:30:00.000Z,2026-10-07T12:45:00.000Z,TWO_D,Phụ Đề,2D Phụ Đề,SCHEDULED,MOCK,2026-10-05T14:56:14.604Z
1dd04ba71e233ea5e59ee8b1d629fdc56306b8f0,trai-buon-nguoi,galaxy-kinh-duong-vuong,Galaxy Cinema Kinh Dương Vương,,2026-10-07T11:00:00.000Z,2026-10-07T13:15:00.000Z,TWO_D,Phụ Đề,2D Phụ Đề,SCHEDULED,MOCK,2026-10-05T14:56:14.604Z
b34d7d9e51e01b2c1b30ca005f792efa8c40f9ae,trai-buon-nguoi,galaxy-kinh-duong-vuong,Galaxy Cinema Kinh Dương Vương,,2026-10-07T12:30:00.000Z,2026-10-07T14:45:00.000Z,TWO_D,Phụ Đề,2D Phụ Đề,SCHEDULED,MOCK,2026-10-05T14:56:14.604Z
7e2ab55b05dbd2deb7218f2ce4e978c359eab95a,trai-buon-nguoi,galaxy-kinh-duong-vuong,Galaxy Cinema Kinh Dương Vương,,2026-10-07T13:00:00.000Z,2026-10-07T15:15:00.000Z,TWO_D,Phụ Đề,2D Phụ Đề,SCHEDULED,MOCK,2026-10-05T14:56:14.604Z
a7857a2a727144bb727dd030c53fc152c4789397,trai-buon-nguoi,galaxy-kinh-duong-vuong,Galaxy Cinema Kinh Dương Vương,,2026-10-07T13:30:00.000Z,2026-10-07T15:45:00.000Z,TWO_D,Phụ Đề,2D Phụ Đề,SCHEDULED,MOCK,2026-10-05T14:56:14.604Z
ab0d81441f7df19c3c09aa6adc25d1caaf6fa0ec,trai-buon-nguoi,galaxy-kinh-duong-vuong,Galaxy Cinema Kinh Dương Vương,,2026-10-07T15:00:00.000Z,2026-10-07T17:15:00.000Z,TWO_D,Phụ Đề,2D Phụ Đề,SCHEDULED,MOCK,2026-10-05T14:56:14.604Z
eb61051ace3b530de2347afc10f727ad5b4806da,trai-buon-nguoi,galaxy-kinh-duong-vuong,Galaxy Cinema Kinh Dương Vương,,2026-10-07T15:30:00.000Z,2026-10-07T17:45:00.000Z,TWO_D,Phụ Đề,2D Phụ Đề,SCHEDULED,MOCK,2026-10-05T14:56:14.605Z
90fafac889059b6c53c958a71923a967e8afd1fb,trai-buon-nguoi,galaxy-kinh-duong-vuong,Galaxy Cinema Kinh Dương Vương,,2026-10-07T16:00:00.000Z,2026-10-07T18:15:00.000Z,TWO_D,Phụ Đề,2D Phụ Đề,SCHEDULED,MOCK,2026-10-05T14:56:14.605Z
f2b18c9bb9f1cb5db46c7a836698b018819661c9,trai-buon-nguoi,galaxy-tan-binh,Galaxy Cinema Tân Bình,,2026-10-07T02:00:00.000Z,2026-10-07T04:15:00.000Z,TWO_D,Phụ Đề,2D Phụ Đề,SCHEDULED,MOCK,2026-10-05T14:56:14.605Z
4208691dcf4dac73fb61c199450258129b82b30e,trai-buon-nguoi,galaxy-tan-binh,Galaxy Cinema Tân Bình,,2026-10-07T03:00:00.000Z,2026-10-07T05:15:00.000Z,TWO_D,Phụ Đề,2D Phụ Đề,SCHEDULED,MOCK,2026-10-05T14:56:14.605Z
4d73d2728d755587238d9d20cd395afcbb069977,trai-buon-nguoi,galaxy-tan-binh,Galaxy Cinema Tân Bình,,2026-10-07T03:45:00.000Z,2026-10-07T06:00:00.000Z,TWO_D,Phụ Đề,2D Phụ Đề,SCHEDULED,MOCK,2026-10-05T14:56:14.605Z
e4b7e66088d4a36d9897118256432567c0494ff6,trai-buon-nguoi,galaxy-tan-binh,Galaxy Cinema Tân Bình,,2026-10-07T04:30:00.000Z,2026-10-07T06:45:00.000Z,TWO_D,Phụ Đề,2D Phụ Đề,SCHEDULED,MOCK,2026-10-05T14:56:14.605Z
bb06aed6959669a97e76a40799464b4720cda6c1,trai-buon-nguoi,galaxy-tan-binh,Galaxy Cinema Tân Bình,,2026-10-07T05:30:00.000Z,2026-10-07T07:45:00.000Z,TWO_D,Phụ Đề,2D Phụ Đề,SCHEDULED,MOCK,2026-10-05T14:56:14.605Z
e6dbd7f14cb89caa1082cc7e1532511e3766920a,trai-buon-nguoi,galaxy-tan-binh,Galaxy Cinema Tân Bình,,2026-10-07T06:15:00.000Z,2026-10-07T08:30:00.000Z,TWO_D,Phụ Đề,2D Phụ Đề,SCHEDULED,MOCK,2026-10-05T14:56:14.605Z
f3b7ad6d7921b29baf880630c6bbbd36602a208c,trai-buon-nguoi,galaxy-tan-binh,Galaxy Cinema Tân Bình,,2026-10-07T07:00:00.000Z,2026-10-07T09:15:00.000Z,TWO_D,Phụ Đề,2D Phụ Đề,SCHEDULED,MOCK,2026-10-05T14:56:14.605Z
6ab657ea092f47b151db719f656f0be1ffd3ff13,trai-buon-nguoi,galaxy-tan-binh,Galaxy Cinema Tân Bình,,2026-10-07T08:00:00.000Z,2026-10-07T10:15:00.000Z,TWO_D,Phụ Đề,2D Phụ Đề,SCHEDULED,MOCK,2026-10-05T14:56:14.605Z
2d1c337d9f2dc4ddba762c8b74a58b4db60e857a,trai-buon-nguoi,galaxy-tan-binh,Galaxy Cinema Tân Bình,,2026-10-07T08:45:00.000Z,2026-10-07T11:00:00.000Z,TWO_D,Phụ Đề,2D Phụ Đề,SCHEDULED,MOCK,2026-10-05T14:56:14.605Z
f0b1d7693d255ee1739403a3b4efef8c23c797c4,trai-buon-nguoi,galaxy-tan-binh,Galaxy Cinema Tân Bình,,2026-10-07T09:30:00.000Z,2026-10-07T11:45:00.000Z,TWO_D,Phụ Đề,2D Phụ Đề,SCHEDULED,MOCK,2026-10-05T14:56:14.605Z
21fc718e0fa4e4923fc06828029e50fd1b5a3417,trai-buon-nguoi,galaxy-tan-binh,Galaxy Cinema Tân Bình,,2026-10-07T10:30:00.000Z,2026-10-07T12:45:00.000Z,TWO_D,Phụ Đề,2D Phụ Đề,SCHEDULED,MOCK,2026-10-05T14:56:14.605Z
963de569d4dbb723282860e7649acd3ab472038a,trai-buon-nguoi,galaxy-tan-binh,Galaxy Cinema Tân Bình,,2026-10-07T11:15:00.000Z,2026-10-07T13:30:00.000Z,TWO_D,Phụ Đề,2D Phụ Đề,SCHEDULED,MOCK,2026-10-05T14:56:14.605Z
f7993f779d44802d1f14f357dc5a56a6bad6b1b1,trai-buon-nguoi,galaxy-tan-binh,Galaxy Cinema Tân Bình,,2026-10-07T12:00:00.000Z,2026-10-07T14:15:00.000Z,TWO_D,Phụ Đề,2D Phụ Đề,SCHEDULED,MOCK,2026-10-05T14:56:14.605Z
74668543111484060f465a1468c54df67bf74731,trai-buon-nguoi,galaxy-tan-binh,Galaxy Cinema Tân Bình,,2026-10-07T13:00:00.000Z,2026-10-07T15:15:00.000Z,TWO_D,Phụ Đề,2D Phụ Đề,SCHEDULED,MOCK,2026-10-05T14:56:14.605Z
a39a75576e09b700c1b6064991011081a0da788f,trai-buon-nguoi,galaxy-tan-binh,Galaxy Cinema Tân Bình,,2026-10-07T13:45:00.000Z,2026-10-07T16:00:00.000Z,TWO_D,Phụ Đề,2D Phụ Đề,SCHEDULED,MOCK,2026-10-05T14:56:14.605Z
ba7b129d95ff19d6f4078c7097ad49c916e765f8,trai-buon-nguoi,galaxy-tan-binh,Galaxy Cinema Tân Bình,,2026-10-07T14:30:00.000Z,2026-10-07T16:45:00.000Z,TWO_D,Phụ Đề,2D Phụ Đề,SCHEDULED,MOCK,2026-10-05T14:56:14.605Z
52951d0a52535b97ff6a32f2de9fa03450697462,trai-buon-nguoi,galaxy-tan-binh,Galaxy Cinema Tân Bình,,2026-10-07T15:30:00.000Z,2026-10-07T17:45:00.000Z,TWO_D,Phụ Đề,2D Phụ Đề,SCHEDULED,MOCK,2026-10-05T14:56:14.605Z
e6974b78de111bd44808cae6a9112a7c695c0db8,trai-buon-nguoi,galaxy-tan-binh,Galaxy Cinema Tân Bình,,2026-10-07T16:15:00.000Z,2026-10-07T18:30:00.000Z,TWO_D,Phụ Đề,2D Phụ Đề,SCHEDULED,MOCK,2026-10-05T14:56:14.605Z
f0a2aa58de81fb1157a855abfd3c1cbecee809b2,trai-buon-nguoi,galaxy-trung-chanh,Galaxy Cinema Trung Chánh,,2026-10-07T02:00:00.000Z,2026-10-07T04:15:00.000Z,TWO_D,Phụ Đề,2D Phụ Đề,SCHEDULED,MOCK,2026-10-05T14:56:14.605Z
08ff65d30f3daa77ea406f523d05011fd86bcc2b,trai-buon-nguoi,galaxy-trung-chanh,Galaxy Cinema Trung Chánh,,2026-10-07T02:30:00.000Z,2026-10-07T04:45:00.000Z,TWO_D,Phụ Đề,2D Phụ Đề,SCHEDULED,MOCK,2026-10-05T14:56:14.605Z
1b016ee4ebffa3a3bf5a846e077e37194b547a91,trai-buon-nguoi,galaxy-trung-chanh,Galaxy Cinema Trung Chánh,,2026-10-07T03:30:00.000Z,2026-10-07T05:45:00.000Z,TWO_D,Phụ Đề,2D Phụ Đề,SCHEDULED,MOCK,2026-10-05T14:56:14.605Z
bbf9334e1c65c43dbab277669dfb1bd2ff01632c,trai-buon-nguoi,galaxy-trung-chanh,Galaxy Cinema Trung Chánh,,2026-10-07T04:00:00.000Z,2026-10-07T06:15:00.000Z,TWO_D,Phụ Đề,2D Phụ Đề,SCHEDULED,MOCK,2026-10-05T14:56:14.605Z
0c5eacde0e9f762b72d718b34efa2a612dd1be2a,trai-buon-nguoi,galaxy-trung-chanh,Galaxy Cinema Trung Chánh,,2026-10-07T04:30:00.000Z,2026-10-07T06:45:00.000Z,TWO_D,Phụ Đề,2D Phụ Đề,SCHEDULED,MOCK,2026-10-05T14:56:14.605Z
7952661682c8d60b66dc8a6bd00f22fae71345c9,trai-buon-nguoi,galaxy-trung-chanh,Galaxy Cinema Trung Chánh,,2026-10-07T05:00:00.000Z,2026-10-07T07:15:00.000Z,TWO_D,Phụ Đề,2D Phụ Đề,SCHEDULED,MOCK,2026-10-05T14:56:14.605Z
0f9db3c5139eb2e38744c1f8230256a83b103dd9,trai-buon-nguoi,galaxy-trung-chanh,Galaxy Cinema Trung Chánh,,2026-10-07T06:00:00.000Z,2026-10-07T08:15:00.000Z,TWO_D,Phụ Đề,2D Phụ Đề,SCHEDULED,MOCK,2026-10-05T14:56:14.605Z
88df83db75372282e46810789ed3eb1adea4692f,trai-buon-nguoi,galaxy-trung-chanh,Galaxy Cinema Trung Chánh,,2026-10-07T06:15:00.000Z,2026-10-07T08:30:00.000Z,TWO_D,Phụ Đề,2D Phụ Đề,SCHEDULED,MOCK,2026-10-05T14:56:14.605Z
4486b544d1ac44ce141a01cfe4f0d37ce13b8cb7,trai-buon-nguoi,galaxy-trung-chanh,Galaxy Cinema Trung Chánh,,2026-10-07T06:30:00.000Z,2026-10-07T08:45:00.000Z,TWO_D,Phụ Đề,2D Phụ Đề,SCHEDULED,MOCK,2026-10-05T14:56:14.605Z
f2fe9307f06bfadf84a5b5acb01862ba0d8f032f,trai-buon-nguoi,galaxy-trung-chanh,Galaxy Cinema Trung Chánh,,2026-10-07T07:00:00.000Z,2026-10-07T09:15:00.000Z,TWO_D,Phụ Đề,2D Phụ Đề,SCHEDULED,MOCK,2026-10-05T14:56:14.605Z
e902b8ab009b5b4d7e3c49d4ccb717c30545b080,trai-buon-nguoi,galaxy-trung-chanh,Galaxy Cinema Trung Chánh,,2026-10-07T07:30:00.000Z,2026-10-07T09:45:00.000Z,TWO_D,Phụ Đề,2D Phụ Đề,SCHEDULED,MOCK,2026-10-05T14:56:14.605Z
7ee0a60113abb654ca187fe15a996330354a5af3,trai-buon-nguoi,galaxy-trung-chanh,Galaxy Cinema Trung Chánh,,2026-10-07T08:00:00.000Z,2026-10-07T10:15:00.000Z,TWO_D,Phụ Đề,2D Phụ Đề,SCHEDULED,MOCK,2026-10-05T14:56:14.605Z
f3346b34a8074d25fdeb2972dc4581929f596948,trai-buon-nguoi,galaxy-trung-chanh,Galaxy Cinema Trung Chánh,,2026-10-07T08:30:00.000Z,2026-10-07T10:45:00.000Z,TWO_D,Phụ Đề,2D Phụ Đề,SCHEDULED,MOCK,2026-10-05T14:56:14.605Z
4c9fcc5da49c8ac056f251cc71db73bd8ac94e4e,trai-buon-nguoi,galaxy-trung-chanh,Galaxy Cinema Trung Chánh,,2026-10-07T09:00:00.000Z,2026-10-07T11:15:00.000Z,TWO_D,Phụ Đề,2D Phụ Đề,SCHEDULED,MOCK,2026-10-05T14:56:14.605Z
1c8127d32ece85b5bdfe4603d4cb7f034241865c,trai-buon-nguoi,galaxy-trung-chanh,Galaxy Cinema Trung Chánh,,2026-10-07T09:30:00.000Z,2026-10-07T11:45:00.000Z,TWO_D,Phụ Đề,2D Phụ Đề,SCHEDULED,MOCK,2026-10-05T14:56:14.605Z
daab212180deeff75e3bc5b20096dc2b30d7afd6,trai-buon-nguoi,galaxy-trung-chanh,Galaxy Cinema Trung Chánh,,2026-10-07T10:00:00.000Z,2026-10-07T12:15:00.000Z,TWO_D,Phụ Đề,2D Phụ Đề,SCHEDULED,MOCK,2026-10-05T14:56:14.605Z
6fa015d52c5fb53fa6b972490ae0fd92bfd87faa,trai-buon-nguoi,galaxy-trung-chanh,Galaxy Cinema Trung Chánh,,2026-10-07T10:30:00.000Z,2026-10-07T12:45:00.000Z,TWO_D,Phụ Đề,2D Phụ Đề,SCHEDULED,MOCK,2026-10-05T14:56:14.605Z
b53692fe774e27fe4a3353f1597d19017eb0d145,trai-buon-nguoi,galaxy-trung-chanh,Galaxy Cinema Trung Chánh,,2026-10-07T10:45:00.000Z,2026-10-07T13:00:00.000Z,TWO_D,Phụ Đề,2D Phụ Đề,SCHEDULED,MOCK,2026-10-05T14:56:14.605Z
66bfec5d4e9d61bb1c4ef33ac7374c1401b991fb,trai-buon-nguoi,galaxy-trung-chanh,Galaxy Cinema Trung Chánh,,2026-10-07T11:00:00.000Z,2026-10-07T13:15:00.000Z,TWO_D,Phụ Đề,2D Phụ Đề,SCHEDULED,MOCK,2026-10-05T14:56:14.605Z
bf814b1a72bd744f5f5bae5eb99867dd349081b2,trai-buon-nguoi,galaxy-trung-chanh,Galaxy Cinema Trung Chánh,,2026-10-07T11:30:00.000Z,2026-10-07T13:45:00.000Z,TWO_D,Phụ Đề,2D Phụ Đề,SCHEDULED,MOCK,2026-10-05T14:56:14.605Z
17f879eac2e831bb50fa166f2b6226590e26735e,trai-buon-nguoi,galaxy-trung-chanh,Galaxy Cinema Trung Chánh,,2026-10-07T12:00:00.000Z,2026-10-07T14:15:00.000Z,TWO_D,Phụ Đề,2D Phụ Đề,SCHEDULED,MOCK,2026-10-05T14:56:14.605Z
ae6f049fefabba2cb465dee8485f8f08205ee359,trai-buon-nguoi,galaxy-trung-chanh,Galaxy Cinema Trung Chánh,,2026-10-07T12:15:00.000Z,2026-10-07T14:30:00.000Z,TWO_D,Phụ Đề,2D Phụ Đề,SCHEDULED,MOCK,2026-10-05T14:56:14.605Z
2cff7fbaef2511a995f265dc21f86ef042066a42,trai-buon-nguoi,galaxy-trung-chanh,Galaxy Cinema Trung Chánh,,2026-10-07T12:30:00.000Z,2026-10-07T14:45:00.000Z,TWO_D,Phụ Đề,2D Phụ Đề,SCHEDULED,MOCK,2026-10-05T14:56:14.605Z
b0a167eb88a5ca58d086094f601704b607232da4,trai-buon-nguoi,galaxy-trung-chanh,Galaxy Cinema Trung Chánh,,2026-10-07T13:00:00.000Z,2026-10-07T15:15:00.000Z,TWO_D,Phụ Đề,2D Phụ Đề,SCHEDULED,MOCK,2026-10-05T14:56:14.605Z
4169ce2cef54bedc8417f89401eda56f0c2305da,trai-buon-nguoi,galaxy-trung-chanh,Galaxy Cinema Trung Chánh,,2026-10-07T13:15:00.000Z,2026-10-07T15:30:00.000Z,TWO_D,Phụ Đề,2D Phụ Đề,SCHEDULED,MOCK,2026-10-05T14:56:14.605Z
1b6c321bf96646067bfef6e5afdaa281032bf888,trai-buon-nguoi,galaxy-trung-chanh,Galaxy Cinema Trung Chánh,,2026-10-07T13:30:00.000Z,2026-10-07T15:45:00.000Z,TWO_D,Phụ Đề,2D Phụ Đề,SCHEDULED,MOCK,2026-10-05T14:56:14.605Z
0a8a8193739aef1363acf68b57c920e060597f8d,trai-buon-nguoi,galaxy-trung-chanh,Galaxy Cinema Trung Chánh,,2026-10-07T14:00:00.000Z,2026-10-07T16:15:00.000Z,TWO_D,Phụ Đề,2D Phụ Đề,SCHEDULED,MOCK,2026-10-05T14:56:14.605Z
f3fe051ed39fa700fefd07d313a9507b8115860a,trai-buon-nguoi,galaxy-trung-chanh,Galaxy Cinema Trung Chánh,,2026-10-07T14:30:00.000Z,2026-10-07T16:45:00.000Z,TWO_D,Phụ Đề,2D Phụ Đề,SCHEDULED,MOCK,2026-10-05T14:56:14.605Z
ec02f247a4b558b01ab4c2728e55909e2b157b71,trai-buon-nguoi,galaxy-trung-chanh,Galaxy Cinema Trung Chánh,,2026-10-07T14:45:00.000Z,2026-10-07T17:00:00.000Z,TWO_D,Phụ Đề,2D Phụ Đề,SCHEDULED,MOCK,2026-10-05T14:56:14.605Z
a94cba64b29d84f9ed64b7690151b7385a704d80,trai-buon-nguoi,galaxy-trung-chanh,Galaxy Cinema Trung Chánh,,2026-10-07T15:00:00.000Z,2026-10-07T17:15:00.000Z,TWO_D,Phụ Đề,2D Phụ Đề,SCHEDULED,MOCK,2026-10-05T14:56:14.605Z
593766fd49b71652d50c00ad6096c7919fd9f708,trai-buon-nguoi,galaxy-trung-chanh,Galaxy Cinema Trung Chánh,,2026-10-07T15:30:00.000Z,2026-10-07T17:45:00.000Z,TWO_D,Phụ Đề,2D Phụ Đề,SCHEDULED,MOCK,2026-10-05T14:56:14.605Z
54c07f795e8c84a29bfd83585276806a6a789ed1,trai-buon-nguoi,galaxy-trung-chanh,Galaxy Cinema Trung Chánh,,2026-10-07T15:45:00.000Z,2026-10-07T18:00:00.000Z,TWO_D,Phụ Đề,2D Phụ Đề,SCHEDULED,MOCK,2026-10-05T14:56:14.605Z
25b2d07629102e30cb245851b3533eec71ff6594,trai-buon-nguoi,galaxy-nguyen-van-qua,Galaxy Cinema Nguyễn Văn Quá,,2026-10-07T02:00:00.000Z,2026-10-07T04:15:00.000Z,TWO_D,Phụ Đề,2D Phụ Đề,SCHEDULED,MOCK,2026-10-05T14:56:14.605Z
3e75cb02f675952c150bb3b345bbb1e15e27be80,trai-buon-nguoi,galaxy-nguyen-van-qua,Galaxy Cinema Nguyễn Văn Quá,,2026-10-07T02:45:00.000Z,2026-10-07T05:00:00.000Z,TWO_D,Phụ Đề,2D Phụ Đề,SCHEDULED,MOCK,2026-10-05T14:56:14.605Z
ec4ad6478f9a3450b504bc70cba5f01866aa4a89,trai-buon-nguoi,galaxy-nguyen-van-qua,Galaxy Cinema Nguyễn Văn Quá,,2026-10-07T03:30:00.000Z,2026-10-07T05:45:00.000Z,TWO_D,Phụ Đề,2D Phụ Đề,SCHEDULED,MOCK,2026-10-05T14:56:14.606Z
9607d3916b59550270d7b3fd13871605a75c0a79,trai-buon-nguoi,galaxy-nguyen-van-qua,Galaxy Cinema Nguyễn Văn Quá,,2026-10-07T04:00:00.000Z,2026-10-07T06:15:00.000Z,TWO_D,Phụ Đề,2D Phụ Đề,SCHEDULED,MOCK,2026-10-05T14:56:14.606Z
4d4b2ca79bef013631029ed2e603474ff9359e3b,trai-buon-nguoi,galaxy-nguyen-van-qua,Galaxy Cinema Nguyễn Văn Quá,,2026-10-07T04:30:00.000Z,2026-10-07T06:45:00.000Z,TWO_D,Phụ Đề,2D Phụ Đề,SCHEDULED,MOCK,2026-10-05T14:56:14.606Z
184505a22dde635b1263f602104de0b23799ed55,trai-buon-nguoi,galaxy-nguyen-van-qua,Galaxy Cinema Nguyễn Văn Quá,,2026-10-07T05:15:00.000Z,2026-10-07T07:30:00.000Z,TWO_D,Phụ Đề,2D Phụ Đề,SCHEDULED,MOCK,2026-10-05T14:56:14.606Z
f56b4d53766fd8818f64a558e5cbb981b8bdd449,trai-buon-nguoi,galaxy-nguyen-van-qua,Galaxy Cinema Nguyễn Văn Quá,,2026-10-07T06:00:00.000Z,2026-10-07T08:15:00.000Z,TWO_D,Phụ Đề,2D Phụ Đề,SCHEDULED,MOCK,2026-10-05T14:56:14.606Z
2a115093200e27d3e81b24c1c5eab39384e360f4,trai-buon-nguoi,galaxy-nguyen-van-qua,Galaxy Cinema Nguyễn Văn Quá,,2026-10-07T06:30:00.000Z,2026-10-07T08:45:00.000Z,TWO_D,Phụ Đề,2D Phụ Đề,SCHEDULED,MOCK,2026-10-05T14:56:14.606Z
ae9af58afb71f3624d03a7122b67f3e8a15b36c7,trai-buon-nguoi,galaxy-nguyen-van-qua,Galaxy Cinema Nguyễn Văn Quá,,2026-10-07T07:00:00.000Z,2026-10-07T09:15:00.000Z,TWO_D,Phụ Đề,2D Phụ Đề,SCHEDULED,MOCK,2026-10-05T14:56:14.606Z
16c993e03e8917282e671ab9ab1c45801c7dd95b,trai-buon-nguoi,galaxy-nguyen-van-qua,Galaxy Cinema Nguyễn Văn Quá,,2026-10-07T07:15:00.000Z,2026-10-07T09:30:00.000Z,TWO_D,Phụ Đề,2D Phụ Đề,SCHEDULED,MOCK,2026-10-05T14:56:14.606Z
f10e8d8a0de680194e8a57fdb65b49aae70fb5e5,trai-buon-nguoi,galaxy-nguyen-van-qua,Galaxy Cinema Nguyễn Văn Quá,,2026-10-07T07:45:00.000Z,2026-10-07T10:00:00.000Z,TWO_D,Phụ Đề,2D Phụ Đề,SCHEDULED,MOCK,2026-10-05T14:56:14.606Z
5b0b2e19c363aa41a3c359df027b2582e9f4b5c8,trai-buon-nguoi,galaxy-nguyen-van-qua,Galaxy Cinema Nguyễn Văn Quá,,2026-10-07T08:30:00.000Z,2026-10-07T10:45:00.000Z,TWO_D,Phụ Đề,2D Phụ Đề,SCHEDULED,MOCK,2026-10-05T14:56:14.606Z
f7dde375dea5c6441b93b5eaaea01ccfba141e28,trai-buon-nguoi,galaxy-nguyen-van-qua,Galaxy Cinema Nguyễn Văn Quá,,2026-10-07T09:00:00.000Z,2026-10-07T11:15:00.000Z,TWO_D,Phụ Đề,2D Phụ Đề,SCHEDULED,MOCK,2026-10-05T14:56:14.606Z
d4b09ec80a07bc0844129b022d226d6609df9d35,trai-buon-nguoi,galaxy-nguyen-van-qua,Galaxy Cinema Nguyễn Văn Quá,,2026-10-07T09:30:00.000Z,2026-10-07T11:45:00.000Z,TWO_D,Phụ Đề,2D Phụ Đề,SCHEDULED,MOCK,2026-10-05T14:56:14.606Z
1e17c5158149a3ee3ccab4308ff1155ecad0bddb,trai-buon-nguoi,galaxy-nguyen-van-qua,Galaxy Cinema Nguyễn Văn Quá,,2026-10-07T10:15:00.000Z,2026-10-07T12:30:00.000Z,TWO_D,Phụ Đề,2D Phụ Đề,SCHEDULED,MOCK,2026-10-05T14:56:14.606Z
5cf849e3c4c7885f31ff40ae03a04b2d790afd89,trai-buon-nguoi,galaxy-nguyen-van-qua,Galaxy Cinema Nguyễn Văn Quá,,2026-10-07T11:00:00.000Z,2026-10-07T13:15:00.000Z,TWO_D,Phụ Đề,2D Phụ Đề,SCHEDULED,MOCK,2026-10-05T14:56:14.606Z
b713c476955b9d34c4b031cfbeb2ebb38ecf9ccd,trai-buon-nguoi,galaxy-nguyen-van-qua,Galaxy Cinema Nguyễn Văn Quá,,2026-10-07T11:15:00.000Z,2026-10-07T13:30:00.000Z,TWO_D,Phụ Đề,2D Phụ Đề,SCHEDULED,MOCK,2026-10-05T14:56:14.606Z
754adf731e05be860f29edcf9bb5d5832e986a53,trai-buon-nguoi,galaxy-nguyen-van-qua,Galaxy Cinema Nguyễn Văn Quá,,2026-10-07T11:30:00.000Z,2026-10-07T13:45:00.000Z,TWO_D,Phụ Đề,2D Phụ Đề,SCHEDULED,MOCK,2026-10-05T14:56:14.606Z
f5acd79f2b71cb0edfda911cd53c6c1d83949cf2,trai-buon-nguoi,galaxy-nguyen-van-qua,Galaxy Cinema Nguyễn Văn Quá,,2026-10-07T11:45:00.000Z,2026-10-07T14:00:00.000Z,TWO_D,Phụ Đề,2D Phụ Đề,SCHEDULED,MOCK,2026-10-05T14:56:14.606Z
aedf474837d1a74eb929a74eca9067af3dd0f8bc,trai-buon-nguoi,galaxy-nguyen-van-qua,Galaxy Cinema Nguyễn Văn Quá,,2026-10-07T12:00:00.000Z,2026-10-07T14:15:00.000Z,TWO_D,Phụ Đề,2D Phụ Đề,SCHEDULED,MOCK,2026-10-05T14:56:14.606Z
ee19bb5c6f93c1e249b7c03eb9c8a23af22373ea,trai-buon-nguoi,galaxy-nguyen-van-qua,Galaxy Cinema Nguyễn Văn Quá,,2026-10-07T12:30:00.000Z,2026-10-07T14:45:00.000Z,TWO_D,Phụ Đề,2D Phụ Đề,SCHEDULED,MOCK,2026-10-05T14:56:14.606Z
0740689779a669af93f31c50cc2d4b42f8410c41,trai-buon-nguoi,galaxy-nguyen-van-qua,Galaxy Cinema Nguyễn Văn Quá,,2026-10-07T12:45:00.000Z,2026-10-07T15:00:00.000Z,TWO_D,Phụ Đề,2D Phụ Đề,SCHEDULED,MOCK,2026-10-05T14:56:14.606Z
42322993eee612bf64da03c5c99c72d419c3f847,trai-buon-nguoi,galaxy-nguyen-van-qua,Galaxy Cinema Nguyễn Văn Quá,,2026-10-07T13:30:00.000Z,2026-10-07T15:45:00.000Z,TWO_D,Phụ Đề,2D Phụ Đề,SCHEDULED,MOCK,2026-10-05T14:56:14.606Z
dd396439cecd139f1d877a6cfe8e1beda835bcdc,trai-buon-nguoi,galaxy-nguyen-van-qua,Galaxy Cinema Nguyễn Văn Quá,,2026-10-07T13:45:00.000Z,2026-10-07T16:00:00.000Z,TWO_D,Phụ Đề,2D Phụ Đề,SCHEDULED,MOCK,2026-10-05T14:56:14.606Z
ca6f2c41f151cc00075b5664e890c5ecfa4e6b65,trai-buon-nguoi,galaxy-nguyen-van-qua,Galaxy Cinema Nguyễn Văn Quá,,2026-10-07T14:00:00.000Z,2026-10-07T16:15:00.000Z,TWO_D,Phụ Đề,2D Phụ Đề,SCHEDULED,MOCK,2026-10-05T14:56:14.606Z
1ada546a5e13c7987813c39cd54f774ab3ddf4cc,trai-buon-nguoi,galaxy-nguyen-van-qua,Galaxy Cinema Nguyễn Văn Quá,,2026-10-07T14:15:00.000Z,2026-10-07T16:30:00.000Z,TWO_D,Phụ Đề,2D Phụ Đề,SCHEDULED,MOCK,2026-10-05T14:56:14.606Z
7a14f74dbd24118432f55500b76072ea3c4e6a3b,trai-buon-nguoi,galaxy-nguyen-van-qua,Galaxy Cinema Nguyễn Văn Quá,,2026-10-07T14:30:00.000Z,2026-10-07T16:45:00.000Z,TWO_D,Phụ Đề,2D Phụ Đề,SCHEDULED,MOCK,2026-10-05T14:56:14.606Z
5dc369201bee46faab62fbff615b7afd7e741b5c,trai-buon-nguoi,galaxy-nguyen-van-qua,Galaxy Cinema Nguyễn Văn Quá,,2026-10-07T15:00:00.000Z,2026-10-07T17:15:00.000Z,TWO_D,Phụ Đề,2D Phụ Đề,SCHEDULED,MOCK,2026-10-05T14:56:14.606Z
952b2d26fda5cf60cbd4cc8c5ad0449a37a771f2,trai-buon-nguoi,galaxy-nguyen-van-qua,Galaxy Cinema Nguyễn Văn Quá,,2026-10-07T15:15:00.000Z,2026-10-07T17:30:00.000Z,TWO_D,Phụ Đề,2D Phụ Đề,SCHEDULED,MOCK,2026-10-05T14:56:14.606Z
3835de83fa5b3d90783e8596b4a504ae5d34bcc6,trai-buon-nguoi,fb233b0f-edb4-4eb1-ade8-7f8b83ab2457,Galaxy Cinema Nguyễn Du,,2026-10-07T03:00:00.000Z,2026-10-07T05:15:00.000Z,TWO_D,Phụ Đề,2D Phụ Đề,SCHEDULED,MOCK,2026-10-05T14:56:14.606Z
fc4789eec0d6fe22a8f003de5e0265b8cf00939f,trai-buon-nguoi,fb233b0f-edb4-4eb1-ade8-7f8b83ab2457,Galaxy Cinema Nguyễn Du,,2026-10-07T04:00:00.000Z,2026-10-07T06:15:00.000Z,TWO_D,Phụ Đề,2D Phụ Đề,SCHEDULED,MOCK,2026-10-05T14:56:14.606Z
fca7a3d43a6f5468bfaa459a90c522c2f13ad50d,trai-buon-nguoi,fb233b0f-edb4-4eb1-ade8-7f8b83ab2457,Galaxy Cinema Nguyễn Du,,2026-10-07T04:45:00.000Z,2026-10-07T07:00:00.000Z,TWO_D,Phụ Đề,2D Phụ Đề,SCHEDULED,MOCK,2026-10-05T14:56:14.606Z
6ce24f14d0fb43004fb12bf5d24d6e8b829b3138,trai-buon-nguoi,fb233b0f-edb4-4eb1-ade8-7f8b83ab2457,Galaxy Cinema Nguyễn Du,,2026-10-07T05:30:00.000Z,2026-10-07T07:45:00.000Z,TWO_D,Phụ Đề,2D Phụ Đề,SCHEDULED,MOCK,2026-10-05T14:56:14.606Z
2a2cded697763ebca3a725887def2fc5abd7b456,trai-buon-nguoi,fb233b0f-edb4-4eb1-ade8-7f8b83ab2457,Galaxy Cinema Nguyễn Du,,2026-10-07T06:30:00.000Z,2026-10-07T08:45:00.000Z,TWO_D,Phụ Đề,2D Phụ Đề,SCHEDULED,MOCK,2026-10-05T14:56:14.606Z
6a0a95a45568614b59e2f75e1317d6651ed32983,trai-buon-nguoi,fb233b0f-edb4-4eb1-ade8-7f8b83ab2457,Galaxy Cinema Nguyễn Du,,2026-10-07T07:15:00.000Z,2026-10-07T09:30:00.000Z,TWO_D,Phụ Đề,2D Phụ Đề,SCHEDULED,MOCK,2026-10-05T14:56:14.607Z
bea80b4e25a3f0b767653b5bef9694be4e81cb3a,trai-buon-nguoi,fb233b0f-edb4-4eb1-ade8-7f8b83ab2457,Galaxy Cinema Nguyễn Du,,2026-10-07T08:00:00.000Z,2026-10-07T10:15:00.000Z,TWO_D,Phụ Đề,2D Phụ Đề,SCHEDULED,MOCK,2026-10-05T14:56:14.607Z
f5135fd7a431059e4fa92c556d3f39172716dffd,trai-buon-nguoi,fb233b0f-edb4-4eb1-ade8-7f8b83ab2457,Galaxy Cinema Nguyễn Du,,2026-10-07T09:00:00.000Z,2026-10-07T11:15:00.000Z,TWO_D,Phụ Đề,2D Phụ Đề,SCHEDULED,MOCK,2026-10-05T14:56:14.607Z
177fb6d9efc4d36ced8311130923af1185dfd87a,trai-buon-nguoi,fb233b0f-edb4-4eb1-ade8-7f8b83ab2457,Galaxy Cinema Nguyễn Du,,2026-10-07T10:00:00.000Z,2026-10-07T12:15:00.000Z,TWO_D,Phụ Đề,2D Phụ Đề,SCHEDULED,MOCK,2026-10-05T14:56:14.607Z
52d070e5fcd079898597f6e58a079d6dc47e73f1,trai-buon-nguoi,fb233b0f-edb4-4eb1-ade8-7f8b83ab2457,Galaxy Cinema Nguyễn Du,,2026-10-07T10:45:00.000Z,2026-10-07T13:00:00.000Z,TWO_D,Phụ Đề,2D Phụ Đề,SCHEDULED,MOCK,2026-10-05T14:56:14.607Z
923f3009da11b8f0c9c031547b531df058927713,trai-buon-nguoi,fb233b0f-edb4-4eb1-ade8-7f8b83ab2457,Galaxy Cinema Nguyễn Du,,2026-10-07T11:30:00.000Z,2026-10-07T13:45:00.000Z,TWO_D,Phụ Đề,2D Phụ Đề,SCHEDULED,MOCK,2026-10-05T14:56:14.607Z
4062b6546ad00cf202e357388568402764444eae,trai-buon-nguoi,fb233b0f-edb4-4eb1-ade8-7f8b83ab2457,Galaxy Cinema Nguyễn Du,,2026-10-07T12:30:00.000Z,2026-10-07T14:45:00.000Z,TWO_D,Phụ Đề,2D Phụ Đề,SCHEDULED,MOCK,2026-10-05T14:56:14.607Z
c8abd8c238e425c8e0a042375165a1b9c1bce712,trai-buon-nguoi,fb233b0f-edb4-4eb1-ade8-7f8b83ab2457,Galaxy Cinema Nguyễn Du,,2026-10-07T13:15:00.000Z,2026-10-07T15:30:00.000Z,TWO_D,Phụ Đề,2D Phụ Đề,SCHEDULED,MOCK,2026-10-05T14:56:14.607Z
017cf6744371e3f6a84279c88c6535e862f85413,trai-buon-nguoi,fb233b0f-edb4-4eb1-ade8-7f8b83ab2457,Galaxy Cinema Nguyễn Du,,2026-10-07T13:45:00.000Z,2026-10-07T16:00:00.000Z,TWO_D,Phụ Đề,2D Phụ Đề,SCHEDULED,MOCK,2026-10-05T14:56:14.607Z
b5355ddeae0b994f28a6e7e26975d1dea7c07c05,trai-buon-nguoi,fb233b0f-edb4-4eb1-ade8-7f8b83ab2457,Galaxy Cinema Nguyễn Du,,2026-10-07T14:15:00.000Z,2026-10-07T16:30:00.000Z,TWO_D,Phụ Đề,2D Phụ Đề,SCHEDULED,MOCK,2026-10-05T14:56:14.607Z
d20540294e0c6b817acbca7cd1379ea9f99f5fd1,trai-buon-nguoi,fb233b0f-edb4-4eb1-ade8-7f8b83ab2457,Galaxy Cinema Nguyễn Du,,2026-10-07T15:00:00.000Z,2026-10-07T17:15:00.000Z,TWO_D,Phụ Đề,2D Phụ Đề,SCHEDULED,MOCK,2026-10-05T14:56:14.607Z
040df680df969a644de193391759d8e2d5944c79,trai-buon-nguoi,fb233b0f-edb4-4eb1-ade8-7f8b83ab2457,Galaxy Cinema Nguyễn Du,,2026-10-07T15:45:00.000Z,2026-10-07T18:00:00.000Z,TWO_D,Phụ Đề,2D Phụ Đề,SCHEDULED,MOCK,2026-10-05T14:56:14.607Z
bc3b5e2b4b566b61e8fab573550a965eeea884c1,trai-buon-nguoi,fb233b0f-edb4-4eb1-ade8-7f8b83ab2457,Galaxy Cinema Nguyễn Du,,2026-10-07T16:15:00.000Z,2026-10-07T18:30:00.000Z,TWO_D,Phụ Đề,2D Phụ Đề,SCHEDULED,MOCK,2026-10-05T14:56:14.607Z
dacbe860e5473a4d42b2323b5191b091dc89addd,trai-buon-nguoi,name:galaxy-cinema-coop-buon-ma-thuot,Galaxy Cinema Coop Buôn Ma Thuột,,2026-10-07T02:00:00.000Z,2026-10-07T04:15:00.000Z,TWO_D,Phụ Đề,2D Phụ Đề,SCHEDULED,MOCK,2026-10-05T14:56:14.607Z
bd060ac476d4ed5642220a7e8e201fe34a0321cf,trai-buon-nguoi,name:galaxy-cinema-coop-buon-ma-thuot,Galaxy Cinema Coop Buôn Ma Thuột,,2026-10-07T02:45:00.000Z,2026-10-07T05:00:00.000Z,TWO_D,Phụ Đề,2D Phụ Đề,SCHEDULED,MOCK,2026-10-05T14:56:14.607Z
758d75835ec7040d30d2c9314c62e03b1d5101a7,trai-buon-nguoi,name:galaxy-cinema-coop-buon-ma-thuot,Galaxy Cinema Coop Buôn Ma Thuột,,2026-10-07T03:30:00.000Z,2026-10-07T05:45:00.000Z,TWO_D,Phụ Đề,2D Phụ Đề,SCHEDULED,MOCK,2026-10-05T14:56:14.607Z
e25085f7e0ed08d210c8cf8a4f21e418a17813b2,trai-buon-nguoi,name:galaxy-cinema-coop-buon-ma-thuot,Galaxy Cinema Coop Buôn Ma Thuột,,2026-10-07T04:30:00.000Z,2026-10-07T06:45:00.000Z,TWO_D,Phụ Đề,2D Phụ Đề,SCHEDULED,MOCK,2026-10-05T14:56:14.607Z
625e1450eb4f5e6dd1e2cb6fb90f1fc65ed77291,trai-buon-nguoi,name:galaxy-cinema-coop-buon-ma-thuot,Galaxy Cinema Coop Buôn Ma Thuột,,2026-10-07T05:15:00.000Z,2026-10-07T07:30:00.000Z,TWO_D,Phụ Đề,2D Phụ Đề,SCHEDULED,MOCK,2026-10-05T14:56:14.607Z
8eddbffe98c79dde92fb98470d13070b284f1467,trai-buon-nguoi,name:galaxy-cinema-coop-buon-ma-thuot,Galaxy Cinema Coop Buôn Ma Thuột,,2026-10-07T06:00:00.000Z,2026-10-07T08:15:00.000Z,TWO_D,Phụ Đề,2D Phụ Đề,SCHEDULED,MOCK,2026-10-05T14:56:14.607Z
36d599dad9080e7c791a1ad974a68059e83b37c5,trai-buon-nguoi,name:galaxy-cinema-coop-buon-ma-thuot,Galaxy Cinema Coop Buôn Ma Thuột,,2026-10-07T06:30:00.000Z,2026-10-07T08:45:00.000Z,TWO_D,Phụ Đề,2D Phụ Đề,SCHEDULED,MOCK,2026-10-05T14:56:14.607Z
489d1a12605947dcd727bb9aa7b9956a0f1b60b8,trai-buon-nguoi,name:galaxy-cinema-coop-buon-ma-thuot,Galaxy Cinema Coop Buôn Ma Thuột,,2026-10-07T07:00:00.000Z,2026-10-07T09:15:00.000Z,TWO_D,Phụ Đề,2D Phụ Đề,SCHEDULED,MOCK,2026-10-05T14:56:14.607Z
f46ac4a43cf679cbc8fe97267307bad69ef15e6b,trai-buon-nguoi,name:galaxy-cinema-coop-buon-ma-thuot,Galaxy Cinema Coop Buôn Ma Thuột,,2026-10-07T07:45:00.000Z,2026-10-07T10:00:00.000Z,TWO_D,Phụ Đề,2D Phụ Đề,SCHEDULED,MOCK,2026-10-05T14:56:14.607Z
906e18fc2e6b20f2629df526a69a3b5c323d0da2,trai-buon-nguoi,name:galaxy-cinema-coop-buon-ma-thuot,Galaxy Cinema Coop Buôn Ma Thuột,,2026-10-07T08:30:00.000Z,2026-10-07T10:45:00.000Z,TWO_D,Phụ Đề,2D Phụ Đề,SCHEDULED,MOCK,2026-10-05T14:56:14.607Z
1859100ca4003bcd3e4865cc4854b8b141b88cf7,trai-buon-nguoi,name:galaxy-cinema-coop-buon-ma-thuot,Galaxy Cinema Coop Buôn Ma Thuột,,2026-10-07T09:00:00.000Z,2026-10-07T11:15:00.000Z,TWO_D,Phụ Đề,2D Phụ Đề,SCHEDULED,MOCK,2026-10-05T14:56:14.607Z
36a221c476de67af33e128eb7086a9fc49591c68,trai-buon-nguoi,name:galaxy-cinema-coop-buon-ma-thuot,Galaxy Cinema Coop Buôn Ma Thuột,,2026-10-07T09:30:00.000Z,2026-10-07T11:45:00.000Z,TWO_D,Phụ Đề,2D Phụ Đề,SCHEDULED,MOCK,2026-10-05T14:56:14.607Z
13ef5e8a8df6a8791849cbb5ec43eff5ab2723a8,trai-buon-nguoi,name:galaxy-cinema-coop-buon-ma-thuot,Galaxy Cinema Coop Buôn Ma Thuột,,2026-10-07T10:15:00.000Z,2026-10-07T12:30:00.000Z,TWO_D,Phụ Đề,2D Phụ Đề,SCHEDULED,MOCK,2026-10-05T14:56:14.607Z
4c75516316ac5a3dfa97ea12fa736ffebdd4dd0b,trai-buon-nguoi,name:galaxy-cinema-coop-buon-ma-thuot,Galaxy Cinema Coop Buôn Ma Thuột,,2026-10-07T11:00:00.000Z,2026-10-07T13:15:00.000Z,TWO_D,Phụ Đề,2D Phụ Đề,SCHEDULED,MOCK,2026-10-05T14:56:14.607Z
8e42a48a1be1250026121895db5adbe49c2a66a7,trai-buon-nguoi,name:galaxy-cinema-coop-buon-ma-thuot,Galaxy Cinema Coop Buôn Ma Thuột,,2026-10-07T11:30:00.000Z,2026-10-07T13:45:00.000Z,TWO_D,Phụ Đề,2D Phụ Đề,SCHEDULED,MOCK,2026-10-05T14:56:14.607Z
f24e9442f37ae7c96cc8bd12bb97fdf98b35e43e,trai-buon-nguoi,name:galaxy-cinema-coop-buon-ma-thuot,Galaxy Cinema Coop Buôn Ma Thuột,,2026-10-07T12:00:00.000Z,2026-10-07T14:15:00.000Z,TWO_D,Phụ Đề,2D Phụ Đề,SCHEDULED,MOCK,2026-10-05T14:56:14.607Z
c235e369dd53910132b7f28798051aec3e64dbf7,trai-buon-nguoi,name:galaxy-cinema-coop-buon-ma-thuot,Galaxy Cinema Coop Buôn Ma Thuột,,2026-10-07T12:15:00.000Z,2026-10-07T14:30:00.000Z,TWO_D,Phụ Đề,2D Phụ Đề,SCHEDULED,MOCK,2026-10-05T14:56:14.607Z
243463d7b34410d493f4293b0cc9cf7228d1a8ec,trai-buon-nguoi,name:galaxy-cinema-coop-buon-ma-thuot,Galaxy Cinema Coop Buôn Ma Thuột,,2026-10-07T12:45:00.000Z,2026-10-07T15:00:00.000Z,TWO_D,Phụ Đề,2D Phụ Đề,SCHEDULED,MOCK,2026-10-05T14:56:14.607Z
16c5a8cc6da5fe34487ffecf7f97ce423334ec07,trai-buon-nguoi,name:galaxy-cinema-coop-buon-ma-thuot,Galaxy Cinema Coop Buôn Ma Thuột,,2026-10-07T13:30:00.000Z,2026-10-07T15:45:00.000Z,TWO_D,Phụ Đề,2D Phụ Đề,SCHEDULED,MOCK,2026-10-05T14:56:14.607Z
859d7b48c82ffbee6f0dc9103ba4214ed011dc82,trai-buon-nguoi,name:galaxy-cinema-coop-buon-ma-thuot,Galaxy Cinema Coop Buôn Ma Thuột,,2026-10-07T14:00:00.000Z,2026-10-07T16:15:00.000Z,TWO_D,Phụ Đề,2D Phụ Đề,SCHEDULED,MOCK,2026-10-05T14:56:14.607Z
5756f864b7c4e51d4aa5c41208a8bddc0c782f56,trai-buon-nguoi,name:galaxy-cinema-coop-buon-ma-thuot,Galaxy Cinema Coop Buôn Ma Thuột,,2026-10-07T14:30:00.000Z,2026-10-07T16:45:00.000Z,TWO_D,Phụ Đề,2D Phụ Đề,SCHEDULED,MOCK,2026-10-05T14:56:14.607Z
4c451ecec0e227aea0bbbd4ff1dd40f50fe15f1e,trai-buon-nguoi,name:galaxy-cinema-coop-buon-ma-thuot,Galaxy Cinema Coop Buôn Ma Thuột,,2026-10-07T15:00:00.000Z,2026-10-07T17:15:00.000Z,TWO_D,Phụ Đề,2D Phụ Đề,SCHEDULED,MOCK,2026-10-05T14:56:14.607Z
7ac352b12293b1d2f3aed07ed2f42970fc23d011,trai-buon-nguoi,name:galaxy-cinema-coop-buon-ma-thuot,Galaxy Cinema Coop Buôn Ma Thuột,,2026-10-07T15:15:00.000Z,2026-10-07T17:30:00.000Z,TWO_D,Phụ Đề,2D Phụ Đề,SCHEDULED,MOCK,2026-10-05T14:56:14.607Z
7022beddf22cbec402506d4b1ed32bb83ace4043,trai-buon-nguoi,galaxy-linh-trung,Galaxy Cinema Co.opXtra Linh Trung,,2026-10-07T02:00:00.000Z,2026-10-07T04:15:00.000Z,TWO_D,Phụ Đề,2D Phụ Đề,SCHEDULED,MOCK,2026-10-05T14:56:14.607Z
3025cf1cc7116b361af72556701356854019a4e4,trai-buon-nguoi,galaxy-linh-trung,Galaxy Cinema Co.opXtra Linh Trung,,2026-10-07T02:30:00.000Z,2026-10-07T04:45:00.000Z,TWO_D,Phụ Đề,2D Phụ Đề,SCHEDULED,MOCK,2026-10-05T14:56:14.607Z
62d78e71dc07b8e966ea5b6660c7710cdffc1aee,trai-buon-nguoi,galaxy-linh-trung,Galaxy Cinema Co.opXtra Linh Trung,,2026-10-07T03:00:00.000Z,2026-10-07T05:15:00.000Z,TWO_D,Phụ Đề,2D Phụ Đề,SCHEDULED,MOCK,2026-10-05T14:56:14.607Z
8276f0b648b0b8e66e44a1a18c842e427457ca12,trai-buon-nguoi,galaxy-linh-trung,Galaxy Cinema Co.opXtra Linh Trung,,2026-10-07T03:30:00.000Z,2026-10-07T05:45:00.000Z,TWO_D,Phụ Đề,2D Phụ Đề,SCHEDULED,MOCK,2026-10-05T14:56:14.607Z
65ffd5a541ff2e52cb75ec0dc73b53c2d8a0c54a,trai-buon-nguoi,galaxy-linh-trung,Galaxy Cinema Co.opXtra Linh Trung,,2026-10-07T04:00:00.000Z,2026-10-07T06:15:00.000Z,TWO_D,Phụ Đề,2D Phụ Đề,SCHEDULED,MOCK,2026-10-05T14:56:14.607Z
99dadfadc9696bcada1507683e1febc1476f5bc4,trai-buon-nguoi,galaxy-linh-trung,Galaxy Cinema Co.opXtra Linh Trung,,2026-10-07T05:00:00.000Z,2026-10-07T07:15:00.000Z,TWO_D,Phụ Đề,2D Phụ Đề,SCHEDULED,MOCK,2026-10-05T14:56:14.607Z
6ce5a26b4ac243ff6bffffa8edec3a963b2bcb35,trai-buon-nguoi,galaxy-linh-trung,Galaxy Cinema Co.opXtra Linh Trung,,2026-10-07T06:00:00.000Z,2026-10-07T08:15:00.000Z,TWO_D,Phụ Đề,2D Phụ Đề,SCHEDULED,MOCK,2026-10-05T14:56:14.607Z
30d72e25482272d62d5f8d757b2aca9f7d3004ad,trai-buon-nguoi,galaxy-linh-trung,Galaxy Cinema Co.opXtra Linh Trung,,2026-10-07T06:30:00.000Z,2026-10-07T08:45:00.000Z,TWO_D,Phụ Đề,2D Phụ Đề,SCHEDULED,MOCK,2026-10-05T14:56:14.607Z
ddd593fff0057195513f78ed7e07d84f6a383235,trai-buon-nguoi,galaxy-linh-trung,Galaxy Cinema Co.opXtra Linh Trung,,2026-10-07T07:30:00.000Z,2026-10-07T09:45:00.000Z,TWO_D,Phụ Đề,2D Phụ Đề,SCHEDULED,MOCK,2026-10-05T14:56:14.607Z
8b932c6503ff4afa83d1d409fb9f2c1fdb6b11fc,trai-buon-nguoi,galaxy-linh-trung,Galaxy Cinema Co.opXtra Linh Trung,,2026-10-07T08:00:00.000Z,2026-10-07T10:15:00.000Z,TWO_D,Phụ Đề,2D Phụ Đề,SCHEDULED,MOCK,2026-10-05T14:56:14.607Z
dd0893a58789766892768727fe00bd543f706e3b,trai-buon-nguoi,galaxy-linh-trung,Galaxy Cinema Co.opXtra Linh Trung,,2026-10-07T08:30:00.000Z,2026-10-07T10:45:00.000Z,TWO_D,Phụ Đề,2D Phụ Đề,SCHEDULED,MOCK,2026-10-05T14:56:14.607Z
818132451079690546bf8007fb863a8a20d0daae,trai-buon-nguoi,galaxy-linh-trung,Galaxy Cinema Co.opXtra Linh Trung,,2026-10-07T09:00:00.000Z,2026-10-07T11:15:00.000Z,TWO_D,Phụ Đề,2D Phụ Đề,SCHEDULED,MOCK,2026-10-05T14:56:14.608Z
9041751bd9673fbb115f5fdb3125997fabdd0472,trai-buon-nguoi,galaxy-linh-trung,Galaxy Cinema Co.opXtra Linh Trung,,2026-10-07T10:00:00.000Z,2026-10-07T12:15:00.000Z,TWO_D,Phụ Đề,2D Phụ Đề,SCHEDULED,MOCK,2026-10-05T14:56:14.608Z
f978b614884948446343318a1afadcc517f7233f,trai-buon-nguoi,galaxy-linh-trung,Galaxy Cinema Co.opXtra Linh Trung,,2026-10-07T10:30:00.000Z,2026-10-07T12:45:00.000Z,TWO_D,Phụ Đề,2D Phụ Đề,SCHEDULED,MOCK,2026-10-05T14:56:14.608Z
9ec5b11b1179f8f234d8e056edbb808d608e363e,trai-buon-nguoi,galaxy-linh-trung,Galaxy Cinema Co.opXtra Linh Trung,,2026-10-07T11:00:00.000Z,2026-10-07T13:15:00.000Z,TWO_D,Phụ Đề,2D Phụ Đề,SCHEDULED,MOCK,2026-10-05T14:56:14.608Z
3674a94dff1ac13902c7fa39779eada3fbc302ab,trai-buon-nguoi,galaxy-linh-trung,Galaxy Cinema Co.opXtra Linh Trung,,2026-10-07T11:15:00.000Z,2026-10-07T13:30:00.000Z,TWO_D,Phụ Đề,2D Phụ Đề,SCHEDULED,MOCK,2026-10-05T14:56:14.608Z
84517c1a5d18319ff5aaee1ff8d6fb97a422158a,trai-buon-nguoi,galaxy-linh-trung,Galaxy Cinema Co.opXtra Linh Trung,,2026-10-07T11:30:00.000Z,2026-10-07T13:45:00.000Z,TWO_D,Phụ Đề,2D Phụ Đề,SCHEDULED,MOCK,2026-10-05T14:56:14.608Z
fd1930dc2eff717cf8eb0da1375bbbc0b8b3f4b1,trai-buon-nguoi,galaxy-linh-trung,Galaxy Cinema Co.opXtra Linh Trung,,2026-10-07T12:30:00.000Z,2026-10-07T14:45:00.000Z,TWO_D,Phụ Đề,2D Phụ Đề,SCHEDULED,MOCK,2026-10-05T14:56:14.608Z
b9c3653a82239ebc2ea6c37fe84f5315eae712c5,trai-buon-nguoi,galaxy-linh-trung,Galaxy Cinema Co.opXtra Linh Trung,,2026-10-07T13:00:00.000Z,2026-10-07T15:15:00.000Z,TWO_D,Phụ Đề,2D Phụ Đề,SCHEDULED,MOCK,2026-10-05T14:56:14.608Z
ae7879958177aaf8f60d9b3d979374a6bed2a518,trai-buon-nguoi,galaxy-linh-trung,Galaxy Cinema Co.opXtra Linh Trung,,2026-10-07T13:30:00.000Z,2026-10-07T15:45:00.000Z,TWO_D,Phụ Đề,2D Phụ Đề,SCHEDULED,MOCK,2026-10-05T14:56:14.608Z
28e9f7a2ae9823af31bafb5c99a204e5001d06dd,trai-buon-nguoi,galaxy-linh-trung,Galaxy Cinema Co.opXtra Linh Trung,,2026-10-07T13:45:00.000Z,2026-10-07T16:00:00.000Z,TWO_D,Phụ Đề,2D Phụ Đề,SCHEDULED,MOCK,2026-10-05T14:56:14.608Z
a3a257a9af1e81f771bb14f86ed9187a4fcb5d1c,trai-buon-nguoi,galaxy-linh-trung,Galaxy Cinema Co.opXtra Linh Trung,,2026-10-07T14:00:00.000Z,2026-10-07T16:15:00.000Z,TWO_D,Phụ Đề,2D Phụ Đề,SCHEDULED,MOCK,2026-10-05T14:56:14.608Z
63714874f23649ab328ef43e02c8faeb0c2af60b,trai-buon-nguoi,galaxy-linh-trung,Galaxy Cinema Co.opXtra Linh Trung,,2026-10-07T15:00:00.000Z,2026-10-07T17:15:00.000Z,TWO_D,Phụ Đề,2D Phụ Đề,SCHEDULED,MOCK,2026-10-05T14:56:14.608Z
788ec6a419df128664207475688597a6206d1ba8,trai-buon-nguoi,galaxy-linh-trung,Galaxy Cinema Co.opXtra Linh Trung,,2026-10-07T15:30:00.000Z,2026-10-07T17:45:00.000Z,TWO_D,Phụ Đề,2D Phụ Đề,SCHEDULED,MOCK,2026-10-05T14:56:14.608Z
3f577ae96c13f0c31fda0bd62bf83de18086c5ea,trai-buon-nguoi,galaxy-truong-chinh,Galaxy Cinema Coop Trường Chinh,,2026-10-07T02:00:00.000Z,2026-10-07T04:15:00.000Z,TWO_D,Phụ Đề,2D Phụ Đề,SCHEDULED,MOCK,2026-10-05T14:56:14.608Z
12a191d043d62e51a0e171c353c2a51c1ee5c161,trai-buon-nguoi,galaxy-truong-chinh,Galaxy Cinema Coop Trường Chinh,,2026-10-07T03:00:00.000Z,2026-10-07T05:15:00.000Z,TWO_D,Phụ Đề,2D Phụ Đề,SCHEDULED,MOCK,2026-10-05T14:56:14.608Z
2fee8a6023eacee66e5a329439c0054bc7e07594,trai-buon-nguoi,galaxy-truong-chinh,Galaxy Cinema Coop Trường Chinh,,2026-10-07T03:30:00.000Z,2026-10-07T05:45:00.000Z,TWO_D,Phụ Đề,2D Phụ Đề,SCHEDULED,MOCK,2026-10-05T14:56:14.608Z
94cad66169c6634fd52ec7f6eafbc9d0ac42b598,trai-buon-nguoi,galaxy-truong-chinh,Galaxy Cinema Coop Trường Chinh,,2026-10-07T04:00:00.000Z,2026-10-07T06:15:00.000Z,TWO_D,Phụ Đề,2D Phụ Đề,SCHEDULED,MOCK,2026-10-05T14:56:14.608Z
c5585c1aa8632ae250a91c3b46caca77577e3289,trai-buon-nguoi,galaxy-truong-chinh,Galaxy Cinema Coop Trường Chinh,,2026-10-07T04:30:00.000Z,2026-10-07T06:45:00.000Z,TWO_D,Phụ Đề,2D Phụ Đề,SCHEDULED,MOCK,2026-10-05T14:56:14.608Z
3ea5e5a1a8e7933096fc824b0a54e80c7a860bd1,trai-buon-nguoi,galaxy-truong-chinh,Galaxy Cinema Coop Trường Chinh,,2026-10-07T05:00:00.000Z,2026-10-07T07:15:00.000Z,TWO_D,Phụ Đề,2D Phụ Đề,SCHEDULED,MOCK,2026-10-05T14:56:14.608Z
2c47873913426341977dc300376664c7e72635d5,trai-buon-nguoi,galaxy-truong-chinh,Galaxy Cinema Coop Trường Chinh,,2026-10-07T05:30:00.000Z,2026-10-07T07:45:00.000Z,TWO_D,Phụ Đề,2D Phụ Đề,SCHEDULED,MOCK,2026-10-05T14:56:14.608Z
e92bcdf44072a8883d40767904163522a82b2ef4,trai-buon-nguoi,galaxy-truong-chinh,Galaxy Cinema Coop Trường Chinh,,2026-10-07T06:30:00.000Z,2026-10-07T08:45:00.000Z,TWO_D,Phụ Đề,2D Phụ Đề,SCHEDULED,MOCK,2026-10-05T14:56:14.608Z
5b1d7589e778fc0840b1eb7386c49fae88416bec,trai-buon-nguoi,galaxy-truong-chinh,Galaxy Cinema Coop Trường Chinh,,2026-10-07T07:00:00.000Z,2026-10-07T09:15:00.000Z,TWO_D,Phụ Đề,2D Phụ Đề,SCHEDULED,MOCK,2026-10-05T14:56:14.608Z
42bc69901d618f0ffa2a83a2070cd465f442ca4f,trai-buon-nguoi,galaxy-truong-chinh,Galaxy Cinema Coop Trường Chinh,,2026-10-07T07:30:00.000Z,2026-10-07T09:45:00.000Z,TWO_D,Phụ Đề,2D Phụ Đề,SCHEDULED,MOCK,2026-10-05T14:56:14.608Z
519251d8f037c033a819edeb759e2c023330aa6b,trai-buon-nguoi,galaxy-truong-chinh,Galaxy Cinema Coop Trường Chinh,,2026-10-07T08:00:00.000Z,2026-10-07T10:15:00.000Z,TWO_D,Phụ Đề,2D Phụ Đề,SCHEDULED,MOCK,2026-10-05T14:56:14.608Z
a03d5bc2198f7d30aac72417a788a89988b71dd7,trai-buon-nguoi,galaxy-truong-chinh,Galaxy Cinema Coop Trường Chinh,,2026-10-07T08:30:00.000Z,2026-10-07T10:45:00.000Z,TWO_D,Phụ Đề,2D Phụ Đề,SCHEDULED,MOCK,2026-10-05T14:56:14.608Z
cfbb2f6875382161e84f944abfc1d16cce50b1b4,trai-buon-nguoi,galaxy-truong-chinh,Galaxy Cinema Coop Trường Chinh,,2026-10-07T09:00:00.000Z,2026-10-07T11:15:00.000Z,TWO_D,Phụ Đề,2D Phụ Đề,SCHEDULED,MOCK,2026-10-05T14:56:14.608Z
01d144002a99504de575a43f06a901c1f9e0b610,trai-buon-nguoi,galaxy-truong-chinh,Galaxy Cinema Coop Trường Chinh,,2026-10-07T09:30:00.000Z,2026-10-07T11:45:00.000Z,TWO_D,Phụ Đề,2D Phụ Đề,SCHEDULED,MOCK,2026-10-05T14:56:14.608Z
b26b88036f7694d86568379e690bc0fa8e79b3a6,trai-buon-nguoi,galaxy-truong-chinh,Galaxy Cinema Coop Trường Chinh,,2026-10-07T10:00:00.000Z,2026-10-07T12:15:00.000Z,TWO_D,Phụ Đề,2D Phụ Đề,SCHEDULED,MOCK,2026-10-05T14:56:14.608Z
c32d6d0a9518ab504aac14223cf52cfdeab9895f,trai-buon-nguoi,galaxy-truong-chinh,Galaxy Cinema Coop Trường Chinh,,2026-10-07T10:30:00.000Z,2026-10-07T12:45:00.000Z,TWO_D,Phụ Đề,2D Phụ Đề,SCHEDULED,MOCK,2026-10-05T14:56:14.608Z
f387da961af3ea2aa92027d7fa263e6607b64950,trai-buon-nguoi,galaxy-truong-chinh,Galaxy Cinema Coop Trường Chinh,,2026-10-07T11:00:00.000Z,2026-10-07T13:15:00.000Z,TWO_D,Phụ Đề,2D Phụ Đề,SCHEDULED,MOCK,2026-10-05T14:56:14.608Z
82af72b7c1bd8f7551a7e6e00ea78044940861b0,trai-buon-nguoi,galaxy-truong-chinh,Galaxy Cinema Coop Trường Chinh,,2026-10-07T11:15:00.000Z,2026-10-07T13:30:00.000Z,TWO_D,Phụ Đề,2D Phụ Đề,SCHEDULED,MOCK,2026-10-05T14:56:14.608Z
19f8a585575dbae17978beb00a0ce6fa78096d7a,trai-buon-nguoi,galaxy-truong-chinh,Galaxy Cinema Coop Trường Chinh,,2026-10-07T11:30:00.000Z,2026-10-07T13:45:00.000Z,TWO_D,Phụ Đề,2D Phụ Đề,SCHEDULED,MOCK,2026-10-05T14:56:14.608Z
0b812ceac8d2639494638f0e7dcc2c093d7de8b8,trai-buon-nguoi,galaxy-truong-chinh,Galaxy Cinema Coop Trường Chinh,,2026-10-07T12:00:00.000Z,2026-10-07T14:15:00.000Z,TWO_D,Phụ Đề,2D Phụ Đề,SCHEDULED,MOCK,2026-10-05T14:56:14.608Z
36a5cebcc67e5a8a9a1d572ae03b47d51c9cdb4f,trai-buon-nguoi,galaxy-truong-chinh,Galaxy Cinema Coop Trường Chinh,,2026-10-07T12:30:00.000Z,2026-10-07T14:45:00.000Z,TWO_D,Phụ Đề,2D Phụ Đề,SCHEDULED,MOCK,2026-10-05T14:56:14.608Z
7f8994b955506179688f81a79dc3830917c7d278,trai-buon-nguoi,galaxy-truong-chinh,Galaxy Cinema Coop Trường Chinh,,2026-10-07T13:00:00.000Z,2026-10-07T15:15:00.000Z,TWO_D,Phụ Đề,2D Phụ Đề,SCHEDULED,MOCK,2026-10-05T14:56:14.608Z
2c37cd5b43a54f47ad6eb8244f5eb8c81a2c9ba7,trai-buon-nguoi,galaxy-truong-chinh,Galaxy Cinema Coop Trường Chinh,,2026-10-07T13:30:00.000Z,2026-10-07T15:45:00.000Z,TWO_D,Phụ Đề,2D Phụ Đề,SCHEDULED,MOCK,2026-10-05T14:56:14.608Z
12dc4cc2265d65f9a11af8b2457d06a33b4e5b1a,trai-buon-nguoi,galaxy-truong-chinh,Galaxy Cinema Coop Trường Chinh,,2026-10-07T13:45:00.000Z,2026-10-07T16:00:00.000Z,TWO_D,Phụ Đề,2D Phụ Đề,SCHEDULED,MOCK,2026-10-05T14:56:14.608Z
45acecfef76179fdc4634aa8287b69c9b95f76c6,trai-buon-nguoi,galaxy-truong-chinh,Galaxy Cinema Coop Trường Chinh,,2026-10-07T14:00:00.000Z,2026-10-07T16:15:00.000Z,TWO_D,Phụ Đề,2D Phụ Đề,SCHEDULED,MOCK,2026-10-05T14:56:14.608Z
9dc0cf568bb7126167e03030fea771b4b27c7508,trai-buon-nguoi,galaxy-truong-chinh,Galaxy Cinema Coop Trường Chinh,,2026-10-07T14:30:00.000Z,2026-10-07T16:45:00.000Z,TWO_D,Phụ Đề,2D Phụ Đề,SCHEDULED,MOCK,2026-10-05T14:56:14.608Z
babe22b5bc2990910196c8cac1a6fb340a1232f0,trai-buon-nguoi,galaxy-truong-chinh,Galaxy Cinema Coop Trường Chinh,,2026-10-07T15:00:00.000Z,2026-10-07T17:15:00.000Z,TWO_D,Phụ Đề,2D Phụ Đề,SCHEDULED,MOCK,2026-10-05T14:56:14.608Z
d5a59164bc319349c703d71e608d705c7386ffb7,trai-buon-nguoi,galaxy-truong-chinh,Galaxy Cinema Coop Trường Chinh,,2026-10-07T15:30:00.000Z,2026-10-07T17:45:00.000Z,TWO_D,Phụ Đề,2D Phụ Đề,SCHEDULED,MOCK,2026-10-05T14:56:14.608Z
a48801384d9a1f1c68f33e21221fce0a5b174767,trai-buon-nguoi,galaxy-truong-chinh,Galaxy Cinema Coop Trường Chinh,,2026-10-07T16:00:00.000Z,2026-10-07T18:15:00.000Z,TWO_D,Phụ Đề,2D Phụ Đề,SCHEDULED,MOCK,2026-10-05T14:56:14.608Z
dbfb833291d9a94fe459bb12191585b671773e72,trai-buon-nguoi,name:galaxy-cinema-go-ba-ria,Galaxy Cinema GO! Bà Rịa,,2026-10-07T02:00:00.000Z,2026-10-07T04:15:00.000Z,TWO_D,Phụ Đề,2D Phụ Đề,SCHEDULED,MOCK,2026-10-05T14:56:14.608Z
f6c86e86bad32fec05c65304daeaf3d85faa5427,trai-buon-nguoi,name:galaxy-cinema-go-ba-ria,Galaxy Cinema GO! Bà Rịa,,2026-10-07T02:45:00.000Z,2026-10-07T05:00:00.000Z,TWO_D,Phụ Đề,2D Phụ Đề,SCHEDULED,MOCK,2026-10-05T14:56:14.608Z
f0cfaff9a291091e4a2b74e941f456497017e9cb,trai-buon-nguoi,name:galaxy-cinema-go-ba-ria,Galaxy Cinema GO! Bà Rịa,,2026-10-07T03:30:00.000Z,2026-10-07T05:45:00.000Z,TWO_D,Phụ Đề,2D Phụ Đề,SCHEDULED,MOCK,2026-10-05T14:56:14.608Z
8d2e4afa786394ab00632a3755b910f1c80d3ea9,trai-buon-nguoi,name:galaxy-cinema-go-ba-ria,Galaxy Cinema GO! Bà Rịa,,2026-10-07T04:00:00.000Z,2026-10-07T06:15:00.000Z,TWO_D,Phụ Đề,2D Phụ Đề,SCHEDULED,MOCK,2026-10-05T14:56:14.608Z
b67538fe5d3113fbd691268e6566d11eafe91a5b,trai-buon-nguoi,name:galaxy-cinema-go-ba-ria,Galaxy Cinema GO! Bà Rịa,,2026-10-07T04:30:00.000Z,2026-10-07T06:45:00.000Z,TWO_D,Phụ Đề,2D Phụ Đề,SCHEDULED,MOCK,2026-10-05T14:56:14.608Z
2515f7b1a9644bd7c58e5dd01a1737b05e1ef8de,trai-buon-nguoi,name:galaxy-cinema-go-ba-ria,Galaxy Cinema GO! Bà Rịa,,2026-10-07T05:15:00.000Z,2026-10-07T07:30:00.000Z,TWO_D,Phụ Đề,2D Phụ Đề,SCHEDULED,MOCK,2026-10-05T14:56:14.608Z
7f2f3c90347898cc4dfaa0583f31a9d697d1b2ab,trai-buon-nguoi,name:galaxy-cinema-go-ba-ria,Galaxy Cinema GO! Bà Rịa,,2026-10-07T06:00:00.000Z,2026-10-07T08:15:00.000Z,TWO_D,Phụ Đề,2D Phụ Đề,SCHEDULED,MOCK,2026-10-05T14:56:14.608Z
ed867778462e71040c10eb1e517a1b9a8b34647f,trai-buon-nguoi,name:galaxy-cinema-go-ba-ria,Galaxy Cinema GO! Bà Rịa,,2026-10-07T06:30:00.000Z,2026-10-07T08:45:00.000Z,TWO_D,Phụ Đề,2D Phụ Đề,SCHEDULED,MOCK,2026-10-05T14:56:14.608Z
54e285e671d44aeedde12221e859975bdf109d3e,trai-buon-nguoi,name:galaxy-cinema-go-ba-ria,Galaxy Cinema GO! Bà Rịa,,2026-10-07T07:00:00.000Z,2026-10-07T09:15:00.000Z,TWO_D,Phụ Đề,2D Phụ Đề,SCHEDULED,MOCK,2026-10-05T14:56:14.608Z
8d5033b84711d2cd08e35b468909234c1dba008f,trai-buon-nguoi,name:galaxy-cinema-go-ba-ria,Galaxy Cinema GO! Bà Rịa,,2026-10-07T07:45:00.000Z,2026-10-07T10:00:00.000Z,TWO_D,Phụ Đề,2D Phụ Đề,SCHEDULED,MOCK,2026-10-05T14:56:14.608Z
ff08fa9ae8e149b5a750b52f75f70a5126a6dc13,trai-buon-nguoi,name:galaxy-cinema-go-ba-ria,Galaxy Cinema GO! Bà Rịa,,2026-10-07T08:30:00.000Z,2026-10-07T10:45:00.000Z,TWO_D,Phụ Đề,2D Phụ Đề,SCHEDULED,MOCK,2026-10-05T14:56:14.608Z
c10970ef66c890f52462a32ec032b999f17458eb,trai-buon-nguoi,name:galaxy-cinema-go-ba-ria,Galaxy Cinema GO! Bà Rịa,,2026-10-07T09:00:00.000Z,2026-10-07T11:15:00.000Z,TWO_D,Phụ Đề,2D Phụ Đề,SCHEDULED,MOCK,2026-10-05T14:56:14.608Z
d593f767ec41c50954a76549525aa534c83ee111,trai-buon-nguoi,name:galaxy-cinema-go-ba-ria,Galaxy Cinema GO! Bà Rịa,,2026-10-07T09:30:00.000Z,2026-10-07T11:45:00.000Z,TWO_D,Phụ Đề,2D Phụ Đề,SCHEDULED,MOCK,2026-10-05T14:56:14.608Z
42601b49e341489e99f0a9dd3c27ba49010539a5,trai-buon-nguoi,name:galaxy-cinema-go-ba-ria,Galaxy Cinema GO! Bà Rịa,,2026-10-07T10:15:00.000Z,2026-10-07T12:30:00.000Z,TWO_D,Phụ Đề,2D Phụ Đề,SCHEDULED,MOCK,2026-10-05T14:56:14.608Z
7e961680be8568240e9beee831f7793b07e0a95a,trai-buon-nguoi,name:galaxy-cinema-go-ba-ria,Galaxy Cinema GO! Bà Rịa,,2026-10-07T11:00:00.000Z,2026-10-07T13:15:00.000Z,TWO_D,Phụ Đề,2D Phụ Đề,SCHEDULED,MOCK,2026-10-05T14:56:14.609Z
278c194d7e16fbf326a68d7105bca9433c216a24,trai-buon-nguoi,name:galaxy-cinema-go-ba-ria,Galaxy Cinema GO! Bà Rịa,,2026-10-07T11:30:00.000Z,2026-10-07T13:45:00.000Z,TWO_D,Phụ Đề,2D Phụ Đề,SCHEDULED,MOCK,2026-10-05T14:56:14.609Z
babb2d7e680108a03ced9ba4a36a18f5e4caaae4,trai-buon-nguoi,name:galaxy-cinema-go-ba-ria,Galaxy Cinema GO! Bà Rịa,,2026-10-07T12:00:00.000Z,2026-10-07T14:15:00.000Z,TWO_D,Phụ Đề,2D Phụ Đề,SCHEDULED,MOCK,2026-10-05T14:56:14.609Z
db6f8610d210ea6422c1e8f116c63f182a36ad06,trai-buon-nguoi,name:galaxy-cinema-go-ba-ria,Galaxy Cinema GO! Bà Rịa,,2026-10-07T12:30:00.000Z,2026-10-07T14:45:00.000Z,TWO_D,Phụ Đề,2D Phụ Đề,SCHEDULED,MOCK,2026-10-05T14:56:14.609Z
f10bd839b87e2dbc9fe0671cd186ac442b53be7b,trai-buon-nguoi,name:galaxy-cinema-go-ba-ria,Galaxy Cinema GO! Bà Rịa,,2026-10-07T12:45:00.000Z,2026-10-07T15:00:00.000Z,TWO_D,Phụ Đề,2D Phụ Đề,SCHEDULED,MOCK,2026-10-05T14:56:14.609Z
c9e52bfb701034f70ad68d7bd0a62b35c572b03f,trai-buon-nguoi,name:galaxy-cinema-go-ba-ria,Galaxy Cinema GO! Bà Rịa,,2026-10-07T13:30:00.000Z,2026-10-07T15:45:00.000Z,TWO_D,Phụ Đề,2D Phụ Đề,SCHEDULED,MOCK,2026-10-05T14:56:14.609Z
21a372a866e9b7609a96425afc57abaedab0915b,trai-buon-nguoi,name:galaxy-cinema-go-ba-ria,Galaxy Cinema GO! Bà Rịa,,2026-10-07T14:00:00.000Z,2026-10-07T16:15:00.000Z,TWO_D,Phụ Đề,2D Phụ Đề,SCHEDULED,MOCK,2026-10-05T14:56:14.609Z
50969df97565632735bcba8d6c81f97a2c396bb6,trai-buon-nguoi,name:galaxy-cinema-go-ba-ria,Galaxy Cinema GO! Bà Rịa,,2026-10-07T14:30:00.000Z,2026-10-07T16:45:00.000Z,TWO_D,Phụ Đề,2D Phụ Đề,SCHEDULED,MOCK,2026-10-05T14:56:14.609Z
657dc5e52427b882866a1ba0bda8b3775957d3a4,trai-buon-nguoi,name:galaxy-cinema-go-ba-ria,Galaxy Cinema GO! Bà Rịa,,2026-10-07T15:00:00.000Z,2026-10-07T17:15:00.000Z,TWO_D,Phụ Đề,2D Phụ Đề,SCHEDULED,MOCK,2026-10-05T14:56:14.609Z
738f4abf579bde762c98289c84f7868e2d22636a,trai-buon-nguoi,name:galaxy-cinema-go-ba-ria,Galaxy Cinema GO! Bà Rịa,,2026-10-07T15:15:00.000Z,2026-10-07T17:30:00.000Z,TWO_D,Phụ Đề,2D Phụ Đề,SCHEDULED,MOCK,2026-10-05T14:56:14.609Z
f10da21aa6e13dc3c8185fd7ba9613cf0d9d9824,trai-buon-nguoi,name:galaxy-cinema-coop-da-nang,Galaxy Cinema Coop Đà Nẵng,,2026-10-07T02:15:00.000Z,2026-10-07T04:30:00.000Z,TWO_D,Phụ Đề,2D Phụ Đề,SCHEDULED,MOCK,2026-10-05T14:56:14.609Z
eb82ef91ec9bcbb3843bda3eb13e02935ea92495,trai-buon-nguoi,name:galaxy-cinema-coop-da-nang,Galaxy Cinema Coop Đà Nẵng,,2026-10-07T03:00:00.000Z,2026-10-07T05:15:00.000Z,TWO_D,Phụ Đề,2D Phụ Đề,SCHEDULED,MOCK,2026-10-05T14:56:14.609Z
6f43e47c305094329dec2550dcd6b413eb492a9b,trai-buon-nguoi,name:galaxy-cinema-coop-da-nang,Galaxy Cinema Coop Đà Nẵng,,2026-10-07T03:30:00.000Z,2026-10-07T05:45:00.000Z,TWO_D,Phụ Đề,2D Phụ Đề,SCHEDULED,MOCK,2026-10-05T14:56:14.609Z
5328fd8a6296bd9148c556e47fe415d33da040f6,trai-buon-nguoi,name:galaxy-cinema-coop-da-nang,Galaxy Cinema Coop Đà Nẵng,,2026-10-07T04:15:00.000Z,2026-10-07T06:30:00.000Z,TWO_D,Phụ Đề,2D Phụ Đề,SCHEDULED,MOCK,2026-10-05T14:56:14.609Z
2a26074828f7eca04da933cf7f8752a89eb37c69,trai-buon-nguoi,name:galaxy-cinema-coop-da-nang,Galaxy Cinema Coop Đà Nẵng,,2026-10-07T05:00:00.000Z,2026-10-07T07:15:00.000Z,TWO_D,Phụ Đề,2D Phụ Đề,SCHEDULED,MOCK,2026-10-05T14:56:14.609Z
e25d9b58d66887d66ecdd1046f6319f0cbab3a9c,trai-buon-nguoi,name:galaxy-cinema-coop-da-nang,Galaxy Cinema Coop Đà Nẵng,,2026-10-07T05:30:00.000Z,2026-10-07T07:45:00.000Z,TWO_D,Phụ Đề,2D Phụ Đề,SCHEDULED,MOCK,2026-10-05T14:56:14.609Z
e73f2195954378e2d9d4c5a7ffbc14094d6981f9,trai-buon-nguoi,name:galaxy-cinema-coop-da-nang,Galaxy Cinema Coop Đà Nẵng,,2026-10-07T06:00:00.000Z,2026-10-07T08:15:00.000Z,TWO_D,Phụ Đề,2D Phụ Đề,SCHEDULED,MOCK,2026-10-05T14:56:14.609Z
44e34c0a3d5428e21ddbd0d403126682cc4d8a49,trai-buon-nguoi,name:galaxy-cinema-coop-da-nang,Galaxy Cinema Coop Đà Nẵng,,2026-10-07T06:45:00.000Z,2026-10-07T09:00:00.000Z,TWO_D,Phụ Đề,2D Phụ Đề,SCHEDULED,MOCK,2026-10-05T14:56:14.609Z
f7948e89864764c478dfcbe504e64ec02c614b85,trai-buon-nguoi,name:galaxy-cinema-coop-da-nang,Galaxy Cinema Coop Đà Nẵng,,2026-10-07T07:30:00.000Z,2026-10-07T09:45:00.000Z,TWO_D,Phụ Đề,2D Phụ Đề,SCHEDULED,MOCK,2026-10-05T14:56:14.609Z
f3e9d5cba11c6494b508d2c907225825e48770ab,trai-buon-nguoi,name:galaxy-cinema-coop-da-nang,Galaxy Cinema Coop Đà Nẵng,,2026-10-07T08:00:00.000Z,2026-10-07T10:15:00.000Z,TWO_D,Phụ Đề,2D Phụ Đề,SCHEDULED,MOCK,2026-10-05T14:56:14.609Z
11c82593e50051fa5ba76fa0bef2e73dc1c2ab5a,trai-buon-nguoi,name:galaxy-cinema-coop-da-nang,Galaxy Cinema Coop Đà Nẵng,,2026-10-07T08:30:00.000Z,2026-10-07T10:45:00.000Z,TWO_D,Phụ Đề,2D Phụ Đề,SCHEDULED,MOCK,2026-10-05T14:56:14.609Z
24d067e5441b14e630c5b29798915d4838c06b01,trai-buon-nguoi,name:galaxy-cinema-coop-da-nang,Galaxy Cinema Coop Đà Nẵng,,2026-10-07T09:15:00.000Z,2026-10-07T11:30:00.000Z,TWO_D,Phụ Đề,2D Phụ Đề,SCHEDULED,MOCK,2026-10-05T14:56:14.609Z
e23cb93080a7d21cfe7ba5f21d392320b2b93df5,trai-buon-nguoi,name:galaxy-cinema-coop-da-nang,Galaxy Cinema Coop Đà Nẵng,,2026-10-07T10:00:00.000Z,2026-10-07T12:15:00.000Z,TWO_D,Phụ Đề,2D Phụ Đề,SCHEDULED,MOCK,2026-10-05T14:56:14.609Z
324b399885b081d9c996ba3732397a3576ff92c8,trai-buon-nguoi,name:galaxy-cinema-coop-da-nang,Galaxy Cinema Coop Đà Nẵng,,2026-10-07T10:30:00.000Z,2026-10-07T12:45:00.000Z,TWO_D,Phụ Đề,2D Phụ Đề,SCHEDULED,MOCK,2026-10-05T14:56:14.609Z
51480261cb191acc69fd7e8bd1ea25fd80018e50,trai-buon-nguoi,name:galaxy-cinema-coop-da-nang,Galaxy Cinema Coop Đà Nẵng,,2026-10-07T11:00:00.000Z,2026-10-07T13:15:00.000Z,TWO_D,Phụ Đề,2D Phụ Đề,SCHEDULED,MOCK,2026-10-05T14:56:14.609Z
4300569a12528296a3776fd84ce0ed3c3210d3fc,trai-buon-nguoi,name:galaxy-cinema-coop-da-nang,Galaxy Cinema Coop Đà Nẵng,,2026-10-07T12:00:00.000Z,2026-10-07T14:15:00.000Z,TWO_D,Phụ Đề,2D Phụ Đề,SCHEDULED,MOCK,2026-10-05T14:56:14.609Z
d610aaa0800c0b78a11858763ea7abd3c086d4fb,trai-buon-nguoi,name:galaxy-cinema-coop-da-nang,Galaxy Cinema Coop Đà Nẵng,,2026-10-07T12:30:00.000Z,2026-10-07T14:45:00.000Z,TWO_D,Phụ Đề,2D Phụ Đề,SCHEDULED,MOCK,2026-10-05T14:56:14.609Z
344ba727583dd6d63e744b90e6e20e12c41d2a00,trai-buon-nguoi,name:galaxy-cinema-coop-da-nang,Galaxy Cinema Coop Đà Nẵng,,2026-10-07T13:00:00.000Z,2026-10-07T15:15:00.000Z,TWO_D,Phụ Đề,2D Phụ Đề,SCHEDULED,MOCK,2026-10-05T14:56:14.609Z
22835de6187d145c3f539f19db07466863a80ea4,trai-buon-nguoi,name:galaxy-cinema-coop-da-nang,Galaxy Cinema Coop Đà Nẵng,,2026-10-07T13:45:00.000Z,2026-10-07T16:00:00.000Z,TWO_D,Phụ Đề,2D Phụ Đề,SCHEDULED,MOCK,2026-10-05T14:56:14.609Z
ea777cb5cf053011a7b9d5174e36be920573a16d,trai-buon-nguoi,name:galaxy-cinema-coop-da-nang,Galaxy Cinema Coop Đà Nẵng,,2026-10-07T14:30:00.000Z,2026-10-07T16:45:00.000Z,TWO_D,Phụ Đề,2D Phụ Đề,SCHEDULED,MOCK,2026-10-05T14:56:14.609Z
a2b5dc453da12700e2f075e3409b5521bedab147,trai-buon-nguoi,name:galaxy-cinema-coop-da-nang,Galaxy Cinema Coop Đà Nẵng,,2026-10-07T15:00:00.000Z,2026-10-07T17:15:00.000Z,TWO_D,Phụ Đề,2D Phụ Đề,SCHEDULED,MOCK,2026-10-05T14:56:14.609Z
980336571bd6bd1340d0e0a5c69167542cbc2b42,trai-buon-nguoi,name:galaxy-cinema-coop-da-nang,Galaxy Cinema Coop Đà Nẵng,,2026-10-07T15:30:00.000Z,2026-10-07T17:45:00.000Z,TWO_D,Phụ Đề,2D Phụ Đề,SCHEDULED,MOCK,2026-10-05T14:56:14.609Z
bcd4b76f3e11480b3a9817f92c9607aadbd71456,trai-buon-nguoi,name:galaxy-cinema-coop-da-nang,Galaxy Cinema Coop Đà Nẵng,,2026-10-07T16:15:00.000Z,2026-10-07T18:30:00.000Z,TWO_D,Phụ Đề,2D Phụ Đề,SCHEDULED,MOCK,2026-10-05T14:56:14.609Z
762facb066618aedb0b38ff2199f577f3783e020,trai-buon-nguoi,name:galaxy-cinema-hai-phong,Galaxy Cinema Hải Phòng,,2026-10-07T02:30:00.000Z,2026-10-07T04:45:00.000Z,TWO_D,Phụ Đề,2D Phụ Đề,SCHEDULED,MOCK,2026-10-05T14:56:14.610Z
0ba547df9d85c6b94f80fd3dab808429ad49d81c,trai-buon-nguoi,name:galaxy-cinema-hai-phong,Galaxy Cinema Hải Phòng,,2026-10-07T03:15:00.000Z,2026-10-07T05:30:00.000Z,TWO_D,Phụ Đề,2D Phụ Đề,SCHEDULED,MOCK,2026-10-05T14:56:14.610Z
8bf133dd4a6bb9001da4f5619d27f60be60b6a48,trai-buon-nguoi,name:galaxy-cinema-hai-phong,Galaxy Cinema Hải Phòng,,2026-10-07T04:00:00.000Z,2026-10-07T06:15:00.000Z,TWO_D,Phụ Đề,2D Phụ Đề,SCHEDULED,MOCK,2026-10-05T14:56:14.610Z
8a7e3ba925af449316e154b55ad6bee43102dd78,trai-buon-nguoi,name:galaxy-cinema-hai-phong,Galaxy Cinema Hải Phòng,,2026-10-07T04:30:00.000Z,2026-10-07T06:45:00.000Z,TWO_D,Phụ Đề,2D Phụ Đề,SCHEDULED,MOCK,2026-10-05T14:56:14.610Z
8a6aa91786145680abb51a5f9f1ac846a4e8fda5,trai-buon-nguoi,name:galaxy-cinema-hai-phong,Galaxy Cinema Hải Phòng,,2026-10-07T05:00:00.000Z,2026-10-07T07:15:00.000Z,TWO_D,Phụ Đề,2D Phụ Đề,SCHEDULED,MOCK,2026-10-05T14:56:14.610Z
6d5235c03abfb86a2c3606da140db844df49300e,trai-buon-nguoi,name:galaxy-cinema-hai-phong,Galaxy Cinema Hải Phòng,,2026-10-07T06:00:00.000Z,2026-10-07T08:15:00.000Z,TWO_D,Phụ Đề,2D Phụ Đề,SCHEDULED,MOCK,2026-10-05T14:56:14.610Z
5a9b7008fb28f461dc64dece880723fe55af171a,trai-buon-nguoi,name:galaxy-cinema-hai-phong,Galaxy Cinema Hải Phòng,,2026-10-07T06:30:00.000Z,2026-10-07T08:45:00.000Z,TWO_D,Phụ Đề,2D Phụ Đề,SCHEDULED,MOCK,2026-10-05T14:56:14.610Z
cff3ef1a055805ef957ea2342c181c07e738a9a7,trai-buon-nguoi,name:galaxy-cinema-hai-phong,Galaxy Cinema Hải Phòng,,2026-10-07T07:00:00.000Z,2026-10-07T09:15:00.000Z,TWO_D,Phụ Đề,2D Phụ Đề,SCHEDULED,MOCK,2026-10-05T14:56:14.610Z
a51742767d74479c9be42b29f2aa1d7cc0d3b3d2,trai-buon-nguoi,name:galaxy-cinema-hai-phong,Galaxy Cinema Hải Phòng,,2026-10-07T07:30:00.000Z,2026-10-07T09:45:00.000Z,TWO_D,Phụ Đề,2D Phụ Đề,SCHEDULED,MOCK,2026-10-05T14:56:14.610Z
9ecb2b910efbfedee6f5afd500bbd25cbacd50a7,trai-buon-nguoi,name:galaxy-cinema-hai-phong,Galaxy Cinema Hải Phòng,,2026-10-07T08:00:00.000Z,2026-10-07T10:15:00.000Z,TWO_D,Phụ Đề,2D Phụ Đề,SCHEDULED,MOCK,2026-10-05T14:56:14.610Z
6e03915cefa9b4e90c3eddd1e0b36acec1377adf,trai-buon-nguoi,name:galaxy-cinema-hai-phong,Galaxy Cinema Hải Phòng,,2026-10-07T08:30:00.000Z,2026-10-07T10:45:00.000Z,TWO_D,Phụ Đề,2D Phụ Đề,SCHEDULED,MOCK,2026-10-05T14:56:14.610Z
47277e5ac3ecb63c33b27031817d026f1b088dc1,trai-buon-nguoi,name:galaxy-cinema-hai-phong,Galaxy Cinema Hải Phòng,,2026-10-07T09:00:00.000Z,2026-10-07T11:15:00.000Z,TWO_D,Phụ Đề,2D Phụ Đề,SCHEDULED,MOCK,2026-10-05T14:56:14.610Z
562f4d785b5eb8b2ec8d417ab282e6c480e4d5a7,trai-buon-nguoi,name:galaxy-cinema-hai-phong,Galaxy Cinema Hải Phòng,,2026-10-07T09:30:00.000Z,2026-10-07T11:45:00.000Z,TWO_D,Phụ Đề,2D Phụ Đề,SCHEDULED,MOCK,2026-10-05T14:56:14.610Z
afcef92480d3190cfad807e659a91446d956e9c0,trai-buon-nguoi,name:galaxy-cinema-hai-phong,Galaxy Cinema Hải Phòng,,2026-10-07T10:00:00.000Z,2026-10-07T12:15:00.000Z,TWO_D,Phụ Đề,2D Phụ Đề,SCHEDULED,MOCK,2026-10-05T14:56:14.610Z
2d4c0c30a0b832480d3f20bae4fcd7ad8dcc59b0,trai-buon-nguoi,name:galaxy-cinema-hai-phong,Galaxy Cinema Hải Phòng,,2026-10-07T10:30:00.000Z,2026-10-07T12:45:00.000Z,TWO_D,Phụ Đề,2D Phụ Đề,SCHEDULED,MOCK,2026-10-05T14:56:14.610Z
d07a097340c6271b6cfe355d746759f5fc0377f2,trai-buon-nguoi,name:galaxy-cinema-hai-phong,Galaxy Cinema Hải Phòng,,2026-10-07T11:30:00.000Z,2026-10-07T13:45:00.000Z,TWO_D,Phụ Đề,2D Phụ Đề,SCHEDULED,MOCK,2026-10-05T14:56:14.610Z
9f8c2697c8e7f3f60a8f3c12852333f43ea409c7,trai-buon-nguoi,name:galaxy-cinema-hai-phong,Galaxy Cinema Hải Phòng,,2026-10-07T12:00:00.000Z,2026-10-07T14:15:00.000Z,TWO_D,Phụ Đề,2D Phụ Đề,SCHEDULED,MOCK,2026-10-05T14:56:14.610Z
94f6b532ad5fc41344c833b38ffa5ced6b168f6e,trai-buon-nguoi,name:galaxy-cinema-hai-phong,Galaxy Cinema Hải Phòng,,2026-10-07T12:30:00.000Z,2026-10-07T14:45:00.000Z,TWO_D,Phụ Đề,2D Phụ Đề,SCHEDULED,MOCK,2026-10-05T14:56:14.610Z
a73e81fdaee5bbc16e9b8fb4b87dead1365900e7,trai-buon-nguoi,name:galaxy-cinema-hai-phong,Galaxy Cinema Hải Phòng,,2026-10-07T13:00:00.000Z,2026-10-07T15:15:00.000Z,TWO_D,Phụ Đề,2D Phụ Đề,SCHEDULED,MOCK,2026-10-05T14:56:14.610Z
19d4425df27b10b1e39324dd1f84dacb591f3fbe,trai-buon-nguoi,name:galaxy-cinema-hai-phong,Galaxy Cinema Hải Phòng,,2026-10-07T13:15:00.000Z,2026-10-07T15:30:00.000Z,TWO_D,Phụ Đề,2D Phụ Đề,SCHEDULED,MOCK,2026-10-05T14:56:14.610Z
75a790f44111c917c15e9e61ab5453e37ed15661,trai-buon-nguoi,name:galaxy-cinema-hai-phong,Galaxy Cinema Hải Phòng,,2026-10-07T14:00:00.000Z,2026-10-07T16:15:00.000Z,TWO_D,Phụ Đề,2D Phụ Đề,SCHEDULED,MOCK,2026-10-05T14:56:14.610Z
04451c26aef42b9ba1cfc84cb5cae340d7c41e63,trai-buon-nguoi,name:galaxy-cinema-hai-phong,Galaxy Cinema Hải Phòng,,2026-10-07T14:30:00.000Z,2026-10-07T16:45:00.000Z,TWO_D,Phụ Đề,2D Phụ Đề,SCHEDULED,MOCK,2026-10-05T14:56:14.610Z
eb70c5de77aaf7dcdb1759daaf1854fc7ce2a25d,trai-buon-nguoi,name:galaxy-cinema-hai-phong,Galaxy Cinema Hải Phòng,,2026-10-07T15:00:00.000Z,2026-10-07T17:15:00.000Z,TWO_D,Phụ Đề,2D Phụ Đề,SCHEDULED,MOCK,2026-10-05T14:56:14.610Z
137e0a4d4ab27ee18eb62716752754f89cec21ea,trai-buon-nguoi,name:galaxy-cinema-hai-phong,Galaxy Cinema Hải Phòng,,2026-10-07T15:30:00.000Z,2026-10-07T17:45:00.000Z,TWO_D,Phụ Đề,2D Phụ Đề,SCHEDULED,MOCK,2026-10-05T14:56:14.610Z
55a55c1f5cb9d491e7645807abe7340c19970315,trai-buon-nguoi,name:galaxy-cinema-hai-phong,Galaxy Cinema Hải Phòng,,2026-10-07T16:00:00.000Z,2026-10-07T18:15:00.000Z,TWO_D,Phụ Đề,2D Phụ Đề,SCHEDULED,MOCK,2026-10-05T14:56:14.611Z
2c8e5a7b324071a1ab9d45e6e83b8271b5a80a2e,trai-buon-nguoi,name:galaxy-cinema-nha-trang-center,Galaxy Cinema Nha Trang Center,,2026-10-07T02:30:00.000Z,2026-10-07T04:45:00.000Z,TWO_D,Phụ Đề,2D Phụ Đề,SCHEDULED,MOCK,2026-10-05T14:56:14.611Z
bf007c8dc0c1e3de07efcbf31d913aa32c33e810,trai-buon-nguoi,name:galaxy-cinema-nha-trang-center,Galaxy Cinema Nha Trang Center,,2026-10-07T03:15:00.000Z,2026-10-07T05:30:00.000Z,TWO_D,Phụ Đề,2D Phụ Đề,SCHEDULED,MOCK,2026-10-05T14:56:14.611Z
a7113b1ea585d82e3e3b794ba7a649d6f084d697,trai-buon-nguoi,name:galaxy-cinema-nha-trang-center,Galaxy Cinema Nha Trang Center,,2026-10-07T04:00:00.000Z,2026-10-07T06:15:00.000Z,TWO_D,Phụ Đề,2D Phụ Đề,SCHEDULED,MOCK,2026-10-05T14:56:14.611Z
9a3a8459d03dd2d438fd6e3542494140347a9300,trai-buon-nguoi,name:galaxy-cinema-nha-trang-center,Galaxy Cinema Nha Trang Center,,2026-10-07T04:30:00.000Z,2026-10-07T06:45:00.000Z,TWO_D,Phụ Đề,2D Phụ Đề,SCHEDULED,MOCK,2026-10-05T14:56:14.611Z
b3ae7dd32c911131666f3e7639b268df75657b2b,trai-buon-nguoi,name:galaxy-cinema-nha-trang-center,Galaxy Cinema Nha Trang Center,,2026-10-07T05:15:00.000Z,2026-10-07T07:30:00.000Z,TWO_D,Phụ Đề,2D Phụ Đề,SCHEDULED,MOCK,2026-10-05T14:56:14.611Z
3f928e1baf8b11560520d6f48d8948c3079576ce,trai-buon-nguoi,name:galaxy-cinema-nha-trang-center,Galaxy Cinema Nha Trang Center,,2026-10-07T06:00:00.000Z,2026-10-07T08:15:00.000Z,TWO_D,Phụ Đề,2D Phụ Đề,SCHEDULED,MOCK,2026-10-05T14:56:14.611Z
4e50781dd1dd0ab22300b2f23dade6b4f066bb20,trai-buon-nguoi,name:galaxy-cinema-nha-trang-center,Galaxy Cinema Nha Trang Center,,2026-10-07T06:45:00.000Z,2026-10-07T09:00:00.000Z,TWO_D,Phụ Đề,2D Phụ Đề,SCHEDULED,MOCK,2026-10-05T14:56:14.611Z
4a4de4ed1eb0b4d9fca5762f1e09757b7a971db0,trai-buon-nguoi,name:galaxy-cinema-nha-trang-center,Galaxy Cinema Nha Trang Center,,2026-10-07T07:15:00.000Z,2026-10-07T09:30:00.000Z,TWO_D,Phụ Đề,2D Phụ Đề,SCHEDULED,MOCK,2026-10-05T14:56:14.611Z
dd704d8e98dd5df58e4aca6bcaf2afaf75c9ae52,trai-buon-nguoi,name:galaxy-cinema-nha-trang-center,Galaxy Cinema Nha Trang Center,,2026-10-07T08:00:00.000Z,2026-10-07T10:15:00.000Z,TWO_D,Phụ Đề,2D Phụ Đề,SCHEDULED,MOCK,2026-10-05T14:56:14.611Z
f1fb1f444f96a5adbd2d933a400578c526ce0bc0,trai-buon-nguoi,name:galaxy-cinema-nha-trang-center,Galaxy Cinema Nha Trang Center,,2026-10-07T08:30:00.000Z,2026-10-07T10:45:00.000Z,TWO_D,Phụ Đề,2D Phụ Đề,SCHEDULED,MOCK,2026-10-05T14:56:14.611Z
71f03fabf73ec8795cb4e0ff0ca19998b066a151,trai-buon-nguoi,name:galaxy-cinema-nha-trang-center,Galaxy Cinema Nha Trang Center,,2026-10-07T09:15:00.000Z,2026-10-07T11:30:00.000Z,TWO_D,Phụ Đề,2D Phụ Đề,SCHEDULED,MOCK,2026-10-05T14:56:14.611Z
4de400d3c8cd37817fff64d1a0afdcb8e0292fa2,trai-buon-nguoi,name:galaxy-cinema-nha-trang-center,Galaxy Cinema Nha Trang Center,,2026-10-07T10:00:00.000Z,2026-10-07T12:15:00.000Z,TWO_D,Phụ Đề,2D Phụ Đề,SCHEDULED,MOCK,2026-10-05T14:56:14.611Z
8cfbbe0a136dbd9dbd75fb221630cd6e8dd9940a,trai-buon-nguoi,name:galaxy-cinema-nha-trang-center,Galaxy Cinema Nha Trang Center,,2026-10-07T10:30:00.000Z,2026-10-07T12:45:00.000Z,TWO_D,Phụ Đề,2D Phụ Đề,SCHEDULED,MOCK,2026-10-05T14:56:14.611Z
31f72ceac3a13ce17fd3de8c38c399b8807027e4,trai-buon-nguoi,name:galaxy-cinema-nha-trang-center,Galaxy Cinema Nha Trang Center,,2026-10-07T11:00:00.000Z,2026-10-07T13:15:00.000Z,TWO_D,Phụ Đề,2D Phụ Đề,SCHEDULED,MOCK,2026-10-05T14:56:14.611Z
bf8bd4879129ef1a0ed196b1b6cfa67896b8eb8c,trai-buon-nguoi,name:galaxy-cinema-nha-trang-center,Galaxy Cinema Nha Trang Center,,2026-10-07T11:15:00.000Z,2026-10-07T13:30:00.000Z,TWO_D,Phụ Đề,2D Phụ Đề,SCHEDULED,MOCK,2026-10-05T14:56:14.611Z
523abdb2f9fb07a0fa9d9f48ddcf959bece31fed,trai-buon-nguoi,name:galaxy-cinema-nha-trang-center,Galaxy Cinema Nha Trang Center,,2026-10-07T11:45:00.000Z,2026-10-07T14:00:00.000Z,TWO_D,Phụ Đề,2D Phụ Đề,SCHEDULED,MOCK,2026-10-05T14:56:14.611Z
8cbdf59fe0a06b17acb8497cc05508a1fdc1a438,trai-buon-nguoi,name:galaxy-cinema-nha-trang-center,Galaxy Cinema Nha Trang Center,,2026-10-07T12:30:00.000Z,2026-10-07T14:45:00.000Z,TWO_D,Phụ Đề,2D Phụ Đề,SCHEDULED,MOCK,2026-10-05T14:56:14.611Z
96a1659e410dffde72fae7743a6907fd0368e2ab,trai-buon-nguoi,name:galaxy-cinema-nha-trang-center,Galaxy Cinema Nha Trang Center,,2026-10-07T13:00:00.000Z,2026-10-07T15:15:00.000Z,TWO_D,Phụ Đề,2D Phụ Đề,SCHEDULED,MOCK,2026-10-05T14:56:14.611Z
4b5d99cfc3e083147a71fd27b314cecc86343201,trai-buon-nguoi,name:galaxy-cinema-nha-trang-center,Galaxy Cinema Nha Trang Center,,2026-10-07T13:25:00.000Z,2026-10-07T15:40:00.000Z,TWO_D,Phụ Đề,2D Phụ Đề,SCHEDULED,MOCK,2026-10-05T14:56:14.611Z
eb1952fe379824a9f744824da615b109e199fc66,trai-buon-nguoi,name:galaxy-cinema-nha-trang-center,Galaxy Cinema Nha Trang Center,,2026-10-07T13:45:00.000Z,2026-10-07T16:00:00.000Z,TWO_D,Phụ Đề,2D Phụ Đề,SCHEDULED,MOCK,2026-10-05T14:56:14.611Z
9e213efdc3f60b825881c38d656e6a5f262b4e23,trai-buon-nguoi,name:galaxy-cinema-nha-trang-center,Galaxy Cinema Nha Trang Center,,2026-10-07T14:15:00.000Z,2026-10-07T16:30:00.000Z,TWO_D,Phụ Đề,2D Phụ Đề,SCHEDULED,MOCK,2026-10-05T14:56:14.611Z
dc46f59a17f35e63de8d459fb04c4e47916191ae,trai-buon-nguoi,name:galaxy-cinema-sense-city-ben-tre,Galaxy Cinema Sense City Bến Tre,,2026-10-07T02:45:00.000Z,2026-10-07T05:00:00.000Z,TWO_D,Phụ Đề,2D Phụ Đề,SCHEDULED,MOCK,2026-10-05T14:56:14.611Z
e96a213c18a4d266f6332e86de6442af0588552e,trai-buon-nguoi,name:galaxy-cinema-sense-city-ben-tre,Galaxy Cinema Sense City Bến Tre,,2026-10-07T03:30:00.000Z,2026-10-07T05:45:00.000Z,TWO_D,Phụ Đề,2D Phụ Đề,SCHEDULED,MOCK,2026-10-05T14:56:14.611Z
a01cce49208798c77d9e63c33c5d947adc585e96,trai-buon-nguoi,name:galaxy-cinema-sense-city-ben-tre,Galaxy Cinema Sense City Bến Tre,,2026-10-07T04:00:00.000Z,2026-10-07T06:15:00.000Z,TWO_D,Phụ Đề,2D Phụ Đề,SCHEDULED,MOCK,2026-10-05T14:56:14.611Z
b98c7d0d2ae1ce97ae0dffa1a56eef27f20906c3,trai-buon-nguoi,name:galaxy-cinema-sense-city-ben-tre,Galaxy Cinema Sense City Bến Tre,,2026-10-07T04:30:00.000Z,2026-10-07T06:45:00.000Z,TWO_D,Phụ Đề,2D Phụ Đề,SCHEDULED,MOCK,2026-10-05T14:56:14.611Z
0947818c1d571ce69bd9608fe2ac7b957ef12f7a,trai-buon-nguoi,name:galaxy-cinema-sense-city-ben-tre,Galaxy Cinema Sense City Bến Tre,,2026-10-07T05:15:00.000Z,2026-10-07T07:30:00.000Z,TWO_D,Phụ Đề,2D Phụ Đề,SCHEDULED,MOCK,2026-10-05T14:56:14.612Z
92cce4481f766882e59af7f2a1f57fbae5feeddf,trai-buon-nguoi,name:galaxy-cinema-sense-city-ben-tre,Galaxy Cinema Sense City Bến Tre,,2026-10-07T06:00:00.000Z,2026-10-07T08:15:00.000Z,TWO_D,Phụ Đề,2D Phụ Đề,SCHEDULED,MOCK,2026-10-05T14:56:14.612Z
6cf3ddaf5c4de6713299888231b8c974ba5f6565,trai-buon-nguoi,name:galaxy-cinema-sense-city-ben-tre,Galaxy Cinema Sense City Bến Tre,,2026-10-07T06:30:00.000Z,2026-10-07T08:45:00.000Z,TWO_D,Phụ Đề,2D Phụ Đề,SCHEDULED,MOCK,2026-10-05T14:56:14.612Z
344c3a3a45e2c41a890b67a5967b02222ca3e1ac,trai-buon-nguoi,name:galaxy-cinema-sense-city-ben-tre,Galaxy Cinema Sense City Bến Tre,,2026-10-07T07:00:00.000Z,2026-10-07T09:15:00.000Z,TWO_D,Phụ Đề,2D Phụ Đề,SCHEDULED,MOCK,2026-10-05T14:56:14.612Z
9ab0a80af6d651e39339f55c7b88f283d405c44a,trai-buon-nguoi,name:galaxy-cinema-sense-city-ben-tre,Galaxy Cinema Sense City Bến Tre,,2026-10-07T07:45:00.000Z,2026-10-07T10:00:00.000Z,TWO_D,Phụ Đề,2D Phụ Đề,SCHEDULED,MOCK,2026-10-05T14:56:14.612Z
0e41e7488bbc493a6e3e9fa7fac21aec9ae3a42a,trai-buon-nguoi,name:galaxy-cinema-sense-city-ben-tre,Galaxy Cinema Sense City Bến Tre,,2026-10-07T08:30:00.000Z,2026-10-07T10:45:00.000Z,TWO_D,Phụ Đề,2D Phụ Đề,SCHEDULED,MOCK,2026-10-05T14:56:14.612Z
922c990a09c8970118bf436279f417f520fcd14e,trai-buon-nguoi,name:galaxy-cinema-sense-city-ben-tre,Galaxy Cinema Sense City Bến Tre,,2026-10-07T09:00:00.000Z,2026-10-07T11:15:00.000Z,TWO_D,Phụ Đề,2D Phụ Đề,SCHEDULED,MOCK,2026-10-05T14:56:14.612Z
ed41940588bb08333e0dddda59634ad17c662eeb,trai-buon-nguoi,name:galaxy-cinema-sense-city-ben-tre,Galaxy Cinema Sense City Bến Tre,,2026-10-07T09:30:00.000Z,2026-10-07T11:45:00.000Z,TWO_D,Phụ Đề,2D Phụ Đề,SCHEDULED,MOCK,2026-10-05T14:56:14.612Z
c49bc3fe03d56ce6e348a4867a5548023e13c82c,trai-buon-nguoi,name:galaxy-cinema-sense-city-ben-tre,Galaxy Cinema Sense City Bến Tre,,2026-10-07T10:15:00.000Z,2026-10-07T12:30:00.000Z,TWO_D,Phụ Đề,2D Phụ Đề,SCHEDULED,MOCK,2026-10-05T14:56:14.612Z
65e63b8490caf965016b749fcf6c0fd03e52ffcf,trai-buon-nguoi,name:galaxy-cinema-sense-city-ben-tre,Galaxy Cinema Sense City Bến Tre,,2026-10-07T11:00:00.000Z,2026-10-07T13:15:00.000Z,TWO_D,Phụ Đề,2D Phụ Đề,SCHEDULED,MOCK,2026-10-05T14:56:14.612Z
1531d457a2d6f7403d108367f1e4359ded4f2c16,trai-buon-nguoi,name:galaxy-cinema-sense-city-ben-tre,Galaxy Cinema Sense City Bến Tre,,2026-10-07T11:30:00.000Z,2026-10-07T13:45:00.000Z,TWO_D,Phụ Đề,2D Phụ Đề,SCHEDULED,MOCK,2026-10-05T14:56:14.612Z
70cfe4f9955d20d63e754ecaaf0d49cb2be0be90,trai-buon-nguoi,name:galaxy-cinema-sense-city-ben-tre,Galaxy Cinema Sense City Bến Tre,,2026-10-07T12:00:00.000Z,2026-10-07T14:15:00.000Z,TWO_D,Phụ Đề,2D Phụ Đề,SCHEDULED,MOCK,2026-10-05T14:56:14.612Z
a862ded62303e34bc4c64962ac91504fe1266641,trai-buon-nguoi,name:galaxy-cinema-sense-city-ben-tre,Galaxy Cinema Sense City Bến Tre,,2026-10-07T12:30:00.000Z,2026-10-07T14:45:00.000Z,TWO_D,Phụ Đề,2D Phụ Đề,SCHEDULED,MOCK,2026-10-05T14:56:14.612Z
bb9177afd7cb4fcabd7333cc2aa6083627646324,trai-buon-nguoi,name:galaxy-cinema-sense-city-ben-tre,Galaxy Cinema Sense City Bến Tre,,2026-10-07T12:45:00.000Z,2026-10-07T15:00:00.000Z,TWO_D,Phụ Đề,2D Phụ Đề,SCHEDULED,MOCK,2026-10-05T14:56:14.612Z
986cd926efcfe3d74113884353324be6706551e3,trai-buon-nguoi,name:galaxy-cinema-sense-city-ben-tre,Galaxy Cinema Sense City Bến Tre,,2026-10-07T13:30:00.000Z,2026-10-07T15:45:00.000Z,TWO_D,Phụ Đề,2D Phụ Đề,SCHEDULED,MOCK,2026-10-05T14:56:14.612Z
4dd760edc02102a42226321469b5f9912d89aeb7,trai-buon-nguoi,name:galaxy-cinema-sense-city-ben-tre,Galaxy Cinema Sense City Bến Tre,,2026-10-07T14:00:00.000Z,2026-10-07T16:15:00.000Z,TWO_D,Phụ Đề,2D Phụ Đề,SCHEDULED,MOCK,2026-10-05T14:56:14.612Z
91e23512c90df0e327f6334c2d710c290f2268b0,trai-buon-nguoi,name:galaxy-cinema-sense-city-ben-tre,Galaxy Cinema Sense City Bến Tre,,2026-10-07T14:30:00.000Z,2026-10-07T16:45:00.000Z,TWO_D,Phụ Đề,2D Phụ Đề,SCHEDULED,MOCK,2026-10-05T14:56:14.612Z
99ea6e76e6b5768568edf24e2b2e3ba166560e0a,trai-buon-nguoi,name:galaxy-cinema-sense-city-ben-tre,Galaxy Cinema Sense City Bến Tre,,2026-10-07T15:15:00.000Z,2026-10-07T17:30:00.000Z,TWO_D,Phụ Đề,2D Phụ Đề,SCHEDULED,MOCK,2026-10-05T14:56:14.612Z
773866eaae8f02f20be456ce4c714be5dc8bbbdd,trai-buon-nguoi,name:galaxy-cinema-sense-city-ca-mau,Galaxy Cinema Sense City Cà Mau,,2026-10-07T02:45:00.000Z,2026-10-07T05:00:00.000Z,TWO_D,Phụ Đề,2D Phụ Đề,SCHEDULED,MOCK,2026-10-05T14:56:14.612Z
65a1cb81c1f4fcdecff81bc51a2a90a0ec733b37,trai-buon-nguoi,name:galaxy-cinema-sense-city-ca-mau,Galaxy Cinema Sense City Cà Mau,,2026-10-07T03:30:00.000Z,2026-10-07T05:45:00.000Z,TWO_D,Phụ Đề,2D Phụ Đề,SCHEDULED,MOCK,2026-10-05T14:56:14.612Z
ddfd24cb4225193fb7b2b84c66070e6d9d3bb855,trai-buon-nguoi,name:galaxy-cinema-sense-city-ca-mau,Galaxy Cinema Sense City Cà Mau,,2026-10-07T04:00:00.000Z,2026-10-07T06:15:00.000Z,TWO_D,Phụ Đề,2D Phụ Đề,SCHEDULED,MOCK,2026-10-05T14:56:14.612Z
af3d9354b7475e25019e94d0b1dd7004c0b59e86,trai-buon-nguoi,name:galaxy-cinema-sense-city-ca-mau,Galaxy Cinema Sense City Cà Mau,,2026-10-07T04:30:00.000Z,2026-10-07T06:45:00.000Z,TWO_D,Phụ Đề,2D Phụ Đề,SCHEDULED,MOCK,2026-10-05T14:56:14.612Z
088d0947ed58970511e995940e04ae42752a1fd4,trai-buon-nguoi,name:galaxy-cinema-sense-city-ca-mau,Galaxy Cinema Sense City Cà Mau,,2026-10-07T05:15:00.000Z,2026-10-07T07:30:00.000Z,TWO_D,Phụ Đề,2D Phụ Đề,SCHEDULED,MOCK,2026-10-05T14:56:14.612Z
3a2d97cb6b0c7689774b7a69b46f079bd268b988,trai-buon-nguoi,name:galaxy-cinema-sense-city-ca-mau,Galaxy Cinema Sense City Cà Mau,,2026-10-07T06:00:00.000Z,2026-10-07T08:15:00.000Z,TWO_D,Phụ Đề,2D Phụ Đề,SCHEDULED,MOCK,2026-10-05T14:56:14.612Z
1410e51416fffc7afca70d447a21f486e5692ca5,trai-buon-nguoi,name:galaxy-cinema-sense-city-ca-mau,Galaxy Cinema Sense City Cà Mau,,2026-10-07T06:30:00.000Z,2026-10-07T08:45:00.000Z,TWO_D,Phụ Đề,2D Phụ Đề,SCHEDULED,MOCK,2026-10-05T14:56:14.613Z
0c8e93f10a908421ce91bc8170984c4f8efb4419,trai-buon-nguoi,name:galaxy-cinema-sense-city-ca-mau,Galaxy Cinema Sense City Cà Mau,,2026-10-07T07:00:00.000Z,2026-10-07T09:15:00.000Z,TWO_D,Phụ Đề,2D Phụ Đề,SCHEDULED,MOCK,2026-10-05T14:56:14.613Z
ad8f0de5b22f679c129f0daa4e3e22c638d7a961,trai-buon-nguoi,name:galaxy-cinema-sense-city-ca-mau,Galaxy Cinema Sense City Cà Mau,,2026-10-07T07:45:00.000Z,2026-10-07T10:00:00.000Z,TWO_D,Phụ Đề,2D Phụ Đề,SCHEDULED,MOCK,2026-10-05T14:56:14.613Z
d185a340ff90264555f039d4eca07e3afe5a2731,trai-buon-nguoi,name:galaxy-cinema-sense-city-ca-mau,Galaxy Cinema Sense City Cà Mau,,2026-10-07T08:30:00.000Z,2026-10-07T10:45:00.000Z,TWO_D,Phụ Đề,2D Phụ Đề,SCHEDULED,MOCK,2026-10-05T14:56:14.613Z
49458d09efe7da8bc63f4e31ce620b931ae54368,trai-buon-nguoi,name:galaxy-cinema-sense-city-ca-mau,Galaxy Cinema Sense City Cà Mau,,2026-10-07T09:00:00.000Z,2026-10-07T11:15:00.000Z,TWO_D,Phụ Đề,2D Phụ Đề,SCHEDULED,MOCK,2026-10-05T14:56:14.613Z
c6f430c131c169e564793b8f804034c93fff6f44,trai-buon-nguoi,name:galaxy-cinema-sense-city-ca-mau,Galaxy Cinema Sense City Cà Mau,,2026-10-07T09:30:00.000Z,2026-10-07T11:45:00.000Z,TWO_D,Phụ Đề,2D Phụ Đề,SCHEDULED,MOCK,2026-10-05T14:56:14.613Z
17ae94b7cd47c60f0ff0950199afbf3dca48d6d7,trai-buon-nguoi,name:galaxy-cinema-sense-city-ca-mau,Galaxy Cinema Sense City Cà Mau,,2026-10-07T10:15:00.000Z,2026-10-07T12:30:00.000Z,TWO_D,Phụ Đề,2D Phụ Đề,SCHEDULED,MOCK,2026-10-05T14:56:14.613Z
ef2b430779e0c4e08a680ec377a279651c9ccc4b,trai-buon-nguoi,name:galaxy-cinema-sense-city-ca-mau,Galaxy Cinema Sense City Cà Mau,,2026-10-07T11:00:00.000Z,2026-10-07T13:15:00.000Z,TWO_D,Phụ Đề,2D Phụ Đề,SCHEDULED,MOCK,2026-10-05T14:56:14.613Z
2132d301994a38a38aa5dada9a1edd3e80a63cf5,trai-buon-nguoi,name:galaxy-cinema-sense-city-ca-mau,Galaxy Cinema Sense City Cà Mau,,2026-10-07T11:30:00.000Z,2026-10-07T13:45:00.000Z,TWO_D,Phụ Đề,2D Phụ Đề,SCHEDULED,MOCK,2026-10-05T14:56:14.613Z
f484df568871e71a0fb0b39612289d2cb1bbb0c7,trai-buon-nguoi,name:galaxy-cinema-sense-city-ca-mau,Galaxy Cinema Sense City Cà Mau,,2026-10-07T12:00:00.000Z,2026-10-07T14:15:00.000Z,TWO_D,Phụ Đề,2D Phụ Đề,SCHEDULED,MOCK,2026-10-05T14:56:14.613Z
494c4f997c9f7714d7f4abff99d9e6d9bed5b343,trai-buon-nguoi,name:galaxy-cinema-sense-city-ca-mau,Galaxy Cinema Sense City Cà Mau,,2026-10-07T12:15:00.000Z,2026-10-07T14:30:00.000Z,TWO_D,Phụ Đề,2D Phụ Đề,SCHEDULED,MOCK,2026-10-05T14:56:14.613Z
00ff8e4fb49d70a97cf766290579596d6fa389b2,trai-buon-nguoi,name:galaxy-cinema-sense-city-ca-mau,Galaxy Cinema Sense City Cà Mau,,2026-10-07T12:45:00.000Z,2026-10-07T15:00:00.000Z,TWO_D,Phụ Đề,2D Phụ Đề,SCHEDULED,MOCK,2026-10-05T14:56:14.613Z
b4ba76ea064497eab63cc4cc0fd20a22ba0e6af1,trai-buon-nguoi,name:galaxy-cinema-sense-city-ca-mau,Galaxy Cinema Sense City Cà Mau,,2026-10-07T13:15:00.000Z,2026-10-07T15:30:00.000Z,TWO_D,Phụ Đề,2D Phụ Đề,SCHEDULED,MOCK,2026-10-05T14:56:14.613Z
1422b66006342aa23a797700a287edf2ce0bc438,trai-buon-nguoi,name:galaxy-cinema-sense-city-ca-mau,Galaxy Cinema Sense City Cà Mau,,2026-10-07T13:30:00.000Z,2026-10-07T15:45:00.000Z,TWO_D,Phụ Đề,2D Phụ Đề,SCHEDULED,MOCK,2026-10-05T14:56:14.613Z
0f02f06c0d1302fd4da8180b5ef82cb600cce7ef,trai-buon-nguoi,name:galaxy-cinema-sense-city-ca-mau,Galaxy Cinema Sense City Cà Mau,,2026-10-07T14:00:00.000Z,2026-10-07T16:15:00.000Z,TWO_D,Phụ Đề,2D Phụ Đề,SCHEDULED,MOCK,2026-10-05T14:56:14.613Z
e40af2a97c4d4419f26fa2f68ca525ea238258b9,trai-buon-nguoi,name:galaxy-cinema-sense-city-ca-mau,Galaxy Cinema Sense City Cà Mau,,2026-10-07T14:30:00.000Z,2026-10-07T16:45:00.000Z,TWO_D,Phụ Đề,2D Phụ Đề,SCHEDULED,MOCK,2026-10-05T14:56:14.613Z
cc6e5ac79c6a15ea1d8df152538f2ff914bbc41c,trai-buon-nguoi,name:galaxy-cinema-sense-city-ca-mau,Galaxy Cinema Sense City Cà Mau,,2026-10-07T15:15:00.000Z,2026-10-07T17:30:00.000Z,TWO_D,Phụ Đề,2D Phụ Đề,SCHEDULED,MOCK,2026-10-05T14:56:14.613Z
bb05237bcaf0adb1f4d1dc566c38ec6ed9736506,trai-buon-nguoi,name:galaxy-cinema-sense-city-ca-mau,Galaxy Cinema Sense City Cà Mau,,2026-10-07T15:45:00.000Z,2026-10-07T18:00:00.000Z,TWO_D,Phụ Đề,2D Phụ Đề,SCHEDULED,MOCK,2026-10-05T14:56:14.613Z
f426660a64da771298bad321158add1711f52dbd,trai-buon-nguoi,name:galaxy-cinema-long-xuyen,Galaxy Cinema Long Xuyên,,2026-10-07T02:45:00.000Z,2026-10-07T05:00:00.000Z,TWO_D,Phụ Đề,2D Phụ Đề,SCHEDULED,MOCK,2026-10-05T14:56:14.613Z
d1fc0a721ea19c9cf84e2b843e61e2f5cc33206c,trai-buon-nguoi,name:galaxy-cinema-long-xuyen,Galaxy Cinema Long Xuyên,,2026-10-07T03:30:00.000Z,2026-10-07T05:45:00.000Z,TWO_D,Phụ Đề,2D Phụ Đề,SCHEDULED,MOCK,2026-10-05T14:56:14.613Z
7d01bf93b6d7ee45724770546238480257b483ac,trai-buon-nguoi,name:galaxy-cinema-long-xuyen,Galaxy Cinema Long Xuyên,,2026-10-07T04:00:00.000Z,2026-10-07T06:15:00.000Z,TWO_D,Phụ Đề,2D Phụ Đề,SCHEDULED,MOCK,2026-10-05T14:56:14.613Z
035e12bd6be167bc7901ba81285a15e798931978,trai-buon-nguoi,name:galaxy-cinema-long-xuyen,Galaxy Cinema Long Xuyên,,2026-10-07T04:30:00.000Z,2026-10-07T06:45:00.000Z,TWO_D,Phụ Đề,2D Phụ Đề,SCHEDULED,MOCK,2026-10-05T14:56:14.614Z
5e5667f980928c636b6a5408c25cf7c09094397e,trai-buon-nguoi,name:galaxy-cinema-long-xuyen,Galaxy Cinema Long Xuyên,,2026-10-07T05:15:00.000Z,2026-10-07T07:30:00.000Z,TWO_D,Phụ Đề,2D Phụ Đề,SCHEDULED,MOCK,2026-10-05T14:56:14.614Z
8849ed4b57ad8af96ed74a37334e7ef4b275a9db,trai-buon-nguoi,name:galaxy-cinema-long-xuyen,Galaxy Cinema Long Xuyên,,2026-10-07T06:00:00.000Z,2026-10-07T08:15:00.000Z,TWO_D,Phụ Đề,2D Phụ Đề,SCHEDULED,MOCK,2026-10-05T14:56:14.614Z
332b1133e14ecd40f08be6b45ba21eebb2cb2c12,trai-buon-nguoi,name:galaxy-cinema-long-xuyen,Galaxy Cinema Long Xuyên,,2026-10-07T06:30:00.000Z,2026-10-07T08:45:00.000Z,TWO_D,Phụ Đề,2D Phụ Đề,SCHEDULED,MOCK,2026-10-05T14:56:14.614Z
d3daa5d1ad271bfb86421ee47fb38cfeced78aeb,trai-buon-nguoi,name:galaxy-cinema-long-xuyen,Galaxy Cinema Long Xuyên,,2026-10-07T07:00:00.000Z,2026-10-07T09:15:00.000Z,TWO_D,Phụ Đề,2D Phụ Đề,SCHEDULED,MOCK,2026-10-05T14:56:14.614Z
19cfd053fc3427f6cb7e916018f000db06c238e5,trai-buon-nguoi,name:galaxy-cinema-long-xuyen,Galaxy Cinema Long Xuyên,,2026-10-07T07:45:00.000Z,2026-10-07T10:00:00.000Z,TWO_D,Phụ Đề,2D Phụ Đề,SCHEDULED,MOCK,2026-10-05T14:56:14.614Z
95e677740de9bae05256cf55d1f1dfa5b1ea453b,trai-buon-nguoi,name:galaxy-cinema-long-xuyen,Galaxy Cinema Long Xuyên,,2026-10-07T08:30:00.000Z,2026-10-07T10:45:00.000Z,TWO_D,Phụ Đề,2D Phụ Đề,SCHEDULED,MOCK,2026-10-05T14:56:14.614Z
bf1e67231b399e675c6018c6e4f49da6e0b11a45,trai-buon-nguoi,name:galaxy-cinema-long-xuyen,Galaxy Cinema Long Xuyên,,2026-10-07T09:00:00.000Z,2026-10-07T11:15:00.000Z,TWO_D,Phụ Đề,2D Phụ Đề,SCHEDULED,MOCK,2026-10-05T14:56:14.614Z
9b2451f0e207f734b7768df5702e8955b79cb772,trai-buon-nguoi,name:galaxy-cinema-long-xuyen,Galaxy Cinema Long Xuyên,,2026-10-07T09:30:00.000Z,2026-10-07T11:45:00.000Z,TWO_D,Phụ Đề,2D Phụ Đề,SCHEDULED,MOCK,2026-10-05T14:56:14.614Z
941fd0353f4b27f5069924a280813769b2232e46,trai-buon-nguoi,name:galaxy-cinema-long-xuyen,Galaxy Cinema Long Xuyên,,2026-10-07T10:15:00.000Z,2026-10-07T12:30:00.000Z,TWO_D,Phụ Đề,2D Phụ Đề,SCHEDULED,MOCK,2026-10-05T14:56:14.614Z
34a91b4ba6482d7f00523233f88e962eda21e89e,trai-buon-nguoi,name:galaxy-cinema-long-xuyen,Galaxy Cinema Long Xuyên,,2026-10-07T11:00:00.000Z,2026-10-07T13:15:00.000Z,TWO_D,Phụ Đề,2D Phụ Đề,SCHEDULED,MOCK,2026-10-05T14:56:14.614Z
dd6790015a03a92911999fbbee306d3b1aad4e23,trai-buon-nguoi,name:galaxy-cinema-long-xuyen,Galaxy Cinema Long Xuyên,,2026-10-07T11:30:00.000Z,2026-10-07T13:45:00.000Z,TWO_D,Phụ Đề,2D Phụ Đề,SCHEDULED,MOCK,2026-10-05T14:56:14.614Z
df0ba0493707335ff36e4cdec10a6af9b142e5bb,trai-buon-nguoi,name:galaxy-cinema-long-xuyen,Galaxy Cinema Long Xuyên,,2026-10-07T12:00:00.000Z,2026-10-07T14:15:00.000Z,TWO_D,Phụ Đề,2D Phụ Đề,SCHEDULED,MOCK,2026-10-05T14:56:14.614Z
5d350294c3a10693088448bf61eb2f2fb38f3e13,trai-buon-nguoi,name:galaxy-cinema-long-xuyen,Galaxy Cinema Long Xuyên,,2026-10-07T12:30:00.000Z,2026-10-07T14:45:00.000Z,TWO_D,Phụ Đề,2D Phụ Đề,SCHEDULED,MOCK,2026-10-05T14:56:14.614Z
47463bbf399c2615f4e1dce099e21e040b782fd8,trai-buon-nguoi,name:galaxy-cinema-long-xuyen,Galaxy Cinema Long Xuyên,,2026-10-07T12:45:00.000Z,2026-10-07T15:00:00.000Z,TWO_D,Phụ Đề,2D Phụ Đề,SCHEDULED,MOCK,2026-10-05T14:56:14.614Z
b5f45f8978eb9541671ecde6409a70a5515cc512,trai-buon-nguoi,name:galaxy-cinema-long-xuyen,Galaxy Cinema Long Xuyên,,2026-10-07T13:30:00.000Z,2026-10-07T15:45:00.000Z,TWO_D,Phụ Đề,2D Phụ Đề,SCHEDULED,MOCK,2026-10-05T14:56:14.614Z
ce94a3af1acf71abced166fc41c6b7a87cd6e891,trai-buon-nguoi,name:galaxy-cinema-long-xuyen,Galaxy Cinema Long Xuyên,,2026-10-07T14:00:00.000Z,2026-10-07T16:15:00.000Z,TWO_D,Phụ Đề,2D Phụ Đề,SCHEDULED,MOCK,2026-10-05T14:56:14.615Z
3c5091f6dc3980f2385283cfde303d9b3ecaa085,trai-buon-nguoi,name:galaxy-cinema-long-xuyen,Galaxy Cinema Long Xuyên,,2026-10-07T14:30:00.000Z,2026-10-07T16:45:00.000Z,TWO_D,Phụ Đề,2D Phụ Đề,SCHEDULED,MOCK,2026-10-05T14:56:14.615Z
3e1b457a3fa924ee5455ed7819a1246fa713d3e2,trai-buon-nguoi,name:galaxy-cinema-long-xuyen,Galaxy Cinema Long Xuyên,,2026-10-07T15:00:00.000Z,2026-10-07T17:15:00.000Z,TWO_D,Phụ Đề,2D Phụ Đề,SCHEDULED,MOCK,2026-10-05T14:56:14.615Z
7afde8a70182427947ab9ff17ca2837a2d64eac4,trai-buon-nguoi,name:galaxy-cinema-long-xuyen,Galaxy Cinema Long Xuyên,,2026-10-07T15:15:00.000Z,2026-10-07T17:30:00.000Z,TWO_D,Phụ Đề,2D Phụ Đề,SCHEDULED,MOCK,2026-10-05T14:56:14.615Z
6070280b53d39ce2abfb01311918763c6abb13d1,trai-buon-nguoi,name:galaxy-cinema-aeon-mall-tan-an,Galaxy Cinema AEON Mall Tân An,,2026-10-07T03:00:00.000Z,2026-10-07T05:15:00.000Z,TWO_D,Phụ Đề,2D Phụ Đề,SCHEDULED,MOCK,2026-10-05T14:56:14.615Z
4461f4c95a42b8ee898aee8b7dabc5852ca3a9b7,trai-buon-nguoi,name:galaxy-cinema-aeon-mall-tan-an,Galaxy Cinema AEON Mall Tân An,,2026-10-07T03:45:00.000Z,2026-10-07T06:00:00.000Z,TWO_D,Phụ Đề,2D Phụ Đề,SCHEDULED,MOCK,2026-10-05T14:56:14.615Z
1530ccf671661e296d6743a94707f3ad08e83b50,trai-buon-nguoi,name:galaxy-cinema-aeon-mall-tan-an,Galaxy Cinema AEON Mall Tân An,,2026-10-07T05:00:00.000Z,2026-10-07T07:15:00.000Z,TWO_D,Phụ Đề,2D Phụ Đề,SCHEDULED,MOCK,2026-10-05T14:56:14.615Z
893ac424e42c0ab74c35e9089cc7814a89d54c83,trai-buon-nguoi,name:galaxy-cinema-aeon-mall-tan-an,Galaxy Cinema AEON Mall Tân An,,2026-10-07T05:45:00.000Z,2026-10-07T08:00:00.000Z,TWO_D,Phụ Đề,2D Phụ Đề,SCHEDULED,MOCK,2026-10-05T14:56:14.615Z
ecfa3e54b9597dd5070d86ff79de3d033ffbab25,trai-buon-nguoi,name:galaxy-cinema-aeon-mall-tan-an,Galaxy Cinema AEON Mall Tân An,,2026-10-07T06:15:00.000Z,2026-10-07T08:30:00.000Z,TWO_D,Phụ Đề,2D Phụ Đề,SCHEDULED,MOCK,2026-10-05T14:56:14.615Z
5757815cee342edc320e7a54dcb4aa8f51c18734,trai-buon-nguoi,name:galaxy-cinema-aeon-mall-tan-an,Galaxy Cinema AEON Mall Tân An,,2026-10-07T07:45:00.000Z,2026-10-07T10:00:00.000Z,TWO_D,Phụ Đề,2D Phụ Đề,SCHEDULED,MOCK,2026-10-05T14:56:14.615Z
0e194c464d37916574084949844dfbe77ce6bde4,trai-buon-nguoi,name:galaxy-cinema-aeon-mall-tan-an,Galaxy Cinema AEON Mall Tân An,,2026-10-07T08:15:00.000Z,2026-10-07T10:30:00.000Z,TWO_D,Phụ Đề,2D Phụ Đề,SCHEDULED,MOCK,2026-10-05T14:56:14.615Z
1136ee093036cc8728fa8e2e8128fe45da790097,trai-buon-nguoi,name:galaxy-cinema-aeon-mall-tan-an,Galaxy Cinema AEON Mall Tân An,,2026-10-07T08:45:00.000Z,2026-10-07T11:00:00.000Z,TWO_D,Phụ Đề,2D Phụ Đề,SCHEDULED,MOCK,2026-10-05T14:56:14.615Z
b82cbb037bf4d403877a0e8d209787d40ef2b4c8,trai-buon-nguoi,name:galaxy-cinema-aeon-mall-tan-an,Galaxy Cinema AEON Mall Tân An,,2026-10-07T10:15:00.000Z,2026-10-07T12:30:00.000Z,TWO_D,Phụ Đề,2D Phụ Đề,SCHEDULED,MOCK,2026-10-05T14:56:14.617Z
bc0d4a94d1a8c349d96f6a95dbb468c3b43cbcf0,trai-buon-nguoi,name:galaxy-cinema-aeon-mall-tan-an,Galaxy Cinema AEON Mall Tân An,,2026-10-07T10:45:00.000Z,2026-10-07T13:00:00.000Z,TWO_D,Phụ Đề,2D Phụ Đề,SCHEDULED,MOCK,2026-10-05T14:56:14.617Z
35b69d4f09ee76dc9e19121d39ec18ed0ad27b2a,trai-buon-nguoi,name:galaxy-cinema-aeon-mall-tan-an,Galaxy Cinema AEON Mall Tân An,,2026-10-07T11:15:00.000Z,2026-10-07T13:30:00.000Z,TWO_D,Phụ Đề,2D Phụ Đề,SCHEDULED,MOCK,2026-10-05T14:56:14.617Z
fc832804100d15691ffb2e3d56b23ae1b8481513,trai-buon-nguoi,name:galaxy-cinema-aeon-mall-tan-an,Galaxy Cinema AEON Mall Tân An,,2026-10-07T12:45:00.000Z,2026-10-07T15:00:00.000Z,TWO_D,Phụ Đề,2D Phụ Đề,SCHEDULED,MOCK,2026-10-05T14:56:14.617Z
1e540fb928f7113aaf11e009bebb4f3ad77f2aa1,trai-buon-nguoi,name:galaxy-cinema-aeon-mall-tan-an,Galaxy Cinema AEON Mall Tân An,,2026-10-07T13:15:00.000Z,2026-10-07T15:30:00.000Z,TWO_D,Phụ Đề,2D Phụ Đề,SCHEDULED,MOCK,2026-10-05T14:56:14.617Z
bda84b8f12f1144bd28d6e08777a38939201b8ad,trai-buon-nguoi,name:galaxy-cinema-aeon-mall-tan-an,Galaxy Cinema AEON Mall Tân An,,2026-10-07T13:45:00.000Z,2026-10-07T16:00:00.000Z,TWO_D,Phụ Đề,2D Phụ Đề,SCHEDULED,MOCK,2026-10-05T14:56:14.617Z
4f6777d6ac774d1c308be70869067a8dc95d87f2,trai-buon-nguoi,name:galaxy-cinema-aeon-mall-tan-an,Galaxy Cinema AEON Mall Tân An,,2026-10-07T15:15:00.000Z,2026-10-07T17:30:00.000Z,TWO_D,Phụ Đề,2D Phụ Đề,SCHEDULED,MOCK,2026-10-05T14:56:14.617Z
9346ccfcba0f716e2f08fe30836b328060ad0f87,trai-buon-nguoi,name:galaxy-cinema-mipec-long-bien,Galaxy Cinema Mipec Long Biên,,2026-10-07T03:15:00.000Z,2026-10-07T05:30:00.000Z,TWO_D,Phụ Đề,2D Phụ Đề,SCHEDULED,MOCK,2026-10-05T14:56:14.617Z
cd1f4175e0849e8be60193b16abdc6c95a6627ff,trai-buon-nguoi,name:galaxy-cinema-mipec-long-bien,Galaxy Cinema Mipec Long Biên,,2026-10-07T04:00:00.000Z,2026-10-07T06:15:00.000Z,TWO_D,Phụ Đề,2D Phụ Đề,SCHEDULED,MOCK,2026-10-05T14:56:14.617Z
047cbb55c4f659d8b2aed8fed9c018dfd59c42d2,trai-buon-nguoi,name:galaxy-cinema-mipec-long-bien,Galaxy Cinema Mipec Long Biên,,2026-10-07T04:45:00.000Z,2026-10-07T07:00:00.000Z,TWO_D,Phụ Đề,2D Phụ Đề,SCHEDULED,MOCK,2026-10-05T14:56:14.617Z
b72bc7e7e66718fcb2850cb20462063545073894,trai-buon-nguoi,name:galaxy-cinema-mipec-long-bien,Galaxy Cinema Mipec Long Biên,,2026-10-07T05:30:00.000Z,2026-10-07T07:45:00.000Z,TWO_D,Phụ Đề,2D Phụ Đề,SCHEDULED,MOCK,2026-10-05T14:56:14.617Z
91dbc34f89f7b6fed4427c34acd144ac21765a8b,trai-buon-nguoi,name:galaxy-cinema-mipec-long-bien,Galaxy Cinema Mipec Long Biên,,2026-10-07T06:00:00.000Z,2026-10-07T08:15:00.000Z,TWO_D,Phụ Đề,2D Phụ Đề,SCHEDULED,MOCK,2026-10-05T14:56:14.617Z
706a3120cf53b3fd2616bc8b22bc5d9f17d6ef40,trai-buon-nguoi,name:galaxy-cinema-mipec-long-bien,Galaxy Cinema Mipec Long Biên,,2026-10-07T06:30:00.000Z,2026-10-07T08:45:00.000Z,TWO_D,Phụ Đề,2D Phụ Đề,SCHEDULED,MOCK,2026-10-05T14:56:14.617Z
c02fddd4aa0282217d5588bc07f8e9e0740d7ed9,trai-buon-nguoi,name:galaxy-cinema-mipec-long-bien,Galaxy Cinema Mipec Long Biên,,2026-10-07T07:00:00.000Z,2026-10-07T09:15:00.000Z,TWO_D,Phụ Đề,2D Phụ Đề,SCHEDULED,MOCK,2026-10-05T14:56:14.617Z
8f51ef7728e92460be1416094825f837e3a10474,trai-buon-nguoi,name:galaxy-cinema-mipec-long-bien,Galaxy Cinema Mipec Long Biên,,2026-10-07T07:30:00.000Z,2026-10-07T09:45:00.000Z,TWO_D,Phụ Đề,2D Phụ Đề,SCHEDULED,MOCK,2026-10-05T14:56:14.617Z
e0baf054381f8e7e365e4a413817cb180556bd08,trai-buon-nguoi,name:galaxy-cinema-mipec-long-bien,Galaxy Cinema Mipec Long Biên,,2026-10-07T08:00:00.000Z,2026-10-07T10:15:00.000Z,TWO_D,Phụ Đề,2D Phụ Đề,SCHEDULED,MOCK,2026-10-05T14:56:14.617Z
c05e5c3d5c74bcae7f6649a5528a95b32d6ecd1c,trai-buon-nguoi,name:galaxy-cinema-mipec-long-bien,Galaxy Cinema Mipec Long Biên,,2026-10-07T08:30:00.000Z,2026-10-07T10:45:00.000Z,TWO_D,Phụ Đề,2D Phụ Đề,SCHEDULED,MOCK,2026-10-05T14:56:14.617Z
09ef7c38ec78d7f9d1cdc8db867dd80854685807,trai-buon-nguoi,name:galaxy-cinema-mipec-long-bien,Galaxy Cinema Mipec Long Biên,,2026-10-07T09:00:00.000Z,2026-10-07T11:15:00.000Z,TWO_D,Phụ Đề,2D Phụ Đề,SCHEDULED,MOCK,2026-10-05T14:56:14.617Z
879352cae36726f3d15ad30c9d4c649a08e2738c,trai-buon-nguoi,name:galaxy-cinema-mipec-long-bien,Galaxy Cinema Mipec Long Biên,,2026-10-07T09:30:00.000Z,2026-10-07T11:45:00.000Z,TWO_D,Phụ Đề,2D Phụ Đề,SCHEDULED,MOCK,2026-10-05T14:56:14.617Z
0829e9aee24603fb402f6851475330e509e861e5,trai-buon-nguoi,name:galaxy-cinema-mipec-long-bien,Galaxy Cinema Mipec Long Biên,,2026-10-07T10:00:00.000Z,2026-10-07T12:15:00.000Z,TWO_D,Phụ Đề,2D Phụ Đề,SCHEDULED,MOCK,2026-10-05T14:56:14.617Z
ce52156a987547295d61b6690fb096102ee846d4,trai-buon-nguoi,name:galaxy-cinema-mipec-long-bien,Galaxy Cinema Mipec Long Biên,,2026-10-07T10:30:00.000Z,2026-10-07T12:45:00.000Z,TWO_D,Phụ Đề,2D Phụ Đề,SCHEDULED,MOCK,2026-10-05T14:56:14.617Z
6dff199474e8053cee38bf67ddafc0e4c387ab43,trai-buon-nguoi,name:galaxy-cinema-mipec-long-bien,Galaxy Cinema Mipec Long Biên,,2026-10-07T11:00:00.000Z,2026-10-07T13:15:00.000Z,TWO_D,Phụ Đề,2D Phụ Đề,SCHEDULED,MOCK,2026-10-05T14:56:14.618Z
532eea8613bf631ebecf445e8df8b05a490def56,trai-buon-nguoi,name:galaxy-cinema-mipec-long-bien,Galaxy Cinema Mipec Long Biên,,2026-10-07T11:30:00.000Z,2026-10-07T13:45:00.000Z,TWO_D,Phụ Đề,2D Phụ Đề,SCHEDULED,MOCK,2026-10-05T14:56:14.618Z
d848dfb6ccc8c57abdfecee7532663de6fb4f98d,trai-buon-nguoi,name:galaxy-cinema-mipec-long-bien,Galaxy Cinema Mipec Long Biên,,2026-10-07T12:00:00.000Z,2026-10-07T14:15:00.000Z,TWO_D,Phụ Đề,2D Phụ Đề,SCHEDULED,MOCK,2026-10-05T14:56:14.618Z
cbb13bfb8a74a2d941e2b8473a6b7ce869bc41b8,trai-buon-nguoi,name:galaxy-cinema-mipec-long-bien,Galaxy Cinema Mipec Long Biên,,2026-10-07T12:30:00.000Z,2026-10-07T14:45:00.000Z,TWO_D,Phụ Đề,2D Phụ Đề,SCHEDULED,MOCK,2026-10-05T14:56:14.618Z
5bedaa764b882157cdea2290eb4516fce4993cfa,trai-buon-nguoi,name:galaxy-cinema-mipec-long-bien,Galaxy Cinema Mipec Long Biên,,2026-10-07T12:45:00.000Z,2026-10-07T15:00:00.000Z,TWO_D,Phụ Đề,2D Phụ Đề,SCHEDULED,MOCK,2026-10-05T14:56:14.618Z
00faeb3150c502153de539b110d09a00b275080a,trai-buon-nguoi,name:galaxy-cinema-mipec-long-bien,Galaxy Cinema Mipec Long Biên,,2026-10-07T13:00:00.000Z,2026-10-07T15:15:00.000Z,TWO_D,Phụ Đề,2D Phụ Đề,SCHEDULED,MOCK,2026-10-05T14:56:14.618Z
4db200774edb4e1ccb6541300f5c35552f64e79e,trai-buon-nguoi,name:galaxy-cinema-mipec-long-bien,Galaxy Cinema Mipec Long Biên,,2026-10-07T13:30:00.000Z,2026-10-07T15:45:00.000Z,TWO_D,Phụ Đề,2D Phụ Đề,SCHEDULED,MOCK,2026-10-05T14:56:14.618Z
be89760469a5afd8215023963af75580769c42f4,trai-buon-nguoi,name:galaxy-cinema-mipec-long-bien,Galaxy Cinema Mipec Long Biên,,2026-10-07T13:45:00.000Z,2026-10-07T16:00:00.000Z,TWO_D,Phụ Đề,2D Phụ Đề,SCHEDULED,MOCK,2026-10-05T14:56:14.618Z
edb25ef26eb01f6ed86619c2717b1725935c6dd4,trai-buon-nguoi,name:galaxy-cinema-mipec-long-bien,Galaxy Cinema Mipec Long Biên,,2026-10-07T14:00:00.000Z,2026-10-07T16:15:00.000Z,TWO_D,Phụ Đề,2D Phụ Đề,SCHEDULED,MOCK,2026-10-05T14:56:14.618Z
eb33281ee7e15d10f7f3d0992e91b4c1752be5a6,trai-buon-nguoi,name:galaxy-cinema-mipec-long-bien,Galaxy Cinema Mipec Long Biên,,2026-10-07T14:30:00.000Z,2026-10-07T16:45:00.000Z,TWO_D,Phụ Đề,2D Phụ Đề,SCHEDULED,MOCK,2026-10-05T14:56:14.618Z
85987f87d2f703e514d3e094494dabce1b93589d,trai-buon-nguoi,name:galaxy-cinema-mipec-long-bien,Galaxy Cinema Mipec Long Biên,,2026-10-07T15:00:00.000Z,2026-10-07T17:15:00.000Z,TWO_D,Phụ Đề,2D Phụ Đề,SCHEDULED,MOCK,2026-10-05T14:56:14.618Z
748c997e0cdd7688683495ef2b9228dcf836da66,trai-buon-nguoi,name:galaxy-cinema-mipec-long-bien,Galaxy Cinema Mipec Long Biên,,2026-10-07T15:30:00.000Z,2026-10-07T17:45:00.000Z,TWO_D,Phụ Đề,2D Phụ Đề,SCHEDULED,MOCK,2026-10-05T14:56:14.618Z
cebd6144c83f1c7b4561b3e5f9f8b2547ba51a96,trai-buon-nguoi,name:galaxy-cinema-aeon-mall-hue,Galaxy Cinema AEON Mall Huế,,2026-10-07T03:15:00.000Z,2026-10-07T05:30:00.000Z,TWO_D,Phụ Đề,2D Phụ Đề,SCHEDULED,MOCK,2026-10-05T14:56:14.618Z
92a29908432e82903632a46ede9a20bbcaccdcd5,trai-buon-nguoi,name:galaxy-cinema-aeon-mall-hue,Galaxy Cinema AEON Mall Huế,,2026-10-07T04:00:00.000Z,2026-10-07T06:15:00.000Z,TWO_D,Phụ Đề,2D Phụ Đề,SCHEDULED,MOCK,2026-10-05T14:56:14.618Z
61b976823f5ffe2760abc4ede149577caf29c627,trai-buon-nguoi,name:galaxy-cinema-aeon-mall-hue,Galaxy Cinema AEON Mall Huế,,2026-10-07T04:45:00.000Z,2026-10-07T07:00:00.000Z,TWO_D,Phụ Đề,2D Phụ Đề,SCHEDULED,MOCK,2026-10-05T14:56:14.618Z
a4e4add52ab043c4694fbbc4b445521d66364971,trai-buon-nguoi,name:galaxy-cinema-aeon-mall-hue,Galaxy Cinema AEON Mall Huế,,2026-10-07T05:30:00.000Z,2026-10-07T07:45:00.000Z,TWO_D,Phụ Đề,2D Phụ Đề,SCHEDULED,MOCK,2026-10-05T14:56:14.618Z
c371828712146c232614845d4858170bbb68fb40,trai-buon-nguoi,name:galaxy-cinema-aeon-mall-hue,Galaxy Cinema AEON Mall Huế,,2026-10-07T06:00:00.000Z,2026-10-07T08:15:00.000Z,TWO_D,Phụ Đề,2D Phụ Đề,SCHEDULED,MOCK,2026-10-05T14:56:14.618Z
685b7da204f6b17ebab861c6cf3cd4238ab35cf5,trai-buon-nguoi,name:galaxy-cinema-aeon-mall-hue,Galaxy Cinema AEON Mall Huế,,2026-10-07T06:45:00.000Z,2026-10-07T09:00:00.000Z,TWO_D,Phụ Đề,2D Phụ Đề,SCHEDULED,MOCK,2026-10-05T14:56:14.618Z
256d6fb01232f460bfa12b9dd5f9a302bd25fd9b,trai-buon-nguoi,name:galaxy-cinema-aeon-mall-hue,Galaxy Cinema AEON Mall Huế,,2026-10-07T07:30:00.000Z,2026-10-07T09:45:00.000Z,TWO_D,Phụ Đề,2D Phụ Đề,SCHEDULED,MOCK,2026-10-05T14:56:14.618Z
5af86fbbcb8a13e6f34f661abd78f28d3145c7b8,trai-buon-nguoi,name:galaxy-cinema-aeon-mall-hue,Galaxy Cinema AEON Mall Huế,,2026-10-07T08:00:00.000Z,2026-10-07T10:15:00.000Z,TWO_D,Phụ Đề,2D Phụ Đề,SCHEDULED,MOCK,2026-10-05T14:56:14.618Z
79ede3c0423b5a86d286a89dcc09494331ef4aa4,trai-buon-nguoi,name:galaxy-cinema-aeon-mall-hue,Galaxy Cinema AEON Mall Huế,,2026-10-07T08:45:00.000Z,2026-10-07T11:00:00.000Z,TWO_D,Phụ Đề,2D Phụ Đề,SCHEDULED,MOCK,2026-10-05T14:56:14.618Z
71e7ef4029ed7e1ce81b800693a372313fe34e30,trai-buon-nguoi,name:galaxy-cinema-aeon-mall-hue,Galaxy Cinema AEON Mall Huế,,2026-10-07T09:30:00.000Z,2026-10-07T11:45:00.000Z,TWO_D,Phụ Đề,2D Phụ Đề,SCHEDULED,MOCK,2026-10-05T14:56:14.618Z
3f1364063bdc3dc49bc8b32eb208182d02e96682,trai-buon-nguoi,name:galaxy-cinema-aeon-mall-hue,Galaxy Cinema AEON Mall Huế,,2026-10-07T10:00:00.000Z,2026-10-07T12:15:00.000Z,TWO_D,Phụ Đề,2D Phụ Đề,SCHEDULED,MOCK,2026-10-05T14:56:14.618Z
de369d2b50f7872546e1887460c3e60046952fce,trai-buon-nguoi,name:galaxy-cinema-aeon-mall-hue,Galaxy Cinema AEON Mall Huế,,2026-10-07T10:45:00.000Z,2026-10-07T13:00:00.000Z,TWO_D,Phụ Đề,2D Phụ Đề,SCHEDULED,MOCK,2026-10-05T14:56:14.618Z
5a0c903f53687f70eb5f2ffbbe7b2375ebf684d9,trai-buon-nguoi,name:galaxy-cinema-aeon-mall-hue,Galaxy Cinema AEON Mall Huế,,2026-10-07T11:15:00.000Z,2026-10-07T13:30:00.000Z,TWO_D,Phụ Đề,2D Phụ Đề,SCHEDULED,MOCK,2026-10-05T14:56:14.618Z
7f3cc5acf4e581d33d9a9e7d5887c6e2da09fc08,trai-buon-nguoi,name:galaxy-cinema-aeon-mall-hue,Galaxy Cinema AEON Mall Huế,,2026-10-07T12:00:00.000Z,2026-10-07T14:15:00.000Z,TWO_D,Phụ Đề,2D Phụ Đề,SCHEDULED,MOCK,2026-10-05T14:56:14.618Z
67d73b3362974108e48d8fe2741687e7afe95c63,trai-buon-nguoi,name:galaxy-cinema-aeon-mall-hue,Galaxy Cinema AEON Mall Huế,,2026-10-07T12:30:00.000Z,2026-10-07T14:45:00.000Z,TWO_D,Phụ Đề,2D Phụ Đề,SCHEDULED,MOCK,2026-10-05T14:56:14.618Z
a58fdd21ee925da7aaa11545e7011b96ded17f74,trai-buon-nguoi,name:galaxy-cinema-aeon-mall-hue,Galaxy Cinema AEON Mall Huế,,2026-10-07T12:45:00.000Z,2026-10-07T15:00:00.000Z,TWO_D,Phụ Đề,2D Phụ Đề,SCHEDULED,MOCK,2026-10-05T14:56:14.619Z
56a6c0e102f9f2260d4eb5d33fec00f723b9bfa7,trai-buon-nguoi,name:galaxy-cinema-aeon-mall-hue,Galaxy Cinema AEON Mall Huế,,2026-10-07T13:15:00.000Z,2026-10-07T15:30:00.000Z,TWO_D,Phụ Đề,2D Phụ Đề,SCHEDULED,MOCK,2026-10-05T14:56:14.619Z
c7a3ea74f2786e181a44934c26a04c81bafac4cb,trai-buon-nguoi,name:galaxy-cinema-aeon-mall-hue,Galaxy Cinema AEON Mall Huế,,2026-10-07T13:45:00.000Z,2026-10-07T16:00:00.000Z,TWO_D,Phụ Đề,2D Phụ Đề,SCHEDULED,MOCK,2026-10-05T14:56:14.619Z
dd13b42c591c3b4eade378c341be82b61c583f60,trai-buon-nguoi,name:galaxy-cinema-aeon-mall-hue,Galaxy Cinema AEON Mall Huế,,2026-10-07T14:30:00.000Z,2026-10-07T16:45:00.000Z,TWO_D,Phụ Đề,2D Phụ Đề,SCHEDULED,MOCK,2026-10-05T14:56:14.619Z
9772f5f50a90026e337c3c50353d79224726e62d,trai-buon-nguoi,name:galaxy-cinema-aeon-mall-hue,Galaxy Cinema AEON Mall Huế,,2026-10-07T15:00:00.000Z,2026-10-07T17:15:00.000Z,TWO_D,Phụ Đề,2D Phụ Đề,SCHEDULED,MOCK,2026-10-05T14:56:14.619Z
2f6a49b211d3ad6fd7630f236ff43e9a6391768b,trai-buon-nguoi,galaxy-huynh-tan-phat,Galaxy Cinema Coop Huỳnh Tấn Phát,,2026-10-07T03:30:00.000Z,2026-10-07T05:45:00.000Z,TWO_D,Phụ Đề,2D Phụ Đề,SCHEDULED,MOCK,2026-10-05T14:56:14.619Z
f53738be890463df80d9651676c86dee70d7c643,trai-buon-nguoi,galaxy-huynh-tan-phat,Galaxy Cinema Coop Huỳnh Tấn Phát,,2026-10-07T04:15:00.000Z,2026-10-07T06:30:00.000Z,TWO_D,Phụ Đề,2D Phụ Đề,SCHEDULED,MOCK,2026-10-05T14:56:14.619Z
0b777a443e147bf8b3cad9b3ca98521b3f332b91,trai-buon-nguoi,galaxy-huynh-tan-phat,Galaxy Cinema Coop Huỳnh Tấn Phát,,2026-10-07T05:15:00.000Z,2026-10-07T07:30:00.000Z,TWO_D,Phụ Đề,2D Phụ Đề,SCHEDULED,MOCK,2026-10-05T14:56:14.619Z
8713351628f14160e2aa12d8001ccb619c2af34f,trai-buon-nguoi,galaxy-huynh-tan-phat,Galaxy Cinema Coop Huỳnh Tấn Phát,,2026-10-07T06:15:00.000Z,2026-10-07T08:30:00.000Z,TWO_D,Phụ Đề,2D Phụ Đề,SCHEDULED,MOCK,2026-10-05T14:56:14.619Z
bac578920b079e04ae6eb52626058359f7c092a3,trai-buon-nguoi,galaxy-huynh-tan-phat,Galaxy Cinema Coop Huỳnh Tấn Phát,,2026-10-07T07:00:00.000Z,2026-10-07T09:15:00.000Z,TWO_D,Phụ Đề,2D Phụ Đề,SCHEDULED,MOCK,2026-10-05T14:56:14.619Z
6a75746e05167c7b8095ff89441caaccd0e2ca8e,trai-buon-nguoi,galaxy-huynh-tan-phat,Galaxy Cinema Coop Huỳnh Tấn Phát,,2026-10-07T08:00:00.000Z,2026-10-07T10:15:00.000Z,TWO_D,Phụ Đề,2D Phụ Đề,SCHEDULED,MOCK,2026-10-05T14:56:14.619Z
4cec86c9de6916079940d96c5b878fa84e7c2232,trai-buon-nguoi,galaxy-huynh-tan-phat,Galaxy Cinema Coop Huỳnh Tấn Phát,,2026-10-07T08:45:00.000Z,2026-10-07T11:00:00.000Z,TWO_D,Phụ Đề,2D Phụ Đề,SCHEDULED,MOCK,2026-10-05T14:56:14.619Z
b25ce9ebef0224f9694fd34256cbf60f10e11166,trai-buon-nguoi,galaxy-huynh-tan-phat,Galaxy Cinema Coop Huỳnh Tấn Phát,,2026-10-07T09:30:00.000Z,2026-10-07T11:45:00.000Z,TWO_D,Phụ Đề,2D Phụ Đề,SCHEDULED,MOCK,2026-10-05T14:56:14.619Z
5926f7ed0cc3ef930b2111c4c5403c405fd2fac2,trai-buon-nguoi,galaxy-huynh-tan-phat,Galaxy Cinema Coop Huỳnh Tấn Phát,,2026-10-07T10:00:00.000Z,2026-10-07T12:15:00.000Z,TWO_D,Phụ Đề,2D Phụ Đề,SCHEDULED,MOCK,2026-10-05T14:56:14.619Z
bf78eb87423c8d729c46b298c9868c9695fa965b,trai-buon-nguoi,galaxy-huynh-tan-phat,Galaxy Cinema Coop Huỳnh Tấn Phát,,2026-10-07T10:30:00.000Z,2026-10-07T12:45:00.000Z,TWO_D,Phụ Đề,2D Phụ Đề,SCHEDULED,MOCK,2026-10-05T14:56:14.619Z
a02b148a42d8d49eafecad50eb5c04ba25ffbba7,trai-buon-nguoi,galaxy-huynh-tan-phat,Galaxy Cinema Coop Huỳnh Tấn Phát,,2026-10-07T11:30:00.000Z,2026-10-07T13:45:00.000Z,TWO_D,Phụ Đề,2D Phụ Đề,SCHEDULED,MOCK,2026-10-05T14:56:14.619Z
4e394013886105bcef6a008bddbb7586089925d1,trai-buon-nguoi,galaxy-huynh-tan-phat,Galaxy Cinema Coop Huỳnh Tấn Phát,,2026-10-07T12:00:00.000Z,2026-10-07T14:15:00.000Z,TWO_D,Phụ Đề,2D Phụ Đề,SCHEDULED,MOCK,2026-10-05T14:56:14.619Z
5adf056c0152cd8714a563edb488e173a795b910,trai-buon-nguoi,galaxy-huynh-tan-phat,Galaxy Cinema Coop Huỳnh Tấn Phát,,2026-10-07T12:30:00.000Z,2026-10-07T14:45:00.000Z,TWO_D,Phụ Đề,2D Phụ Đề,SCHEDULED,MOCK,2026-10-05T14:56:14.619Z
82ef628802f2db5ff609c6e526abdec7e4138e14,trai-buon-nguoi,galaxy-huynh-tan-phat,Galaxy Cinema Coop Huỳnh Tấn Phát,,2026-10-07T13:00:00.000Z,2026-10-07T15:15:00.000Z,TWO_D,Phụ Đề,2D Phụ Đề,SCHEDULED,MOCK,2026-10-05T14:56:14.619Z
dee138c1ffc652a879d489ec7c3a3a5f8646394b,trai-buon-nguoi,galaxy-huynh-tan-phat,Galaxy Cinema Coop Huỳnh Tấn Phát,,2026-10-07T13:15:00.000Z,2026-10-07T15:30:00.000Z,TWO_D,Phụ Đề,2D Phụ Đề,SCHEDULED,MOCK,2026-10-05T14:56:14.619Z
9d2cbf2bbf9ad77c5d44b674cb3e02460e6bf4c4,trai-buon-nguoi,galaxy-huynh-tan-phat,Galaxy Cinema Coop Huỳnh Tấn Phát,,2026-10-07T14:00:00.000Z,2026-10-07T16:15:00.000Z,TWO_D,Phụ Đề,2D Phụ Đề,SCHEDULED,MOCK,2026-10-05T14:56:14.619Z
1a6ac7a03fd546412c02202e31f9e553e27efd26,trai-buon-nguoi,galaxy-huynh-tan-phat,Galaxy Cinema Coop Huỳnh Tấn Phát,,2026-10-07T14:30:00.000Z,2026-10-07T16:45:00.000Z,TWO_D,Phụ Đề,2D Phụ Đề,SCHEDULED,MOCK,2026-10-05T14:56:14.619Z
bcc0a0da8a152dff408a068cd83cade534efe85f,trai-buon-nguoi,galaxy-huynh-tan-phat,Galaxy Cinema Coop Huỳnh Tấn Phát,,2026-10-07T15:30:00.000Z,2026-10-07T17:45:00.000Z,TWO_D,Phụ Đề,2D Phụ Đề,SCHEDULED,MOCK,2026-10-05T14:56:14.619Z
611dc58ad83396d9fc3f9a0ff7265dc97bb7d7de,trai-buon-nguoi,name:galaxy-cinema-city-hub-vinh,Galaxy Cinema City HUB Vinh,,2026-10-07T03:45:00.000Z,2026-10-07T06:00:00.000Z,TWO_D,Phụ Đề,2D Phụ Đề,SCHEDULED,MOCK,2026-10-05T14:56:14.619Z
2ffde6db8cec70d967570f2cb185238c6edb6bf9,trai-buon-nguoi,name:galaxy-cinema-city-hub-vinh,Galaxy Cinema City HUB Vinh,,2026-10-07T04:30:00.000Z,2026-10-07T06:45:00.000Z,TWO_D,Phụ Đề,2D Phụ Đề,SCHEDULED,MOCK,2026-10-05T14:56:14.619Z
06a0ed7b8aab4469ba39736a4ec065c6a2794f18,trai-buon-nguoi,name:galaxy-cinema-city-hub-vinh,Galaxy Cinema City HUB Vinh,,2026-10-07T06:15:00.000Z,2026-10-07T08:30:00.000Z,TWO_D,Phụ Đề,2D Phụ Đề,SCHEDULED,MOCK,2026-10-05T14:56:14.619Z
222080bf97b6a753a3342495c40405be105b965f,trai-buon-nguoi,name:galaxy-cinema-city-hub-vinh,Galaxy Cinema City HUB Vinh,,2026-10-07T07:00:00.000Z,2026-10-07T09:15:00.000Z,TWO_D,Phụ Đề,2D Phụ Đề,SCHEDULED,MOCK,2026-10-05T14:56:14.619Z
ff5ac70ffbd6b104eb108c134a77f9e689b506c8,trai-buon-nguoi,name:galaxy-cinema-city-hub-vinh,Galaxy Cinema City HUB Vinh,,2026-10-07T07:45:00.000Z,2026-10-07T10:00:00.000Z,TWO_D,Phụ Đề,2D Phụ Đề,SCHEDULED,MOCK,2026-10-05T14:56:14.619Z
71113982dc2e5b0692b6fd2a41d0f0cc39f65661,trai-buon-nguoi,name:galaxy-cinema-city-hub-vinh,Galaxy Cinema City HUB Vinh,,2026-10-07T08:45:00.000Z,2026-10-07T11:00:00.000Z,TWO_D,Phụ Đề,2D Phụ Đề,SCHEDULED,MOCK,2026-10-05T14:56:14.619Z
0db6ade5b92f4e80f845b569b438a810df5e9bbb,trai-buon-nguoi,name:galaxy-cinema-city-hub-vinh,Galaxy Cinema City HUB Vinh,,2026-10-07T09:30:00.000Z,2026-10-07T11:45:00.000Z,TWO_D,Phụ Đề,2D Phụ Đề,SCHEDULED,MOCK,2026-10-05T14:56:14.619Z
738efd1c0524ec0689db937dde404b279152f685,trai-buon-nguoi,name:galaxy-cinema-city-hub-vinh,Galaxy Cinema City HUB Vinh,,2026-10-07T10:15:00.000Z,2026-10-07T12:30:00.000Z,TWO_D,Phụ Đề,2D Phụ Đề,SCHEDULED,MOCK,2026-10-05T14:56:14.619Z
a837612c902935c4c4cc02c81a2717634fa7d4fb,trai-buon-nguoi,name:galaxy-cinema-city-hub-vinh,Galaxy Cinema City HUB Vinh,,2026-10-07T11:15:00.000Z,2026-10-07T13:30:00.000Z,TWO_D,Phụ Đề,2D Phụ Đề,SCHEDULED,MOCK,2026-10-05T14:56:14.620Z
c58331577958f00b243fa992bcd62e7155a1aca4,trai-buon-nguoi,name:galaxy-cinema-city-hub-vinh,Galaxy Cinema City HUB Vinh,,2026-10-07T12:00:00.000Z,2026-10-07T14:15:00.000Z,TWO_D,Phụ Đề,2D Phụ Đề,SCHEDULED,MOCK,2026-10-05T14:56:14.620Z
31b4d4b86dbf2bb54256669d5130484555edd82a,trai-buon-nguoi,name:galaxy-cinema-city-hub-vinh,Galaxy Cinema City HUB Vinh,,2026-10-07T12:45:00.000Z,2026-10-07T15:00:00.000Z,TWO_D,Phụ Đề,2D Phụ Đề,SCHEDULED,MOCK,2026-10-05T14:56:14.620Z
33dab56d32701d4eb3c8fd9568f99510c47eafff,trai-buon-nguoi,name:galaxy-cinema-city-hub-vinh,Galaxy Cinema City HUB Vinh,,2026-10-07T13:00:00.000Z,2026-10-07T15:15:00.000Z,TWO_D,Phụ Đề,2D Phụ Đề,SCHEDULED,MOCK,2026-10-05T14:56:14.620Z
7b567639a733b5ecbecff1f6af6d0c8e564628df,trai-buon-nguoi,name:galaxy-cinema-city-hub-vinh,Galaxy Cinema City HUB Vinh,,2026-10-07T13:45:00.000Z,2026-10-07T16:00:00.000Z,TWO_D,Phụ Đề,2D Phụ Đề,SCHEDULED,MOCK,2026-10-05T14:56:14.620Z
685c2b1b369d47f66121deef2d60a0ac4f9e92b8,trai-buon-nguoi,name:galaxy-cinema-city-hub-vinh,Galaxy Cinema City HUB Vinh,,2026-10-07T14:30:00.000Z,2026-10-07T16:45:00.000Z,TWO_D,Phụ Đề,2D Phụ Đề,SCHEDULED,MOCK,2026-10-05T14:56:14.620Z
49273eb6cbc4ecd2065ab51edb445739e780cd2c,trai-buon-nguoi,name:galaxy-cinema-city-hub-vinh,Galaxy Cinema City HUB Vinh,,2026-10-07T15:15:00.000Z,2026-10-07T17:30:00.000Z,TWO_D,Phụ Đề,2D Phụ Đề,SCHEDULED,MOCK,2026-10-05T14:56:14.620Z
e1dad1065a756052abe63284f44205e478ba2b71,trai-buon-nguoi,name:galaxy-cinema-city-hub-vinh,Galaxy Cinema City HUB Vinh,,2026-10-07T15:30:00.000Z,2026-10-07T17:45:00.000Z,TWO_D,Phụ Đề,2D Phụ Đề,SCHEDULED,MOCK,2026-10-05T14:56:14.620Z
a8348991bcec69849ed3d76c85f3c4c1171608bd,trai-buon-nguoi,name:galaxy-cinex-hanoi-centre,Galaxy CineX Hanoi Centre,,2026-10-08T02:45:00.000Z,2026-10-08T05:00:00.000Z,TWO_D,,,SCHEDULED,MOCK,2026-10-05T14:56:15.646Z
29261b6b8340742f2954dab88207de43a504d381,trai-buon-nguoi,name:galaxy-cinex-hanoi-centre,Galaxy CineX Hanoi Centre,,2026-10-08T05:15:00.000Z,2026-10-08T07:30:00.000Z,TWO_D,,,SCHEDULED,MOCK,2026-10-05T14:56:15.646Z
edd72e1bd5c7367f199737748a015114e07ea9e7,trai-buon-nguoi,name:galaxy-cinex-hanoi-centre,Galaxy CineX Hanoi Centre,,2026-10-08T13:45:00.000Z,2026-10-08T16:00:00.000Z,TWO_D,,,SCHEDULED,MOCK,2026-10-05T14:56:15.646Z
3279f697f696e9d15b5c64bee772239198a537c2,trai-buon-nguoi,name:galaxy-cinex-hanoi-centre,Galaxy CineX Hanoi Centre,,2026-10-08T03:30:00.000Z,2026-10-08T05:45:00.000Z,TWO_D,Phụ Đề,2D Phụ Đề,SCHEDULED,MOCK,2026-10-05T14:56:15.646Z
810685a1226da356ce2f1a1ea3887325b845b1ea,trai-buon-nguoi,name:galaxy-cinex-hanoi-centre,Galaxy CineX Hanoi Centre,,2026-10-08T04:30:00.000Z,2026-10-08T06:45:00.000Z,TWO_D,Phụ Đề,2D Phụ Đề,SCHEDULED,MOCK,2026-10-05T14:56:15.646Z
eddeaccfb1dfa9412d63e05ba73d5ec57279b180,trai-buon-nguoi,name:galaxy-cinex-hanoi-centre,Galaxy CineX Hanoi Centre,,2026-10-08T06:00:00.000Z,2026-10-08T08:15:00.000Z,TWO_D,Phụ Đề,2D Phụ Đề,SCHEDULED,MOCK,2026-10-05T14:56:15.646Z
aab32b89ca8e826b10acc49bc2402a09846648f8,trai-buon-nguoi,name:galaxy-cinex-hanoi-centre,Galaxy CineX Hanoi Centre,,2026-10-08T07:00:00.000Z,2026-10-08T09:15:00.000Z,TWO_D,Phụ Đề,2D Phụ Đề,SCHEDULED,MOCK,2026-10-05T14:56:15.646Z
2c17885172cd790e558dacc7ac438f24b25afec0,trai-buon-nguoi,name:galaxy-cinex-hanoi-centre,Galaxy CineX Hanoi Centre,,2026-10-08T08:30:00.000Z,2026-10-08T10:45:00.000Z,TWO_D,Phụ Đề,2D Phụ Đề,SCHEDULED,MOCK,2026-10-05T14:56:15.646Z
5246724ac3ac74713f0b1737e33f7199ae094e84,trai-buon-nguoi,name:galaxy-cinex-hanoi-centre,Galaxy CineX Hanoi Centre,,2026-10-08T09:30:00.000Z,2026-10-08T11:45:00.000Z,TWO_D,Phụ Đề,2D Phụ Đề,SCHEDULED,MOCK,2026-10-05T14:56:15.646Z
aabf9cb3b3250e6d5381f2e4add4769634867e97,trai-buon-nguoi,name:galaxy-cinex-hanoi-centre,Galaxy CineX Hanoi Centre,,2026-10-08T11:00:00.000Z,2026-10-08T13:15:00.000Z,TWO_D,Phụ Đề,2D Phụ Đề,SCHEDULED,MOCK,2026-10-05T14:56:15.646Z
d2f2fcdea7819d14bfd6f3902b2e43efdac25674,trai-buon-nguoi,name:galaxy-cinex-hanoi-centre,Galaxy CineX Hanoi Centre,,2026-10-08T12:00:00.000Z,2026-10-08T14:15:00.000Z,TWO_D,Phụ Đề,2D Phụ Đề,SCHEDULED,MOCK,2026-10-05T14:56:15.646Z
cc3e7062dbc583553da4c16d84c5175dafde1480,trai-buon-nguoi,name:galaxy-cinex-hanoi-centre,Galaxy CineX Hanoi Centre,,2026-10-08T13:30:00.000Z,2026-10-08T15:45:00.000Z,TWO_D,Phụ Đề,2D Phụ Đề,SCHEDULED,MOCK,2026-10-05T14:56:15.646Z
573c4328137ea78320b69a3ffe861ba3db5abae4,trai-buon-nguoi,name:galaxy-cinex-hanoi-centre,Galaxy CineX Hanoi Centre,,2026-10-08T14:30:00.000Z,2026-10-08T16:45:00.000Z,TWO_D,Phụ Đề,2D Phụ Đề,SCHEDULED,MOCK,2026-10-05T14:56:15.646Z
4fe98eb553d07e3820fdcd04d128e04e5198f320,trai-buon-nguoi,name:galaxy-cinex-hanoi-centre,Galaxy CineX Hanoi Centre,,2026-10-08T16:00:00.000Z,2026-10-08T18:15:00.000Z,TWO_D,Phụ Đề,2D Phụ Đề,SCHEDULED,MOCK,2026-10-05T14:56:15.646Z
cda601b12d1088a42c63260e0562ff6c08ceae78,trai-buon-nguoi,name:galaxy-cinex-hanoi-centre,Galaxy CineX Hanoi Centre,,2026-10-08T04:00:00.000Z,2026-10-08T06:15:00.000Z,TWO_D,Phụ Đề,2D Phụ Đề,SCHEDULED,MOCK,2026-10-05T14:56:15.646Z
0d4f25206b30a2418a33f27af2d47bca93929757,trai-buon-nguoi,name:galaxy-cinex-hanoi-centre,Galaxy CineX Hanoi Centre,,2026-10-08T06:30:00.000Z,2026-10-08T08:45:00.000Z,TWO_D,Phụ Đề,2D Phụ Đề,SCHEDULED,MOCK,2026-10-05T14:56:15.646Z
7787a1f0940c254c295e2b4ad4f37687eee07ded,trai-buon-nguoi,name:galaxy-cinex-hanoi-centre,Galaxy CineX Hanoi Centre,,2026-10-08T09:00:00.000Z,2026-10-08T11:15:00.000Z,TWO_D,Phụ Đề,2D Phụ Đề,SCHEDULED,MOCK,2026-10-05T14:56:15.649Z
edc4a8edeec5023ab18f29ea7921680e9d0c7043,trai-buon-nguoi,name:galaxy-cinex-hanoi-centre,Galaxy CineX Hanoi Centre,,2026-10-08T11:30:00.000Z,2026-10-08T13:45:00.000Z,TWO_D,Phụ Đề,2D Phụ Đề,SCHEDULED,MOCK,2026-10-05T14:56:15.649Z
4a46d3da9943adf3a275d0139e12664413c2f156,trai-buon-nguoi,name:galaxy-cinex-hanoi-centre,Galaxy CineX Hanoi Centre,,2026-10-08T14:00:00.000Z,2026-10-08T16:15:00.000Z,TWO_D,Phụ Đề,2D Phụ Đề,SCHEDULED,MOCK,2026-10-05T14:56:15.649Z
105796f0895886c9f141ac0b51940c20e266e10a,trai-buon-nguoi,name:galaxy-cinex-hanoi-centre,Galaxy CineX Hanoi Centre,,2026-10-08T08:00:00.000Z,2026-10-08T10:15:00.000Z,TWO_D,Phụ Đề,2D Phụ Đề,SCHEDULED,MOCK,2026-10-05T14:56:15.649Z
ad75531eeeb80e380e4c148d60e589b9fbd2a5bd,trai-buon-nguoi,name:galaxy-cinex-hanoi-centre,Galaxy CineX Hanoi Centre,,2026-10-08T10:30:00.000Z,2026-10-08T12:45:00.000Z,TWO_D,Phụ Đề,2D Phụ Đề,SCHEDULED,MOCK,2026-10-05T14:56:15.649Z
3dcfc04213a832466933058e92a4b7e39237e67e,trai-buon-nguoi,name:galaxy-cinex-hanoi-centre,Galaxy CineX Hanoi Centre,,2026-10-08T13:00:00.000Z,2026-10-08T15:15:00.000Z,TWO_D,Phụ Đề,2D Phụ Đề,SCHEDULED,MOCK,2026-10-05T14:56:15.649Z
6af2013fc5609d1be61fd8e8efcf64b03a8b5b9d,trai-buon-nguoi,name:galaxy-cinex-hanoi-centre,Galaxy CineX Hanoi Centre,,2026-10-08T15:30:00.000Z,2026-10-08T17:45:00.000Z,TWO_D,Phụ Đề,2D Phụ Đề,SCHEDULED,MOCK,2026-10-05T14:56:15.649Z
c69b50239193c67a0b65795532a25f55c1428d63,trai-buon-nguoi,galaxy-sala,Galaxy CineX Thiso Mall Sala,,2026-10-08T03:15:00.000Z,2026-10-08T05:30:00.000Z,TWO_D,Phụ Đề,2D Phụ Đề,SCHEDULED,MOCK,2026-10-05T14:56:15.649Z
0767289b52e08c984a7ca7f9915271f669fb1d58,trai-buon-nguoi,galaxy-sala,Galaxy CineX Thiso Mall Sala,,2026-10-08T05:45:00.000Z,2026-10-08T08:00:00.000Z,TWO_D,Phụ Đề,2D Phụ Đề,SCHEDULED,MOCK,2026-10-05T14:56:15.649Z
961d5d5ea0371bfb4eb73961868fae3fe12c714f,trai-buon-nguoi,galaxy-sala,Galaxy CineX Thiso Mall Sala,,2026-10-08T08:15:00.000Z,2026-10-08T10:30:00.000Z,TWO_D,Phụ Đề,2D Phụ Đề,SCHEDULED,MOCK,2026-10-05T14:56:15.649Z
99b3b73f4f75b13f3f368122373de7bbe6cf1811,trai-buon-nguoi,galaxy-sala,Galaxy CineX Thiso Mall Sala,,2026-10-08T10:45:00.000Z,2026-10-08T13:00:00.000Z,TWO_D,Phụ Đề,2D Phụ Đề,SCHEDULED,MOCK,2026-10-05T14:56:15.649Z
50ce41e2fcc06d8c98834c41253e2f12669ad51f,trai-buon-nguoi,galaxy-sala,Galaxy CineX Thiso Mall Sala,,2026-10-08T13:15:00.000Z,2026-10-08T15:30:00.000Z,TWO_D,Phụ Đề,2D Phụ Đề,SCHEDULED,MOCK,2026-10-05T14:56:15.649Z
f646547fa386a13e645414035f35f16196275b4f,trai-buon-nguoi,galaxy-sala,Galaxy CineX Thiso Mall Sala,,2026-10-08T15:45:00.000Z,2026-10-08T18:00:00.000Z,TWO_D,Phụ Đề,2D Phụ Đề,SCHEDULED,MOCK,2026-10-05T14:56:15.649Z
feb1f8a5f60d9a4ea9dc3c5d8ef6e4f1ebd7f43a,trai-buon-nguoi,galaxy-sala,Galaxy CineX Thiso Mall Sala,,2026-10-08T04:15:00.000Z,2026-10-08T06:30:00.000Z,TWO_D,Phụ Đề,2D Phụ Đề,SCHEDULED,MOCK,2026-10-05T14:56:15.649Z
040a302c0dc3a1d864a67c4365df4b8d0d55375c,trai-buon-nguoi,galaxy-sala,Galaxy CineX Thiso Mall Sala,,2026-10-08T06:45:00.000Z,2026-10-08T09:00:00.000Z,TWO_D,Phụ Đề,2D Phụ Đề,SCHEDULED,MOCK,2026-10-05T14:56:15.649Z
d25461f04261af46fcb41a2bc0dbbf94d94e2821,trai-buon-nguoi,galaxy-sala,Galaxy CineX Thiso Mall Sala,,2026-10-08T09:15:00.000Z,2026-10-08T11:30:00.000Z,TWO_D,Phụ Đề,2D Phụ Đề,SCHEDULED,MOCK,2026-10-05T14:56:15.649Z
f889640b3e22d8323453dba0a69439d9eb29267d,trai-buon-nguoi,galaxy-sala,Galaxy CineX Thiso Mall Sala,,2026-10-08T12:00:00.000Z,2026-10-08T14:15:00.000Z,TWO_D,Phụ Đề,2D Phụ Đề,SCHEDULED,MOCK,2026-10-05T14:56:15.649Z
beb9a437398a49606b3df6dea14207837c7f9442,trai-buon-nguoi,galaxy-sala,Galaxy CineX Thiso Mall Sala,,2026-10-08T14:30:00.000Z,2026-10-08T16:45:00.000Z,TWO_D,Phụ Đề,2D Phụ Đề,SCHEDULED,MOCK,2026-10-05T14:56:15.649Z
b9e5442026c96085c04afebb8969ceb90ffd8857,trai-buon-nguoi,name:galaxy-cinex-aeon-mall-thanh-khe,Galaxy CineX AEON Mall Thanh Khê,,2026-10-08T03:00:00.000Z,2026-10-08T05:15:00.000Z,TWO_D,Phụ Đề,2D Phụ Đề,SCHEDULED,MOCK,2026-10-05T14:56:15.650Z
55c1653a2ea933cb29d21d87d5bc6d870784a6cd,trai-buon-nguoi,name:galaxy-cinex-aeon-mall-thanh-khe,Galaxy CineX AEON Mall Thanh Khê,,2026-10-08T04:30:00.000Z,2026-10-08T06:45:00.000Z,TWO_D,Phụ Đề,2D Phụ Đề,SCHEDULED,MOCK,2026-10-05T14:56:15.650Z
bdb93ac8a66abb413f99fc3ca12dbc69c8d3f615,trai-buon-nguoi,name:galaxy-cinex-aeon-mall-thanh-khe,Galaxy CineX AEON Mall Thanh Khê,,2026-10-08T05:30:00.000Z,2026-10-08T07:45:00.000Z,TWO_D,Phụ Đề,2D Phụ Đề,SCHEDULED,MOCK,2026-10-05T14:56:15.650Z
27bf77cdc141ccc4e05f5bd88b3d9bf245992daf,trai-buon-nguoi,name:galaxy-cinex-aeon-mall-thanh-khe,Galaxy CineX AEON Mall Thanh Khê,,2026-10-08T07:00:00.000Z,2026-10-08T09:15:00.000Z,TWO_D,Phụ Đề,2D Phụ Đề,SCHEDULED,MOCK,2026-10-05T14:56:15.650Z
6869cc79ccb2c73123cf7fafe6f63cfcc86bd77a,trai-buon-nguoi,name:galaxy-cinex-aeon-mall-thanh-khe,Galaxy CineX AEON Mall Thanh Khê,,2026-10-08T08:00:00.000Z,2026-10-08T10:15:00.000Z,TWO_D,Phụ Đề,2D Phụ Đề,SCHEDULED,MOCK,2026-10-05T14:56:15.651Z
de1aedaa8bfc776af573974d92ec7e48fb6b9c62,trai-buon-nguoi,name:galaxy-cinex-aeon-mall-thanh-khe,Galaxy CineX AEON Mall Thanh Khê,,2026-10-08T09:30:00.000Z,2026-10-08T11:45:00.000Z,TWO_D,Phụ Đề,2D Phụ Đề,SCHEDULED,MOCK,2026-10-05T14:56:15.651Z
0ffebd24cfb5cedc48d574ad6908a2e7baa07a51,trai-buon-nguoi,name:galaxy-cinex-aeon-mall-thanh-khe,Galaxy CineX AEON Mall Thanh Khê,,2026-10-08T10:30:00.000Z,2026-10-08T12:45:00.000Z,TWO_D,Phụ Đề,2D Phụ Đề,SCHEDULED,MOCK,2026-10-05T14:56:15.651Z
95652b7168a34b4d2ba94d5f8ad31f131a4a437f,trai-buon-nguoi,name:galaxy-cinex-aeon-mall-thanh-khe,Galaxy CineX AEON Mall Thanh Khê,,2026-10-08T12:00:00.000Z,2026-10-08T14:15:00.000Z,TWO_D,Phụ Đề,2D Phụ Đề,SCHEDULED,MOCK,2026-10-05T14:56:15.651Z
6945f75107c7d76ed9f857df042dfa65a3bf0eec,trai-buon-nguoi,name:galaxy-cinex-aeon-mall-thanh-khe,Galaxy CineX AEON Mall Thanh Khê,,2026-10-08T13:00:00.000Z,2026-10-08T15:15:00.000Z,TWO_D,Phụ Đề,2D Phụ Đề,SCHEDULED,MOCK,2026-10-05T14:56:15.651Z
dc0611364e399066485a6c8f0b52d07fbe133a83,trai-buon-nguoi,name:galaxy-cinex-aeon-mall-thanh-khe,Galaxy CineX AEON Mall Thanh Khê,,2026-10-08T14:30:00.000Z,2026-10-08T16:45:00.000Z,TWO_D,Phụ Đề,2D Phụ Đề,SCHEDULED,MOCK,2026-10-05T14:56:15.652Z
4a6bb362eaa7cfd16d4b994fc3f97b7892f6bd5f,trai-buon-nguoi,name:galaxy-cinex-aeon-mall-thanh-khe,Galaxy CineX AEON Mall Thanh Khê,,2026-10-08T15:30:00.000Z,2026-10-08T17:45:00.000Z,TWO_D,Phụ Đề,2D Phụ Đề,SCHEDULED,MOCK,2026-10-05T14:56:15.652Z
bdef7024813d23b6568883ab663b913503ea0a03,trai-buon-nguoi,name:galaxy-cinex-aeon-mall-thanh-khe,Galaxy CineX AEON Mall Thanh Khê,,2026-10-08T03:45:00.000Z,2026-10-08T06:00:00.000Z,TWO_D,Phụ Đề,2D Phụ Đề,SCHEDULED,MOCK,2026-10-05T14:56:15.652Z
9b92778d2841fd200cfd71b0c49b31623cd58419,trai-buon-nguoi,name:galaxy-cinex-aeon-mall-thanh-khe,Galaxy CineX AEON Mall Thanh Khê,,2026-10-08T06:15:00.000Z,2026-10-08T08:30:00.000Z,TWO_D,Phụ Đề,2D Phụ Đề,SCHEDULED,MOCK,2026-10-05T14:56:15.652Z
aa79cac34b798173cf6deeaaa312ca891272bc6b,trai-buon-nguoi,name:galaxy-cinex-aeon-mall-thanh-khe,Galaxy CineX AEON Mall Thanh Khê,,2026-10-08T08:45:00.000Z,2026-10-08T11:00:00.000Z,TWO_D,Phụ Đề,2D Phụ Đề,SCHEDULED,MOCK,2026-10-05T14:56:15.652Z
be7abc15f2c59f5bcdd8ca3fb755710275d6b868,trai-buon-nguoi,name:galaxy-cinex-aeon-mall-thanh-khe,Galaxy CineX AEON Mall Thanh Khê,,2026-10-08T11:15:00.000Z,2026-10-08T13:30:00.000Z,TWO_D,Phụ Đề,2D Phụ Đề,SCHEDULED,MOCK,2026-10-05T14:56:15.652Z
bb20f1bfdc3dadc040d0d49816643bd31bf46351,trai-buon-nguoi,name:galaxy-cinex-aeon-mall-thanh-khe,Galaxy CineX AEON Mall Thanh Khê,,2026-10-08T13:45:00.000Z,2026-10-08T16:00:00.000Z,TWO_D,Phụ Đề,2D Phụ Đề,SCHEDULED,MOCK,2026-10-05T14:56:15.652Z
b5d3365ff4662cbbee814896aafdaf3ecea8e5e8,trai-buon-nguoi,name:galaxy-cinex-aeon-mall-thanh-khe,Galaxy CineX AEON Mall Thanh Khê,,2026-10-08T10:00:00.000Z,2026-10-08T12:15:00.000Z,TWO_D,Phụ Đề,2D Phụ Đề,SCHEDULED,MOCK,2026-10-05T14:56:15.652Z
c9b2021352b817786ba7d7ad1531dbadbde7c8a5,trai-buon-nguoi,galaxy-cineo-go-an-lac,Galaxy CineO GO! An Lạc,,2026-10-08T03:00:00.000Z,2026-10-08T05:15:00.000Z,TWO_D,Phụ Đề,2D Phụ Đề,SCHEDULED,MOCK,2026-10-05T14:56:15.652Z
cb4d89169aa07f0a16335a51661c25b621c9391e,trai-buon-nguoi,galaxy-cineo-go-an-lac,Galaxy CineO GO! An Lạc,,2026-10-08T03:45:00.000Z,2026-10-08T06:00:00.000Z,TWO_D,Phụ Đề,2D Phụ Đề,SCHEDULED,MOCK,2026-10-05T14:56:15.652Z
a27b16abc9ba419a52408a6e7542b064aaae642b,trai-buon-nguoi,galaxy-cineo-go-an-lac,Galaxy CineO GO! An Lạc,,2026-10-08T04:30:00.000Z,2026-10-08T06:45:00.000Z,TWO_D,Phụ Đề,2D Phụ Đề,SCHEDULED,MOCK,2026-10-05T14:56:15.652Z
d5932188b16354bc5e1b69ac0c6c4ae010dc9089,trai-buon-nguoi,galaxy-cineo-go-an-lac,Galaxy CineO GO! An Lạc,,2026-10-08T05:00:00.000Z,2026-10-08T07:15:00.000Z,TWO_D,Phụ Đề,2D Phụ Đề,SCHEDULED,MOCK,2026-10-05T14:56:15.652Z
4ad7e9fac62a6d28de4b03d412094d9cdc1b1104,trai-buon-nguoi,galaxy-cineo-go-an-lac,Galaxy CineO GO! An Lạc,,2026-10-08T05:45:00.000Z,2026-10-08T08:00:00.000Z,TWO_D,Phụ Đề,2D Phụ Đề,SCHEDULED,MOCK,2026-10-05T14:56:15.652Z
30126f1e99044706e9cfaf0cba9392d14f2f50a8,trai-buon-nguoi,galaxy-cineo-go-an-lac,Galaxy CineO GO! An Lạc,,2026-10-08T06:15:00.000Z,2026-10-08T08:30:00.000Z,TWO_D,Phụ Đề,2D Phụ Đề,SCHEDULED,MOCK,2026-10-05T14:56:15.652Z
2b90d51cbc8630eab0378bec38209f86d6242205,trai-buon-nguoi,galaxy-cineo-go-an-lac,Galaxy CineO GO! An Lạc,,2026-10-08T07:00:00.000Z,2026-10-08T09:15:00.000Z,TWO_D,Phụ Đề,2D Phụ Đề,SCHEDULED,MOCK,2026-10-05T14:56:15.652Z
d1efd27195852077d3f4c4c94b3f6adf5f968243,trai-buon-nguoi,galaxy-cineo-go-an-lac,Galaxy CineO GO! An Lạc,,2026-10-08T07:45:00.000Z,2026-10-08T10:00:00.000Z,TWO_D,Phụ Đề,2D Phụ Đề,SCHEDULED,MOCK,2026-10-05T14:56:15.652Z
8bc3ac1ea3452e6da32f9556c8b859ad9ff22d59,trai-buon-nguoi,galaxy-cineo-go-an-lac,Galaxy CineO GO! An Lạc,,2026-10-08T08:15:00.000Z,2026-10-08T10:30:00.000Z,TWO_D,Phụ Đề,2D Phụ Đề,SCHEDULED,MOCK,2026-10-05T14:56:15.652Z
d9ba298eff8dc8ab8f579d7e597c2189f251bef7,trai-buon-nguoi,galaxy-cineo-go-an-lac,Galaxy CineO GO! An Lạc,,2026-10-08T08:45:00.000Z,2026-10-08T11:00:00.000Z,TWO_D,Phụ Đề,2D Phụ Đề,SCHEDULED,MOCK,2026-10-05T14:56:15.652Z
e81e0f6d41d5eceac68a2df623d6ea81ef071eff,trai-buon-nguoi,galaxy-cineo-go-an-lac,Galaxy CineO GO! An Lạc,,2026-10-08T09:30:00.000Z,2026-10-08T11:45:00.000Z,TWO_D,Phụ Đề,2D Phụ Đề,SCHEDULED,MOCK,2026-10-05T14:56:15.652Z
5c12bc4db7039d1f2e31d997ad371763cd1a86cc,trai-buon-nguoi,galaxy-cineo-go-an-lac,Galaxy CineO GO! An Lạc,,2026-10-08T10:15:00.000Z,2026-10-08T12:30:00.000Z,TWO_D,Phụ Đề,2D Phụ Đề,SCHEDULED,MOCK,2026-10-05T14:56:15.652Z
4aefd74708889101a5f03dae944c86c2cbe043dd,trai-buon-nguoi,galaxy-cineo-go-an-lac,Galaxy CineO GO! An Lạc,,2026-10-08T10:45:00.000Z,2026-10-08T13:00:00.000Z,TWO_D,Phụ Đề,2D Phụ Đề,SCHEDULED,MOCK,2026-10-05T14:56:15.652Z
f57fbbd6582b2c85729861996c2b4c9e7858d0b8,trai-buon-nguoi,galaxy-cineo-go-an-lac,Galaxy CineO GO! An Lạc,,2026-10-08T11:15:00.000Z,2026-10-08T13:30:00.000Z,TWO_D,Phụ Đề,2D Phụ Đề,SCHEDULED,MOCK,2026-10-05T14:56:15.652Z
c8c7b0856514ed294879586bdd4c04a4569fe840,trai-buon-nguoi,galaxy-cineo-go-an-lac,Galaxy CineO GO! An Lạc,,2026-10-08T12:00:00.000Z,2026-10-08T14:15:00.000Z,TWO_D,Phụ Đề,2D Phụ Đề,SCHEDULED,MOCK,2026-10-05T14:56:15.652Z
6880e8ffe21e7b4a05dedbf8579b049173c6f195,trai-buon-nguoi,galaxy-cineo-go-an-lac,Galaxy CineO GO! An Lạc,,2026-10-08T12:45:00.000Z,2026-10-08T15:00:00.000Z,TWO_D,Phụ Đề,2D Phụ Đề,SCHEDULED,MOCK,2026-10-05T14:56:15.652Z
b922fe49e9d6007b29264968e7d37cf04b1d92e4,trai-buon-nguoi,galaxy-cineo-go-an-lac,Galaxy CineO GO! An Lạc,,2026-10-08T13:15:00.000Z,2026-10-08T15:30:00.000Z,TWO_D,Phụ Đề,2D Phụ Đề,SCHEDULED,MOCK,2026-10-05T14:56:15.652Z
23e2acd646db3abab4c1b6cb306b46a3e86f60fb,trai-buon-nguoi,galaxy-cineo-go-an-lac,Galaxy CineO GO! An Lạc,,2026-10-08T13:45:00.000Z,2026-10-08T16:00:00.000Z,TWO_D,Phụ Đề,2D Phụ Đề,SCHEDULED,MOCK,2026-10-05T14:56:15.652Z
e351be0df16574968dc4b319975b0336768c0a62,trai-buon-nguoi,galaxy-cineo-go-an-lac,Galaxy CineO GO! An Lạc,,2026-10-08T14:30:00.000Z,2026-10-08T16:45:00.000Z,TWO_D,Phụ Đề,2D Phụ Đề,SCHEDULED,MOCK,2026-10-05T14:56:15.652Z
a144340efaab986a59d7171b60db7630ac089b32,trai-buon-nguoi,galaxy-cineo-go-an-lac,Galaxy CineO GO! An Lạc,,2026-10-08T15:15:00.000Z,2026-10-08T17:30:00.000Z,TWO_D,Phụ Đề,2D Phụ Đề,SCHEDULED,MOCK,2026-10-05T14:56:15.652Z
726de229ce4f8e4f9d8e786c79c18c627b17442f,trai-buon-nguoi,name:galaxy-cineo-go-ben-tre,Galaxy CineO GO! Bến Tre,,2026-10-08T02:30:00.000Z,2026-10-08T04:45:00.000Z,TWO_D,Phụ Đề,2D Phụ Đề,SCHEDULED,MOCK,2026-10-05T14:56:15.652Z
d51d57480e0910ead216efcfdf819abf35a99aa9,trai-buon-nguoi,name:galaxy-cineo-go-ben-tre,Galaxy CineO GO! Bến Tre,,2026-10-08T03:30:00.000Z,2026-10-08T05:45:00.000Z,TWO_D,Phụ Đề,2D Phụ Đề,SCHEDULED,MOCK,2026-10-05T14:56:15.652Z
cfaa939ee838a723841348d42d19a081dd69a3b7,trai-buon-nguoi,name:galaxy-cineo-go-ben-tre,Galaxy CineO GO! Bến Tre,,2026-10-08T04:15:00.000Z,2026-10-08T06:30:00.000Z,TWO_D,Phụ Đề,2D Phụ Đề,SCHEDULED,MOCK,2026-10-05T14:56:15.652Z
a43ca9897f28719ac27e647ef3cc79aca1a14640,trai-buon-nguoi,name:galaxy-cineo-go-ben-tre,Galaxy CineO GO! Bến Tre,,2026-10-08T05:00:00.000Z,2026-10-08T07:15:00.000Z,TWO_D,Phụ Đề,2D Phụ Đề,SCHEDULED,MOCK,2026-10-05T14:56:15.652Z
b23bdfc4a758d444e130d74c6bb76d601eb701a0,trai-buon-nguoi,name:galaxy-cineo-go-ben-tre,Galaxy CineO GO! Bến Tre,,2026-10-08T06:00:00.000Z,2026-10-08T08:15:00.000Z,TWO_D,Phụ Đề,2D Phụ Đề,SCHEDULED,MOCK,2026-10-05T14:56:15.652Z
988edb6be167efa893dbfdbb2ac20d5a34fdf89f,trai-buon-nguoi,name:galaxy-cineo-go-ben-tre,Galaxy CineO GO! Bến Tre,,2026-10-08T06:45:00.000Z,2026-10-08T09:00:00.000Z,TWO_D,Phụ Đề,2D Phụ Đề,SCHEDULED,MOCK,2026-10-05T14:56:15.652Z
d1f86b99c1079057db585d2363992fca1e9e7a17,trai-buon-nguoi,name:galaxy-cineo-go-ben-tre,Galaxy CineO GO! Bến Tre,,2026-10-08T07:30:00.000Z,2026-10-08T09:45:00.000Z,TWO_D,Phụ Đề,2D Phụ Đề,SCHEDULED,MOCK,2026-10-05T14:56:15.653Z
4e68274526410a6e325c4b3992ae59850b20b17f,trai-buon-nguoi,name:galaxy-cineo-go-ben-tre,Galaxy CineO GO! Bến Tre,,2026-10-08T08:30:00.000Z,2026-10-08T10:45:00.000Z,TWO_D,Phụ Đề,2D Phụ Đề,SCHEDULED,MOCK,2026-10-05T14:56:15.653Z
589330d8b681083919ed4a0b2bfbb14009abad00,trai-buon-nguoi,name:galaxy-cineo-go-ben-tre,Galaxy CineO GO! Bến Tre,,2026-10-08T09:15:00.000Z,2026-10-08T11:30:00.000Z,TWO_D,Phụ Đề,2D Phụ Đề,SCHEDULED,MOCK,2026-10-05T14:56:15.653Z
bdc497c32ffbfb261eccb1eb747c0ff9587e77d6,trai-buon-nguoi,name:galaxy-cineo-go-ben-tre,Galaxy CineO GO! Bến Tre,,2026-10-08T10:00:00.000Z,2026-10-08T12:15:00.000Z,TWO_D,Phụ Đề,2D Phụ Đề,SCHEDULED,MOCK,2026-10-05T14:56:15.653Z
8cbb4fb0578e7f4165bdba11500afebaccc87def,trai-buon-nguoi,name:galaxy-cineo-go-ben-tre,Galaxy CineO GO! Bến Tre,,2026-10-08T10:30:00.000Z,2026-10-08T12:45:00.000Z,TWO_D,Phụ Đề,2D Phụ Đề,SCHEDULED,MOCK,2026-10-05T14:56:15.653Z
35f93c53118138d3176d87ca0dd1873a481bf587,trai-buon-nguoi,name:galaxy-cineo-go-ben-tre,Galaxy CineO GO! Bến Tre,,2026-10-08T11:00:00.000Z,2026-10-08T13:15:00.000Z,TWO_D,Phụ Đề,2D Phụ Đề,SCHEDULED,MOCK,2026-10-05T14:56:15.653Z
6feee726fa4f70f8a1acc0333b853cff73975b96,trai-buon-nguoi,name:galaxy-cineo-go-ben-tre,Galaxy CineO GO! Bến Tre,,2026-10-08T11:45:00.000Z,2026-10-08T14:00:00.000Z,TWO_D,Phụ Đề,2D Phụ Đề,SCHEDULED,MOCK,2026-10-05T14:56:15.653Z
347a5af8af1d069ca74ba90af57974bddf1ea7b1,trai-buon-nguoi,name:galaxy-cineo-go-ben-tre,Galaxy CineO GO! Bến Tre,,2026-10-08T12:30:00.000Z,2026-10-08T14:45:00.000Z,TWO_D,Phụ Đề,2D Phụ Đề,SCHEDULED,MOCK,2026-10-05T14:56:15.653Z
542b61642c73be80a3df94bdb1131947cfd70616,trai-buon-nguoi,name:galaxy-cineo-go-ben-tre,Galaxy CineO GO! Bến Tre,,2026-10-08T13:00:00.000Z,2026-10-08T15:15:00.000Z,TWO_D,Phụ Đề,2D Phụ Đề,SCHEDULED,MOCK,2026-10-05T14:56:15.653Z
ceb31fb632fb039d72e5703f83f75068e58248ef,trai-buon-nguoi,name:galaxy-cineo-go-ben-tre,Galaxy CineO GO! Bến Tre,,2026-10-08T13:30:00.000Z,2026-10-08T15:45:00.000Z,TWO_D,Phụ Đề,2D Phụ Đề,SCHEDULED,MOCK,2026-10-05T14:56:15.653Z
fda32b91f477a7468a940420b112c89e1b7ef59e,trai-buon-nguoi,name:galaxy-cineo-go-ben-tre,Galaxy CineO GO! Bến Tre,,2026-10-08T14:15:00.000Z,2026-10-08T16:30:00.000Z,TWO_D,Phụ Đề,2D Phụ Đề,SCHEDULED,MOCK,2026-10-05T14:56:15.653Z
24cf44c49f529d5ad74887643e22dcbbe003db73,trai-buon-nguoi,name:galaxy-cineo-go-ben-tre,Galaxy CineO GO! Bến Tre,,2026-10-08T15:00:00.000Z,2026-10-08T17:15:00.000Z,TWO_D,Phụ Đề,2D Phụ Đề,SCHEDULED,MOCK,2026-10-05T14:56:15.653Z
d3ba5886d82be66c89fadd1b7a130b345ed22800,trai-buon-nguoi,name:galaxy-cineo-go-ben-tre,Galaxy CineO GO! Bến Tre,,2026-10-08T15:30:00.000Z,2026-10-08T17:45:00.000Z,TWO_D,Phụ Đề,2D Phụ Đề,SCHEDULED,MOCK,2026-10-05T14:56:15.653Z
9ed30c438a08018669ad07d8e9bab259d551059f,trai-buon-nguoi,galaxy-quang-trung,Galaxy CineO Coop Quang Trung,,2026-10-08T02:00:00.000Z,2026-10-08T04:15:00.000Z,TWO_D,Phụ Đề,2D Phụ Đề,SCHEDULED,MOCK,2026-10-05T14:56:15.653Z
8e45457c7a230e463ebe668a02e9ce8c1a0d6251,trai-buon-nguoi,galaxy-quang-trung,Galaxy CineO Coop Quang Trung,,2026-10-08T02:30:00.000Z,2026-10-08T04:45:00.000Z,TWO_D,Phụ Đề,2D Phụ Đề,SCHEDULED,MOCK,2026-10-05T14:56:15.653Z
401a66e64200d92e7fedda8d0f977d68e052bbee,trai-buon-nguoi,galaxy-quang-trung,Galaxy CineO Coop Quang Trung,,2026-10-08T03:15:00.000Z,2026-10-08T05:30:00.000Z,TWO_D,Phụ Đề,2D Phụ Đề,SCHEDULED,MOCK,2026-10-05T14:56:15.653Z
9b915a48132066774605151ede3a85c93681ffd1,trai-buon-nguoi,galaxy-quang-trung,Galaxy CineO Coop Quang Trung,,2026-10-08T03:45:00.000Z,2026-10-08T06:00:00.000Z,TWO_D,Phụ Đề,2D Phụ Đề,SCHEDULED,MOCK,2026-10-05T14:56:15.653Z
1531ceb0ecdd349147eee62165d026de1734847b,trai-buon-nguoi,galaxy-quang-trung,Galaxy CineO Coop Quang Trung,,2026-10-08T04:15:00.000Z,2026-10-08T06:30:00.000Z,TWO_D,Phụ Đề,2D Phụ Đề,SCHEDULED,MOCK,2026-10-05T14:56:15.653Z
95fd8d8e66df33d3a0e493afc33446145c5fd369,trai-buon-nguoi,galaxy-quang-trung,Galaxy CineO Coop Quang Trung,,2026-10-08T04:30:00.000Z,2026-10-08T06:45:00.000Z,TWO_D,Phụ Đề,2D Phụ Đề,SCHEDULED,MOCK,2026-10-05T14:56:15.653Z
55d7da0b0271b6f6c47a8d7da017d7a906b8b063,trai-buon-nguoi,galaxy-quang-trung,Galaxy CineO Coop Quang Trung,,2026-10-08T05:00:00.000Z,2026-10-08T07:15:00.000Z,TWO_D,Phụ Đề,2D Phụ Đề,SCHEDULED,MOCK,2026-10-05T14:56:15.653Z
bd9e5b4a9f4df2940a7c7dde8841537602f1bfbb,trai-buon-nguoi,galaxy-quang-trung,Galaxy CineO Coop Quang Trung,,2026-10-08T05:45:00.000Z,2026-10-08T08:00:00.000Z,TWO_D,Phụ Đề,2D Phụ Đề,SCHEDULED,MOCK,2026-10-05T14:56:15.653Z
e7e52942accef82eb0523be9a59021672a368db6,trai-buon-nguoi,galaxy-quang-trung,Galaxy CineO Coop Quang Trung,,2026-10-08T06:15:00.000Z,2026-10-08T08:30:00.000Z,TWO_D,Phụ Đề,2D Phụ Đề,SCHEDULED,MOCK,2026-10-05T14:56:15.653Z
7b8216ba3afce8809025e78edebdc52e5b01b57d,trai-buon-nguoi,galaxy-quang-trung,Galaxy CineO Coop Quang Trung,,2026-10-08T06:45:00.000Z,2026-10-08T09:00:00.000Z,TWO_D,Phụ Đề,2D Phụ Đề,SCHEDULED,MOCK,2026-10-05T14:56:15.653Z
e39ceec19b589506dd552e05c74939f5c331c40b,trai-buon-nguoi,galaxy-quang-trung,Galaxy CineO Coop Quang Trung,,2026-10-08T07:00:00.000Z,2026-10-08T09:15:00.000Z,TWO_D,Phụ Đề,2D Phụ Đề,SCHEDULED,MOCK,2026-10-05T14:56:15.653Z
050edaf6cb627f22fd459084b1f47e9be76bbc8b,trai-buon-nguoi,galaxy-quang-trung,Galaxy CineO Coop Quang Trung,,2026-10-08T07:30:00.000Z,2026-10-08T09:45:00.000Z,TWO_D,Phụ Đề,2D Phụ Đề,SCHEDULED,MOCK,2026-10-05T14:56:15.653Z
629857a56fb89a26c5f6b472906d9fc3683b4ce6,trai-buon-nguoi,galaxy-quang-trung,Galaxy CineO Coop Quang Trung,,2026-10-08T08:15:00.000Z,2026-10-08T10:30:00.000Z,TWO_D,Phụ Đề,2D Phụ Đề,SCHEDULED,MOCK,2026-10-05T14:56:15.653Z
64764061bdaf9573bfe23a99309a76b63bb91b95,trai-buon-nguoi,galaxy-quang-trung,Galaxy CineO Coop Quang Trung,,2026-10-08T08:45:00.000Z,2026-10-08T11:00:00.000Z,TWO_D,Phụ Đề,2D Phụ Đề,SCHEDULED,MOCK,2026-10-05T14:56:15.653Z
a033a90d9b765422a15eb591c12ee3b00bc7b31a,trai-buon-nguoi,galaxy-quang-trung,Galaxy CineO Coop Quang Trung,,2026-10-08T09:30:00.000Z,2026-10-08T11:45:00.000Z,TWO_D,Phụ Đề,2D Phụ Đề,SCHEDULED,MOCK,2026-10-05T14:56:15.653Z
26fe90bfbef3e0f32a79c2e41f73a85edc453d3b,trai-buon-nguoi,galaxy-quang-trung,Galaxy CineO Coop Quang Trung,,2026-10-08T10:00:00.000Z,2026-10-08T12:15:00.000Z,TWO_D,Phụ Đề,2D Phụ Đề,SCHEDULED,MOCK,2026-10-05T14:56:15.653Z
c66e99f27cb15895ed65847a80d04a0689698e1f,trai-buon-nguoi,galaxy-quang-trung,Galaxy CineO Coop Quang Trung,,2026-10-08T10:45:00.000Z,2026-10-08T13:00:00.000Z,TWO_D,Phụ Đề,2D Phụ Đề,SCHEDULED,MOCK,2026-10-05T14:56:15.653Z
531ac12eb42cbbbbd98bb760684e1a18aca5b55e,trai-buon-nguoi,galaxy-quang-trung,Galaxy CineO Coop Quang Trung,,2026-10-08T11:00:00.000Z,2026-10-08T13:15:00.000Z,TWO_D,Phụ Đề,2D Phụ Đề,SCHEDULED,MOCK,2026-10-05T14:56:15.653Z
54a2387135296a0e6e061402340e38c00fdb437e,trai-buon-nguoi,galaxy-quang-trung,Galaxy CineO Coop Quang Trung,,2026-10-08T11:30:00.000Z,2026-10-08T13:45:00.000Z,TWO_D,Phụ Đề,2D Phụ Đề,SCHEDULED,MOCK,2026-10-05T14:56:15.653Z
4a94cb3a7561aef62b32bbe15230e949493e0695,trai-buon-nguoi,galaxy-quang-trung,Galaxy CineO Coop Quang Trung,,2026-10-08T12:00:00.000Z,2026-10-08T14:15:00.000Z,TWO_D,Phụ Đề,2D Phụ Đề,SCHEDULED,MOCK,2026-10-05T14:56:15.653Z
3d6da821dbb9b2d11bde214d6d848d154260c083,trai-buon-nguoi,galaxy-quang-trung,Galaxy CineO Coop Quang Trung,,2026-10-08T12:30:00.000Z,2026-10-08T14:45:00.000Z,TWO_D,Phụ Đề,2D Phụ Đề,SCHEDULED,MOCK,2026-10-05T14:56:15.653Z
61d7f4fb3b92042a75455926ee9cbea111caf82e,trai-buon-nguoi,galaxy-quang-trung,Galaxy CineO Coop Quang Trung,,2026-10-08T13:15:00.000Z,2026-10-08T15:30:00.000Z,TWO_D,Phụ Đề,2D Phụ Đề,SCHEDULED,MOCK,2026-10-05T14:56:15.653Z
c3a9ae81c3d50d9a5bfb3de3afd1bdf78a84aee3,trai-buon-nguoi,galaxy-quang-trung,Galaxy CineO Coop Quang Trung,,2026-10-08T13:30:00.000Z,2026-10-08T15:45:00.000Z,TWO_D,Phụ Đề,2D Phụ Đề,SCHEDULED,MOCK,2026-10-05T14:56:15.653Z
dd69cc1fe1e01df8757c5a715d67c1c823f8d44d,trai-buon-nguoi,galaxy-quang-trung,Galaxy CineO Coop Quang Trung,,2026-10-08T14:00:00.000Z,2026-10-08T16:15:00.000Z,TWO_D,Phụ Đề,2D Phụ Đề,SCHEDULED,MOCK,2026-10-05T14:56:15.653Z
f90afeac01d1a1843a043527eb5986255cb14f5b,trai-buon-nguoi,galaxy-quang-trung,Galaxy CineO Coop Quang Trung,,2026-10-08T14:30:00.000Z,2026-10-08T16:45:00.000Z,TWO_D,Phụ Đề,2D Phụ Đề,SCHEDULED,MOCK,2026-10-05T14:56:15.653Z
208ae890072e27974b951996614bda26d2d6e02c,trai-buon-nguoi,galaxy-quang-trung,Galaxy CineO Coop Quang Trung,,2026-10-08T15:00:00.000Z,2026-10-08T17:15:00.000Z,TWO_D,Phụ Đề,2D Phụ Đề,SCHEDULED,MOCK,2026-10-05T14:56:15.653Z
9ec9793e55d88e2d3c86200b624132304796d50f,trai-buon-nguoi,galaxy-quang-trung,Galaxy CineO Coop Quang Trung,,2026-10-08T15:45:00.000Z,2026-10-08T18:00:00.000Z,TWO_D,Phụ Đề,2D Phụ Đề,SCHEDULED,MOCK,2026-10-05T14:56:15.653Z
e7d6e6b241d981419bad8146038b330cae1367ba,trai-buon-nguoi,galaxy-quang-trung,Galaxy CineO Coop Quang Trung,,2026-10-08T16:00:00.000Z,2026-10-08T18:15:00.000Z,TWO_D,Phụ Đề,2D Phụ Đề,SCHEDULED,MOCK,2026-10-05T14:56:15.653Z
d4a1220ea5c1e215bc97b159ee401503f230cbd5,trai-buon-nguoi,galaxy-quang-trung,Galaxy CineO Coop Quang Trung,,2026-10-08T16:30:00.000Z,2026-10-08T18:45:00.000Z,TWO_D,Phụ Đề,2D Phụ Đề,SCHEDULED,MOCK,2026-10-05T14:56:15.653Z
09078ce27b70dedf6ec1a59418993bf858215840,trai-buon-nguoi,name:galaxy-cineo-vincom-dan-phuong,Galaxy CineO Vincom Đan Phượng,,2026-10-08T02:00:00.000Z,2026-10-08T04:15:00.000Z,TWO_D,Phụ Đề,2D Phụ Đề,SCHEDULED,MOCK,2026-10-05T14:56:15.653Z
e1d9b254b2719d1c99966c69abca6b328ae5e4bd,trai-buon-nguoi,name:galaxy-cineo-vincom-dan-phuong,Galaxy CineO Vincom Đan Phượng,,2026-10-08T02:45:00.000Z,2026-10-08T05:00:00.000Z,TWO_D,Phụ Đề,2D Phụ Đề,SCHEDULED,MOCK,2026-10-05T14:56:15.655Z
6f50a0b406cb2b5d986a09490716cebe6dd28613,trai-buon-nguoi,name:galaxy-cineo-vincom-dan-phuong,Galaxy CineO Vincom Đan Phượng,,2026-10-08T03:30:00.000Z,2026-10-08T05:45:00.000Z,TWO_D,Phụ Đề,2D Phụ Đề,SCHEDULED,MOCK,2026-10-05T14:56:15.656Z
2baa239f3c12640e16933de47afb7fb95cefe03e,trai-buon-nguoi,name:galaxy-cineo-vincom-dan-phuong,Galaxy CineO Vincom Đan Phượng,,2026-10-08T04:00:00.000Z,2026-10-08T06:15:00.000Z,TWO_D,Phụ Đề,2D Phụ Đề,SCHEDULED,MOCK,2026-10-05T14:56:15.656Z
79b54aa341cf7d28085aa236746662284484ef88,trai-buon-nguoi,name:galaxy-cineo-vincom-dan-phuong,Galaxy CineO Vincom Đan Phượng,,2026-10-08T04:30:00.000Z,2026-10-08T06:45:00.000Z,TWO_D,Phụ Đề,2D Phụ Đề,SCHEDULED,MOCK,2026-10-05T14:56:15.656Z
883e5de3ea2cc5b51877b8a8575c0464d88d5c69,trai-buon-nguoi,name:galaxy-cineo-vincom-dan-phuong,Galaxy CineO Vincom Đan Phượng,,2026-10-08T05:15:00.000Z,2026-10-08T07:30:00.000Z,TWO_D,Phụ Đề,2D Phụ Đề,SCHEDULED,MOCK,2026-10-05T14:56:15.656Z
1896e61b51b0252034af70319dca00b9635d7614,trai-buon-nguoi,name:galaxy-cineo-vincom-dan-phuong,Galaxy CineO Vincom Đan Phượng,,2026-10-08T06:15:00.000Z,2026-10-08T08:30:00.000Z,TWO_D,Phụ Đề,2D Phụ Đề,SCHEDULED,MOCK,2026-10-05T14:56:15.656Z
02b6025d8dbd763f02ffe7690b79cb7f96f476fa,trai-buon-nguoi,name:galaxy-cineo-vincom-dan-phuong,Galaxy CineO Vincom Đan Phượng,,2026-10-08T07:00:00.000Z,2026-10-08T09:15:00.000Z,TWO_D,Phụ Đề,2D Phụ Đề,SCHEDULED,MOCK,2026-10-05T14:56:15.656Z
fc0fbcdba82caba01676c9d1755fd0f03c7198f6,trai-buon-nguoi,name:galaxy-cineo-vincom-dan-phuong,Galaxy CineO Vincom Đan Phượng,,2026-10-08T07:45:00.000Z,2026-10-08T10:00:00.000Z,TWO_D,Phụ Đề,2D Phụ Đề,SCHEDULED,MOCK,2026-10-05T14:56:15.656Z
028e224d8eea0dbfa96f50f3cb1b339ebff0d6ae,trai-buon-nguoi,name:galaxy-cineo-vincom-dan-phuong,Galaxy CineO Vincom Đan Phượng,,2026-10-08T08:15:00.000Z,2026-10-08T10:30:00.000Z,TWO_D,Phụ Đề,2D Phụ Đề,SCHEDULED,MOCK,2026-10-05T14:56:15.656Z
c35c74dbf5a7158c0308fdddf792d227c6887c70,trai-buon-nguoi,name:galaxy-cineo-vincom-dan-phuong,Galaxy CineO Vincom Đan Phượng,,2026-10-08T08:45:00.000Z,2026-10-08T11:00:00.000Z,TWO_D,Phụ Đề,2D Phụ Đề,SCHEDULED,MOCK,2026-10-05T14:56:15.656Z
8a449b16815309de8cfb2524cd1afc471af158c5,trai-buon-nguoi,name:galaxy-cineo-vincom-dan-phuong,Galaxy CineO Vincom Đan Phượng,,2026-10-08T09:30:00.000Z,2026-10-08T11:45:00.000Z,TWO_D,Phụ Đề,2D Phụ Đề,SCHEDULED,MOCK,2026-10-05T14:56:15.656Z
6c4f75c4e06060ee425a4cb60580523450b4a560,trai-buon-nguoi,name:galaxy-cineo-vincom-dan-phuong,Galaxy CineO Vincom Đan Phượng,,2026-10-08T10:15:00.000Z,2026-10-08T12:30:00.000Z,TWO_D,Phụ Đề,2D Phụ Đề,SCHEDULED,MOCK,2026-10-05T14:56:15.656Z
3c14060aa469fe79b3bfcb63eaea6860976c3a1c,trai-buon-nguoi,name:galaxy-cineo-vincom-dan-phuong,Galaxy CineO Vincom Đan Phượng,,2026-10-08T11:00:00.000Z,2026-10-08T13:15:00.000Z,TWO_D,Phụ Đề,2D Phụ Đề,SCHEDULED,MOCK,2026-10-05T14:56:15.656Z
268c8811b407a9f11cf7c10e7f56b50ef55f2db3,trai-buon-nguoi,name:galaxy-cineo-vincom-dan-phuong,Galaxy CineO Vincom Đan Phượng,,2026-10-08T11:30:00.000Z,2026-10-08T13:45:00.000Z,TWO_D,Phụ Đề,2D Phụ Đề,SCHEDULED,MOCK,2026-10-05T14:56:15.656Z
94b41fd27553275ea67bfecd58c2dd9f7ecce0ef,trai-buon-nguoi,name:galaxy-cineo-vincom-dan-phuong,Galaxy CineO Vincom Đan Phượng,,2026-10-08T12:00:00.000Z,2026-10-08T14:15:00.000Z,TWO_D,Phụ Đề,2D Phụ Đề,SCHEDULED,MOCK,2026-10-05T14:56:15.656Z
e2bdd47d24583a4c94dad150e90faec7831ca1df,trai-buon-nguoi,name:galaxy-cineo-vincom-dan-phuong,Galaxy CineO Vincom Đan Phượng,,2026-10-08T12:45:00.000Z,2026-10-08T15:00:00.000Z,TWO_D,Phụ Đề,2D Phụ Đề,SCHEDULED,MOCK,2026-10-05T14:56:15.656Z
9c738d574234552752d41c6345c4c028984c7eeb,trai-buon-nguoi,name:galaxy-cineo-vincom-dan-phuong,Galaxy CineO Vincom Đan Phượng,,2026-10-08T13:00:00.000Z,2026-10-08T15:15:00.000Z,TWO_D,Phụ Đề,2D Phụ Đề,SCHEDULED,MOCK,2026-10-05T14:56:15.656Z
7f5c56d4e1fc6362c77df264fdfb48836bb18401,trai-buon-nguoi,name:galaxy-cineo-vincom-dan-phuong,Galaxy CineO Vincom Đan Phượng,,2026-10-08T13:30:00.000Z,2026-10-08T15:45:00.000Z,TWO_D,Phụ Đề,2D Phụ Đề,SCHEDULED,MOCK,2026-10-05T14:56:15.656Z
0da3baf009a87cbf65dd9a0cf2a22c0e2e9d5a71,trai-buon-nguoi,name:galaxy-cineo-vincom-dan-phuong,Galaxy CineO Vincom Đan Phượng,,2026-10-08T14:00:00.000Z,2026-10-08T16:15:00.000Z,TWO_D,Phụ Đề,2D Phụ Đề,SCHEDULED,MOCK,2026-10-05T14:56:15.656Z
f3242ed93c45458af758fac20260e4ab7139af46,trai-buon-nguoi,name:galaxy-cineo-vincom-dan-phuong,Galaxy CineO Vincom Đan Phượng,,2026-10-08T14:30:00.000Z,2026-10-08T16:45:00.000Z,TWO_D,Phụ Đề,2D Phụ Đề,SCHEDULED,MOCK,2026-10-05T14:56:15.656Z
06df3240b3ce1ab15e23b6358e65242a247dd061,trai-buon-nguoi,name:galaxy-cineo-vincom-dan-phuong,Galaxy CineO Vincom Đan Phượng,,2026-10-08T15:15:00.000Z,2026-10-08T17:30:00.000Z,TWO_D,Phụ Đề,2D Phụ Đề,SCHEDULED,MOCK,2026-10-05T14:56:15.656Z
26d4735fa05857f491ca026b65f762cc674d2577,trai-buon-nguoi,name:galaxy-cine-gold-coast-nha-trang,Galaxy Cine+ Gold Coast Nha Trang,,2026-10-08T02:45:00.000Z,2026-10-08T05:00:00.000Z,TWO_D,Phụ Đề,2D Phụ Đề,SCHEDULED,MOCK,2026-10-05T14:56:15.656Z
1cde43bd274ea5674f8e90679cd33f0b9997c120,trai-buon-nguoi,name:galaxy-cine-gold-coast-nha-trang,Galaxy Cine+ Gold Coast Nha Trang,,2026-10-08T03:30:00.000Z,2026-10-08T05:45:00.000Z,TWO_D,Phụ Đề,2D Phụ Đề,SCHEDULED,MOCK,2026-10-05T14:56:15.656Z
dc2dff02982a0d6bb34bfb5f49ae17feca6e0806,trai-buon-nguoi,name:galaxy-cine-gold-coast-nha-trang,Galaxy Cine+ Gold Coast Nha Trang,,2026-10-08T04:15:00.000Z,2026-10-08T06:30:00.000Z,TWO_D,Phụ Đề,2D Phụ Đề,SCHEDULED,MOCK,2026-10-05T14:56:15.656Z
d8bcf1308314446588cbda433c0e9b5447e301c5,trai-buon-nguoi,name:galaxy-cine-gold-coast-nha-trang,Galaxy Cine+ Gold Coast Nha Trang,,2026-10-08T05:15:00.000Z,2026-10-08T07:30:00.000Z,TWO_D,Phụ Đề,2D Phụ Đề,SCHEDULED,MOCK,2026-10-05T14:56:15.656Z
6bc6d59fb01cb81769b63e51375241d58cc9d4ab,trai-buon-nguoi,name:galaxy-cine-gold-coast-nha-trang,Galaxy Cine+ Gold Coast Nha Trang,,2026-10-08T06:00:00.000Z,2026-10-08T08:15:00.000Z,TWO_D,Phụ Đề,2D Phụ Đề,SCHEDULED,MOCK,2026-10-05T14:56:15.656Z
6c8da2c416173dace77925f50f909cf23544b573,trai-buon-nguoi,name:galaxy-cine-gold-coast-nha-trang,Galaxy Cine+ Gold Coast Nha Trang,,2026-10-08T06:45:00.000Z,2026-10-08T09:00:00.000Z,TWO_D,Phụ Đề,2D Phụ Đề,SCHEDULED,MOCK,2026-10-05T14:56:15.656Z
a7503b49093291f2e8c1dc82b52982515691326f,trai-buon-nguoi,name:galaxy-cine-gold-coast-nha-trang,Galaxy Cine+ Gold Coast Nha Trang,,2026-10-08T07:45:00.000Z,2026-10-08T10:00:00.000Z,TWO_D,Phụ Đề,2D Phụ Đề,SCHEDULED,MOCK,2026-10-05T14:56:15.656Z
22596a19e20694963ea34e756860830cbfb11780,trai-buon-nguoi,name:galaxy-cine-gold-coast-nha-trang,Galaxy Cine+ Gold Coast Nha Trang,,2026-10-08T08:30:00.000Z,2026-10-08T10:45:00.000Z,TWO_D,Phụ Đề,2D Phụ Đề,SCHEDULED,MOCK,2026-10-05T14:56:15.656Z
cc24e55daeda25a8fc1cb05420f55b53862988df,trai-buon-nguoi,name:galaxy-cine-gold-coast-nha-trang,Galaxy Cine+ Gold Coast Nha Trang,,2026-10-08T09:15:00.000Z,2026-10-08T11:30:00.000Z,TWO_D,Phụ Đề,2D Phụ Đề,SCHEDULED,MOCK,2026-10-05T14:56:15.656Z
4263ea4d9442df1520aa30b44b3f877d5b335070,trai-buon-nguoi,name:galaxy-cine-gold-coast-nha-trang,Galaxy Cine+ Gold Coast Nha Trang,,2026-10-08T10:15:00.000Z,2026-10-08T12:30:00.000Z,TWO_D,Phụ Đề,2D Phụ Đề,SCHEDULED,MOCK,2026-10-05T14:56:15.656Z
452e7b57bc82fae8264cacbe0876a11de1ef37a0,trai-buon-nguoi,name:galaxy-cine-gold-coast-nha-trang,Galaxy Cine+ Gold Coast Nha Trang,,2026-10-08T10:30:00.000Z,2026-10-08T12:45:00.000Z,TWO_D,Phụ Đề,2D Phụ Đề,SCHEDULED,MOCK,2026-10-05T14:56:15.656Z
e33ef5af7682a50b8edb6bb4b45116c67a57525d,trai-buon-nguoi,name:galaxy-cine-gold-coast-nha-trang,Galaxy Cine+ Gold Coast Nha Trang,,2026-10-08T11:00:00.000Z,2026-10-08T13:15:00.000Z,TWO_D,Phụ Đề,2D Phụ Đề,SCHEDULED,MOCK,2026-10-05T14:56:15.656Z
2de435243288ad9f200c6da22a6cdf69588a1dbb,trai-buon-nguoi,name:galaxy-cine-gold-coast-nha-trang,Galaxy Cine+ Gold Coast Nha Trang,,2026-10-08T11:45:00.000Z,2026-10-08T14:00:00.000Z,TWO_D,Phụ Đề,2D Phụ Đề,SCHEDULED,MOCK,2026-10-05T14:56:15.656Z
8619cafdc8560ba03b7de3c523c290f8f178219d,trai-buon-nguoi,name:galaxy-cine-gold-coast-nha-trang,Galaxy Cine+ Gold Coast Nha Trang,,2026-10-08T12:45:00.000Z,2026-10-08T15:00:00.000Z,TWO_D,Phụ Đề,2D Phụ Đề,SCHEDULED,MOCK,2026-10-05T14:56:15.656Z
c2e5e4c07b818435e1b6ad7e8c6eef6fd410d031,trai-buon-nguoi,name:galaxy-cine-gold-coast-nha-trang,Galaxy Cine+ Gold Coast Nha Trang,,2026-10-08T13:10:00.000Z,2026-10-08T15:25:00.000Z,TWO_D,Phụ Đề,2D Phụ Đề,SCHEDULED,MOCK,2026-10-05T14:56:15.656Z
23e46077c5d7427fce3132504323c40df079db0e,trai-buon-nguoi,name:galaxy-cine-gold-coast-nha-trang,Galaxy Cine+ Gold Coast Nha Trang,,2026-10-08T13:30:00.000Z,2026-10-08T15:45:00.000Z,TWO_D,Phụ Đề,2D Phụ Đề,SCHEDULED,MOCK,2026-10-05T14:56:15.657Z
6edc10f2a8ccb10260d6da0283d9f4304e1debe8,trai-buon-nguoi,name:galaxy-cine-gold-coast-nha-trang,Galaxy Cine+ Gold Coast Nha Trang,,2026-10-08T14:15:00.000Z,2026-10-08T16:30:00.000Z,TWO_D,Phụ Đề,2D Phụ Đề,SCHEDULED,MOCK,2026-10-05T14:56:15.657Z
bd6ca50b8d92b811fd220f01bdbfb319a9833d27,trai-buon-nguoi,name:galaxy-cine-gold-coast-nha-trang,Galaxy Cine+ Gold Coast Nha Trang,,2026-10-08T15:15:00.000Z,2026-10-08T17:30:00.000Z,TWO_D,Phụ Đề,2D Phụ Đề,SCHEDULED,MOCK,2026-10-05T14:56:15.657Z
d9b6ce867911cf53cbdd6a9d91db3bc69f939afb,trai-buon-nguoi,name:galaxy-cine-gold-coast-nha-trang,Galaxy Cine+ Gold Coast Nha Trang,,2026-10-08T15:45:00.000Z,2026-10-08T18:00:00.000Z,TWO_D,Phụ Đề,2D Phụ Đề,SCHEDULED,MOCK,2026-10-05T14:56:15.657Z
6a992ffe6f159988bf357df33c8f0b3f893b1403,trai-buon-nguoi,name:galaxy-cine-gold-coast-nha-trang,Galaxy Cine+ Gold Coast Nha Trang,,2026-10-08T16:15:00.000Z,2026-10-08T18:30:00.000Z,TWO_D,Phụ Đề,2D Phụ Đề,SCHEDULED,MOCK,2026-10-05T14:56:15.657Z
fdcaa7a4769ec769f2f104c0160b3cc7a4b3e82b,trai-buon-nguoi,galaxy-parc-mall-q8,Galaxy Cine+ Parc Mall,,2026-10-08T02:00:00.000Z,2026-10-08T04:15:00.000Z,TWO_D,Phụ Đề,2D Phụ Đề,SCHEDULED,MOCK,2026-10-05T14:56:15.657Z
cf973441d97b5765051af1a6ec043f82d1a9e10e,trai-buon-nguoi,galaxy-parc-mall-q8,Galaxy Cine+ Parc Mall,,2026-10-08T02:45:00.000Z,2026-10-08T05:00:00.000Z,TWO_D,Phụ Đề,2D Phụ Đề,SCHEDULED,MOCK,2026-10-05T14:56:15.657Z
58495d41a50ebb96b597b6e470f6f21e30b98cdf,trai-buon-nguoi,galaxy-parc-mall-q8,Galaxy Cine+ Parc Mall,,2026-10-08T03:30:00.000Z,2026-10-08T05:45:00.000Z,TWO_D,Phụ Đề,2D Phụ Đề,SCHEDULED,MOCK,2026-10-05T14:56:15.657Z
5562243823382173285547615e815ed01bee2cab,trai-buon-nguoi,galaxy-parc-mall-q8,Galaxy Cine+ Parc Mall,,2026-10-08T04:00:00.000Z,2026-10-08T06:15:00.000Z,TWO_D,Phụ Đề,2D Phụ Đề,SCHEDULED,MOCK,2026-10-05T14:56:15.657Z
6457954f91a42d6783523c49e6442365c0c6337b,trai-buon-nguoi,galaxy-parc-mall-q8,Galaxy Cine+ Parc Mall,,2026-10-08T04:30:00.000Z,2026-10-08T06:45:00.000Z,TWO_D,Phụ Đề,2D Phụ Đề,SCHEDULED,MOCK,2026-10-05T14:56:15.657Z
153b796d9df1c4ac58a3fcdecb15f4fd15a43a1a,trai-buon-nguoi,galaxy-parc-mall-q8,Galaxy Cine+ Parc Mall,,2026-10-08T05:15:00.000Z,2026-10-08T07:30:00.000Z,TWO_D,Phụ Đề,2D Phụ Đề,SCHEDULED,MOCK,2026-10-05T14:56:15.657Z
f4ceca48836900e703cb8ff15787ea06d7dd4346,trai-buon-nguoi,galaxy-parc-mall-q8,Galaxy Cine+ Parc Mall,,2026-10-08T06:00:00.000Z,2026-10-08T08:15:00.000Z,TWO_D,Phụ Đề,2D Phụ Đề,SCHEDULED,MOCK,2026-10-05T14:56:15.657Z
bceccb40e33d097eaceeb1b1106bd9fa1d9f0d68,trai-buon-nguoi,galaxy-parc-mall-q8,Galaxy Cine+ Parc Mall,,2026-10-08T06:30:00.000Z,2026-10-08T08:45:00.000Z,TWO_D,Phụ Đề,2D Phụ Đề,SCHEDULED,MOCK,2026-10-05T14:56:15.657Z
f85e77cfaecb096f776aaa69cf9859026133bab0,trai-buon-nguoi,galaxy-parc-mall-q8,Galaxy Cine+ Parc Mall,,2026-10-08T07:15:00.000Z,2026-10-08T09:30:00.000Z,TWO_D,Phụ Đề,2D Phụ Đề,SCHEDULED,MOCK,2026-10-05T14:56:15.657Z
15b42c9bba0749942f418a00dc6617ae80c755b9,trai-buon-nguoi,galaxy-parc-mall-q8,Galaxy Cine+ Parc Mall,,2026-10-08T08:00:00.000Z,2026-10-08T10:15:00.000Z,TWO_D,Phụ Đề,2D Phụ Đề,SCHEDULED,MOCK,2026-10-05T14:56:15.657Z
2ec0ed603f11aeee6f869e9a24e03a5fa25bbe2e,trai-buon-nguoi,galaxy-parc-mall-q8,Galaxy Cine+ Parc Mall,,2026-10-08T08:30:00.000Z,2026-10-08T10:45:00.000Z,TWO_D,Phụ Đề,2D Phụ Đề,SCHEDULED,MOCK,2026-10-05T14:56:15.657Z
fc338652615b7db096afb7339a33e709283a8710,trai-buon-nguoi,galaxy-parc-mall-q8,Galaxy Cine+ Parc Mall,,2026-10-08T09:15:00.000Z,2026-10-08T11:30:00.000Z,TWO_D,Phụ Đề,2D Phụ Đề,SCHEDULED,MOCK,2026-10-05T14:56:15.657Z
bcd40b100c1dcd13005d1d13e7532f53ae396d09,trai-buon-nguoi,galaxy-parc-mall-q8,Galaxy Cine+ Parc Mall,,2026-10-08T10:00:00.000Z,2026-10-08T12:15:00.000Z,TWO_D,Phụ Đề,2D Phụ Đề,SCHEDULED,MOCK,2026-10-05T14:56:15.657Z
324e9d1bfbaa7f8496d7e737e952ee2f4f1d6830,trai-buon-nguoi,galaxy-parc-mall-q8,Galaxy Cine+ Parc Mall,,2026-10-08T10:30:00.000Z,2026-10-08T12:45:00.000Z,TWO_D,Phụ Đề,2D Phụ Đề,SCHEDULED,MOCK,2026-10-05T14:56:15.657Z
e0a3f3c806e6c63b7167a94e0b899b2637e101b6,trai-buon-nguoi,galaxy-parc-mall-q8,Galaxy Cine+ Parc Mall,,2026-10-08T11:00:00.000Z,2026-10-08T13:15:00.000Z,TWO_D,Phụ Đề,2D Phụ Đề,SCHEDULED,MOCK,2026-10-05T14:56:15.657Z
dda7588d533d2df554f457ccb8d4c06d2ecbd1b4,trai-buon-nguoi,galaxy-parc-mall-q8,Galaxy Cine+ Parc Mall,,2026-10-08T11:30:00.000Z,2026-10-08T13:45:00.000Z,TWO_D,Phụ Đề,2D Phụ Đề,SCHEDULED,MOCK,2026-10-05T14:56:15.657Z
643ad94e97435c4085943b1ca751ab0a98f1774a,trai-buon-nguoi,galaxy-parc-mall-q8,Galaxy Cine+ Parc Mall,,2026-10-08T12:00:00.000Z,2026-10-08T14:15:00.000Z,TWO_D,Phụ Đề,2D Phụ Đề,SCHEDULED,MOCK,2026-10-05T14:56:15.657Z
8d59c1d2a602087ae8e9285cad8842abdd3f1000,trai-buon-nguoi,galaxy-parc-mall-q8,Galaxy Cine+ Parc Mall,,2026-10-08T12:30:00.000Z,2026-10-08T14:45:00.000Z,TWO_D,Phụ Đề,2D Phụ Đề,SCHEDULED,MOCK,2026-10-05T14:56:15.657Z
f88227929684e64500917cfff6afb5740ce5a827,trai-buon-nguoi,galaxy-parc-mall-q8,Galaxy Cine+ Parc Mall,,2026-10-08T12:45:00.000Z,2026-10-08T15:00:00.000Z,TWO_D,Phụ Đề,2D Phụ Đề,SCHEDULED,MOCK,2026-10-05T14:56:15.657Z
55049dba717ae40fe674e1290cb9b3b15f979ee5,trai-buon-nguoi,galaxy-parc-mall-q8,Galaxy Cine+ Parc Mall,,2026-10-08T13:15:00.000Z,2026-10-08T15:30:00.000Z,TWO_D,Phụ Đề,2D Phụ Đề,SCHEDULED,MOCK,2026-10-05T14:56:15.657Z
5c83c8e1049d99a502c7a3e25b415f5069754b17,trai-buon-nguoi,galaxy-parc-mall-q8,Galaxy Cine+ Parc Mall,,2026-10-08T13:45:00.000Z,2026-10-08T16:00:00.000Z,TWO_D,Phụ Đề,2D Phụ Đề,SCHEDULED,MOCK,2026-10-05T14:56:15.657Z
77fc4143e5a05fd5f6e054f60942f31bf7f88354,trai-buon-nguoi,galaxy-parc-mall-q8,Galaxy Cine+ Parc Mall,,2026-10-08T14:00:00.000Z,2026-10-08T16:15:00.000Z,TWO_D,Phụ Đề,2D Phụ Đề,SCHEDULED,MOCK,2026-10-05T14:56:15.657Z
2b2f4e9016254c1b26267b06cbc15bed7b86ce6d,trai-buon-nguoi,galaxy-parc-mall-q8,Galaxy Cine+ Parc Mall,,2026-10-08T14:30:00.000Z,2026-10-08T16:45:00.000Z,TWO_D,Phụ Đề,2D Phụ Đề,SCHEDULED,MOCK,2026-10-05T14:56:15.657Z
9ac6ed92cf91165fcef3f4bf101cb10293fd62aa,trai-buon-nguoi,galaxy-parc-mall-q8,Galaxy Cine+ Parc Mall,,2026-10-08T15:15:00.000Z,2026-10-08T17:30:00.000Z,TWO_D,Phụ Đề,2D Phụ Đề,SCHEDULED,MOCK,2026-10-05T14:56:15.657Z
dd7aa739ac5280d892f0d52f35fed26e0c06971f,trai-buon-nguoi,galaxy-parc-mall-q8,Galaxy Cine+ Parc Mall,,2026-10-08T15:45:00.000Z,2026-10-08T18:00:00.000Z,TWO_D,Phụ Đề,2D Phụ Đề,SCHEDULED,MOCK,2026-10-05T14:56:15.657Z
a3d24999b9afa70582a4ca33223d27c6adad14cf,trai-buon-nguoi,galaxy-parc-mall-q8,Galaxy Cine+ Parc Mall,,2026-10-08T16:15:00.000Z,2026-10-08T18:30:00.000Z,TWO_D,Phụ Đề,2D Phụ Đề,SCHEDULED,MOCK,2026-10-05T14:56:15.657Z
6daa6cf64b6ca1127c7faad663c4ef8b1148c904,trai-buon-nguoi,galaxy-cine-thiso-phan-huy-ich,Galaxy Cine+ Thiso Mall Phan Huy Ích,,2026-10-08T03:15:00.000Z,2026-10-08T05:30:00.000Z,TWO_D,Phụ Đề,2D Phụ Đề,SCHEDULED,MOCK,2026-10-05T14:56:15.657Z
0fa1e84cb7ff319e62807ec6084d8c9e9f3b1831,trai-buon-nguoi,galaxy-cine-thiso-phan-huy-ich,Galaxy Cine+ Thiso Mall Phan Huy Ích,,2026-10-08T05:15:00.000Z,2026-10-08T07:30:00.000Z,TWO_D,Phụ Đề,2D Phụ Đề,SCHEDULED,MOCK,2026-10-05T14:56:15.657Z
5bfa820947d73f8342df93285235b4d11c7c9361,trai-buon-nguoi,galaxy-cine-thiso-phan-huy-ich,Galaxy Cine+ Thiso Mall Phan Huy Ích,,2026-10-08T06:00:00.000Z,2026-10-08T08:15:00.000Z,TWO_D,Phụ Đề,2D Phụ Đề,SCHEDULED,MOCK,2026-10-05T14:56:15.657Z
a4fe1af02cd75e73ab6cf0acd7d1f26c7bad748c,trai-buon-nguoi,galaxy-cine-thiso-phan-huy-ich,Galaxy Cine+ Thiso Mall Phan Huy Ích,,2026-10-08T07:45:00.000Z,2026-10-08T10:00:00.000Z,TWO_D,Phụ Đề,2D Phụ Đề,SCHEDULED,MOCK,2026-10-05T14:56:15.657Z
b7f61d61058dc2144f90198f050fd11030d8d055,trai-buon-nguoi,galaxy-cine-thiso-phan-huy-ich,Galaxy Cine+ Thiso Mall Phan Huy Ích,,2026-10-08T08:30:00.000Z,2026-10-08T10:45:00.000Z,TWO_D,Phụ Đề,2D Phụ Đề,SCHEDULED,MOCK,2026-10-05T14:56:15.657Z
0230bcf9229b99d2d33de8680e135dc171292afa,trai-buon-nguoi,galaxy-cine-thiso-phan-huy-ich,Galaxy Cine+ Thiso Mall Phan Huy Ích,,2026-10-08T10:15:00.000Z,2026-10-08T12:30:00.000Z,TWO_D,Phụ Đề,2D Phụ Đề,SCHEDULED,MOCK,2026-10-05T14:56:15.657Z
7038e4d2743f0b6ae165404a55759c78835346b9,trai-buon-nguoi,galaxy-cine-thiso-phan-huy-ich,Galaxy Cine+ Thiso Mall Phan Huy Ích,,2026-10-08T11:00:00.000Z,2026-10-08T13:15:00.000Z,TWO_D,Phụ Đề,2D Phụ Đề,SCHEDULED,MOCK,2026-10-05T14:56:15.657Z
af0690e9a918cec21b037f229b2432ee300f79a9,trai-buon-nguoi,galaxy-cine-thiso-phan-huy-ich,Galaxy Cine+ Thiso Mall Phan Huy Ích,,2026-10-08T12:45:00.000Z,2026-10-08T15:00:00.000Z,TWO_D,Phụ Đề,2D Phụ Đề,SCHEDULED,MOCK,2026-10-05T14:56:15.657Z
7f21e4fb03acf811ea237278e24117b79cd6949c,trai-buon-nguoi,galaxy-cine-thiso-phan-huy-ich,Galaxy Cine+ Thiso Mall Phan Huy Ích,,2026-10-08T13:30:00.000Z,2026-10-08T15:45:00.000Z,TWO_D,Phụ Đề,2D Phụ Đề,SCHEDULED,MOCK,2026-10-05T14:56:15.657Z
bcac4f7fd644f7b6c112195c96103d6595c9b6ea,trai-buon-nguoi,galaxy-cine-thiso-phan-huy-ich,Galaxy Cine+ Thiso Mall Phan Huy Ích,,2026-10-08T15:15:00.000Z,2026-10-08T17:30:00.000Z,TWO_D,Phụ Đề,2D Phụ Đề,SCHEDULED,MOCK,2026-10-05T14:56:15.657Z
4b4d8debbbeceb3779a3764735ec2c2f0bb51466,trai-buon-nguoi,galaxy-cine-thiso-phan-huy-ich,Galaxy Cine+ Thiso Mall Phan Huy Ích,,2026-10-08T16:00:00.000Z,2026-10-08T18:15:00.000Z,TWO_D,Phụ Đề,2D Phụ Đề,SCHEDULED,MOCK,2026-10-05T14:56:15.657Z
099c46ccb5e0dac9657876b345443c736a90bab0,trai-buon-nguoi,name:galaxy-cine-vincom-vinh,Galaxy Cine+ Vincom Vinh,,2026-10-08T02:15:00.000Z,2026-10-08T04:30:00.000Z,TWO_D,Phụ Đề,2D Phụ Đề,SCHEDULED,MOCK,2026-10-05T14:56:15.657Z
dc66d3e17cde8cee7c517c767e2dcc0d15c8b558,trai-buon-nguoi,name:galaxy-cine-vincom-vinh,Galaxy Cine+ Vincom Vinh,,2026-10-08T03:00:00.000Z,2026-10-08T05:15:00.000Z,TWO_D,Phụ Đề,2D Phụ Đề,SCHEDULED,MOCK,2026-10-05T14:56:15.657Z
0e71af50b9b72d23d94c6bec4accd4307a101ad3,trai-buon-nguoi,name:galaxy-cine-vincom-vinh,Galaxy Cine+ Vincom Vinh,,2026-10-08T03:30:00.000Z,2026-10-08T05:45:00.000Z,TWO_D,Phụ Đề,2D Phụ Đề,SCHEDULED,MOCK,2026-10-05T14:56:15.657Z
730e7052c34025459747a3f725681d0c7e992414,trai-buon-nguoi,name:galaxy-cine-vincom-vinh,Galaxy Cine+ Vincom Vinh,,2026-10-08T04:30:00.000Z,2026-10-08T06:45:00.000Z,TWO_D,Phụ Đề,2D Phụ Đề,SCHEDULED,MOCK,2026-10-05T14:56:15.657Z
4ec55ae5bb32c7ff512740ac6d4ad5f6d7f65990,trai-buon-nguoi,name:galaxy-cine-vincom-vinh,Galaxy Cine+ Vincom Vinh,,2026-10-08T05:00:00.000Z,2026-10-08T07:15:00.000Z,TWO_D,Phụ Đề,2D Phụ Đề,SCHEDULED,MOCK,2026-10-05T14:56:15.657Z
55a4ac2235918f0e0c14b2c60c0a722bdb7757c9,trai-buon-nguoi,name:galaxy-cine-vincom-vinh,Galaxy Cine+ Vincom Vinh,,2026-10-08T05:30:00.000Z,2026-10-08T07:45:00.000Z,TWO_D,Phụ Đề,2D Phụ Đề,SCHEDULED,MOCK,2026-10-05T14:56:15.657Z
1a160eb83d94131d94e29980691735cd3f8b3d94,trai-buon-nguoi,name:galaxy-cine-vincom-vinh,Galaxy Cine+ Vincom Vinh,,2026-10-08T06:15:00.000Z,2026-10-08T08:30:00.000Z,TWO_D,Phụ Đề,2D Phụ Đề,SCHEDULED,MOCK,2026-10-05T14:56:15.657Z
a3cb410d4aaadc11fa31e86e17225953b2f8deef,trai-buon-nguoi,name:galaxy-cine-vincom-vinh,Galaxy Cine+ Vincom Vinh,,2026-10-08T07:00:00.000Z,2026-10-08T09:15:00.000Z,TWO_D,Phụ Đề,2D Phụ Đề,SCHEDULED,MOCK,2026-10-05T14:56:15.657Z
a1905b39c026bdb6465af523c4d06ffe63529abc,trai-buon-nguoi,name:galaxy-cine-vincom-vinh,Galaxy Cine+ Vincom Vinh,,2026-10-08T07:30:00.000Z,2026-10-08T09:45:00.000Z,TWO_D,Phụ Đề,2D Phụ Đề,SCHEDULED,MOCK,2026-10-05T14:56:15.657Z
c6be80a2e6d950a327c8a20a341c971dc1c94156,trai-buon-nguoi,name:galaxy-cine-vincom-vinh,Galaxy Cine+ Vincom Vinh,,2026-10-08T08:00:00.000Z,2026-10-08T10:15:00.000Z,TWO_D,Phụ Đề,2D Phụ Đề,SCHEDULED,MOCK,2026-10-05T14:56:15.657Z
d34f80abf52339e2f2beed2cb7cb4de8d04acfb8,trai-buon-nguoi,name:galaxy-cine-vincom-vinh,Galaxy Cine+ Vincom Vinh,,2026-10-08T08:45:00.000Z,2026-10-08T11:00:00.000Z,TWO_D,Phụ Đề,2D Phụ Đề,SCHEDULED,MOCK,2026-10-05T14:56:15.657Z
5e7d6ddb1c3abf59ff69bdc4e9c8b9688605a820,trai-buon-nguoi,name:galaxy-cine-vincom-vinh,Galaxy Cine+ Vincom Vinh,,2026-10-08T09:30:00.000Z,2026-10-08T11:45:00.000Z,TWO_D,Phụ Đề,2D Phụ Đề,SCHEDULED,MOCK,2026-10-05T14:56:15.657Z
e625c4166e68870f5cca3a9de8dfc3ab809f0a67,trai-buon-nguoi,name:galaxy-cine-vincom-vinh,Galaxy Cine+ Vincom Vinh,,2026-10-08T10:15:00.000Z,2026-10-08T12:30:00.000Z,TWO_D,Phụ Đề,2D Phụ Đề,SCHEDULED,MOCK,2026-10-05T14:56:15.657Z
5bd739c5ff81bbc843ba0b037f7f5af83703c4fb,trai-buon-nguoi,name:galaxy-cine-vincom-vinh,Galaxy Cine+ Vincom Vinh,,2026-10-08T11:15:00.000Z,2026-10-08T13:30:00.000Z,TWO_D,Phụ Đề,2D Phụ Đề,SCHEDULED,MOCK,2026-10-05T14:56:15.657Z
27c98a9e7978412bd53f60b9ba42c31b80d0717d,trai-buon-nguoi,name:galaxy-cine-vincom-vinh,Galaxy Cine+ Vincom Vinh,,2026-10-08T12:00:00.000Z,2026-10-08T14:15:00.000Z,TWO_D,Phụ Đề,2D Phụ Đề,SCHEDULED,MOCK,2026-10-05T14:56:15.657Z
38ecbbc7c25e2fbe9e4ea58cd825a29bc4916a7b,trai-buon-nguoi,name:galaxy-cine-vincom-vinh,Galaxy Cine+ Vincom Vinh,,2026-10-08T13:00:00.000Z,2026-10-08T15:15:00.000Z,TWO_D,Phụ Đề,2D Phụ Đề,SCHEDULED,MOCK,2026-10-05T14:56:15.657Z
3e361818ac0fe4dea6da5d480e85c5f67fb30beb,trai-buon-nguoi,name:galaxy-cine-vincom-vinh,Galaxy Cine+ Vincom Vinh,,2026-10-08T13:15:00.000Z,2026-10-08T15:30:00.000Z,TWO_D,Phụ Đề,2D Phụ Đề,SCHEDULED,MOCK,2026-10-05T14:56:15.657Z
851ff184a0f42bfac6c7e88923f74087d50f41d6,trai-buon-nguoi,name:galaxy-cine-vincom-vinh,Galaxy Cine+ Vincom Vinh,,2026-10-08T13:45:00.000Z,2026-10-08T16:00:00.000Z,TWO_D,Phụ Đề,2D Phụ Đề,SCHEDULED,MOCK,2026-10-05T14:56:15.657Z
668f09f1ff4283398548a8512d3f569397782f72,trai-buon-nguoi,name:galaxy-cine-vincom-vinh,Galaxy Cine+ Vincom Vinh,,2026-10-08T14:30:00.000Z,2026-10-08T16:45:00.000Z,TWO_D,Phụ Đề,2D Phụ Đề,SCHEDULED,MOCK,2026-10-05T14:56:15.657Z
04a7216c172ed12e7e1b6f1b15f38b7835a03e89,trai-buon-nguoi,name:galaxy-cine-vincom-vinh,Galaxy Cine+ Vincom Vinh,,2026-10-08T15:30:00.000Z,2026-10-08T17:45:00.000Z,TWO_D,Phụ Đề,2D Phụ Đề,SCHEDULED,MOCK,2026-10-05T14:56:15.657Z
179f6c97f11ac43a99e2dd3ed4ffbec5fe818c6d,trai-buon-nguoi,name:galaxy-cine-vincom-vinh,Galaxy Cine+ Vincom Vinh,,2026-10-08T12:30:00.000Z,2026-10-08T14:45:00.000Z,TWO_D,Phụ Đề,2D Phụ Đề,SCHEDULED,MOCK,2026-10-05T14:56:15.658Z
da4b0919d9653ddf02f066542a2e73d97e4aa40e,trai-buon-nguoi,name:galaxy-cine-vincom-vinh,Galaxy Cine+ Vincom Vinh,,2026-10-08T15:00:00.000Z,2026-10-08T17:15:00.000Z,TWO_D,Phụ Đề,2D Phụ Đề,SCHEDULED,MOCK,2026-10-05T14:56:15.658Z
d00379de5c8590ac7531bc8cea15d2c7751fa0f8,trai-buon-nguoi,galaxy-kinh-duong-vuong,Galaxy Cinema Kinh Dương Vương,,2026-10-08T02:15:00.000Z,2026-10-08T04:30:00.000Z,TWO_D,Phụ Đề,2D Phụ Đề,SCHEDULED,MOCK,2026-10-05T14:56:15.658Z
957be79d37b38b72b59efdf34fae07f4c8cb3033,trai-buon-nguoi,galaxy-kinh-duong-vuong,Galaxy Cinema Kinh Dương Vương,,2026-10-08T03:00:00.000Z,2026-10-08T05:15:00.000Z,TWO_D,Phụ Đề,2D Phụ Đề,SCHEDULED,MOCK,2026-10-05T14:56:15.658Z
a4dba6d41974b0f5b7f8355519ae29942403c205,trai-buon-nguoi,galaxy-kinh-duong-vuong,Galaxy Cinema Kinh Dương Vương,,2026-10-08T03:30:00.000Z,2026-10-08T05:45:00.000Z,TWO_D,Phụ Đề,2D Phụ Đề,SCHEDULED,MOCK,2026-10-05T14:56:15.658Z
a7d7012e395e953db325c3104a3772bdfb06c7ff,trai-buon-nguoi,galaxy-kinh-duong-vuong,Galaxy Cinema Kinh Dương Vương,,2026-10-08T05:00:00.000Z,2026-10-08T07:15:00.000Z,TWO_D,Phụ Đề,2D Phụ Đề,SCHEDULED,MOCK,2026-10-05T14:56:15.658Z
0213a1f0f53835df560f38713db0851736069bdf,trai-buon-nguoi,galaxy-kinh-duong-vuong,Galaxy Cinema Kinh Dương Vương,,2026-10-08T05:30:00.000Z,2026-10-08T07:45:00.000Z,TWO_D,Phụ Đề,2D Phụ Đề,SCHEDULED,MOCK,2026-10-05T14:56:15.658Z
4f0b6d6adad4ddcfd9066f427084836f6371a8c4,trai-buon-nguoi,galaxy-kinh-duong-vuong,Galaxy Cinema Kinh Dương Vương,,2026-10-08T06:00:00.000Z,2026-10-08T08:15:00.000Z,TWO_D,Phụ Đề,2D Phụ Đề,SCHEDULED,MOCK,2026-10-05T14:56:15.658Z
12f0ec957e47a97375b45bec693b72b46077d283,trai-buon-nguoi,galaxy-kinh-duong-vuong,Galaxy Cinema Kinh Dương Vương,,2026-10-08T07:30:00.000Z,2026-10-08T09:45:00.000Z,TWO_D,Phụ Đề,2D Phụ Đề,SCHEDULED,MOCK,2026-10-05T14:56:15.658Z
305c15cea514062176e6dc7997db2897aec01b27,trai-buon-nguoi,galaxy-kinh-duong-vuong,Galaxy Cinema Kinh Dương Vương,,2026-10-08T08:00:00.000Z,2026-10-08T10:15:00.000Z,TWO_D,Phụ Đề,2D Phụ Đề,SCHEDULED,MOCK,2026-10-05T14:56:15.658Z
3e596c8af572288b4094a962a4626748b20e0a2b,trai-buon-nguoi,galaxy-kinh-duong-vuong,Galaxy Cinema Kinh Dương Vương,,2026-10-08T08:30:00.000Z,2026-10-08T10:45:00.000Z,TWO_D,Phụ Đề,2D Phụ Đề,SCHEDULED,MOCK,2026-10-05T14:56:15.658Z
b963aaa4e1d4805a30569e3e6a937717a1f7daa7,trai-buon-nguoi,galaxy-kinh-duong-vuong,Galaxy Cinema Kinh Dương Vương,,2026-10-08T09:00:00.000Z,2026-10-08T11:15:00.000Z,TWO_D,Phụ Đề,2D Phụ Đề,SCHEDULED,MOCK,2026-10-05T14:56:15.658Z
c3014c791e68d1139e0c1b1b425d77e8d5a1714b,trai-buon-nguoi,galaxy-kinh-duong-vuong,Galaxy Cinema Kinh Dương Vương,,2026-10-08T10:00:00.000Z,2026-10-08T12:15:00.000Z,TWO_D,Phụ Đề,2D Phụ Đề,SCHEDULED,MOCK,2026-10-05T14:56:15.658Z
d237e70e124f07d044bf03a2250a7d84b383291b,trai-buon-nguoi,galaxy-kinh-duong-vuong,Galaxy Cinema Kinh Dương Vương,,2026-10-08T10:30:00.000Z,2026-10-08T12:45:00.000Z,TWO_D,Phụ Đề,2D Phụ Đề,SCHEDULED,MOCK,2026-10-05T14:56:15.658Z
8fa85a704e06d8319caed1debe737317225e516d,trai-buon-nguoi,galaxy-kinh-duong-vuong,Galaxy Cinema Kinh Dương Vương,,2026-10-08T11:00:00.000Z,2026-10-08T13:15:00.000Z,TWO_D,Phụ Đề,2D Phụ Đề,SCHEDULED,MOCK,2026-10-05T14:56:15.658Z
7c5f38edc0589c9f8218a02c2c5e917bc130a9d0,trai-buon-nguoi,galaxy-kinh-duong-vuong,Galaxy Cinema Kinh Dương Vương,,2026-10-08T12:30:00.000Z,2026-10-08T14:45:00.000Z,TWO_D,Phụ Đề,2D Phụ Đề,SCHEDULED,MOCK,2026-10-05T14:56:15.658Z
e5f8f5fba9587e5ca7900a89ce84330886c92d87,trai-buon-nguoi,galaxy-kinh-duong-vuong,Galaxy Cinema Kinh Dương Vương,,2026-10-08T13:00:00.000Z,2026-10-08T15:15:00.000Z,TWO_D,Phụ Đề,2D Phụ Đề,SCHEDULED,MOCK,2026-10-05T14:56:15.658Z
c9c0dd8f5ca29d9c6ed78eb1cfe0be0e5fc0efa4,trai-buon-nguoi,galaxy-kinh-duong-vuong,Galaxy Cinema Kinh Dương Vương,,2026-10-08T13:30:00.000Z,2026-10-08T15:45:00.000Z,TWO_D,Phụ Đề,2D Phụ Đề,SCHEDULED,MOCK,2026-10-05T14:56:15.658Z
aac647f5dd84057637a3330f1a7e0ff11a77fdcb,trai-buon-nguoi,galaxy-kinh-duong-vuong,Galaxy Cinema Kinh Dương Vương,,2026-10-08T15:00:00.000Z,2026-10-08T17:15:00.000Z,TWO_D,Phụ Đề,2D Phụ Đề,SCHEDULED,MOCK,2026-10-05T14:56:15.658Z
faf768567b26bbe36b27750ab4a0f73a65aa750b,trai-buon-nguoi,galaxy-kinh-duong-vuong,Galaxy Cinema Kinh Dương Vương,,2026-10-08T15:30:00.000Z,2026-10-08T17:45:00.000Z,TWO_D,Phụ Đề,2D Phụ Đề,SCHEDULED,MOCK,2026-10-05T14:56:15.658Z
35e9bd0f886e493deab266e9d02d4ecc7c3c342f,trai-buon-nguoi,galaxy-kinh-duong-vuong,Galaxy Cinema Kinh Dương Vương,,2026-10-08T16:00:00.000Z,2026-10-08T18:15:00.000Z,TWO_D,Phụ Đề,2D Phụ Đề,SCHEDULED,MOCK,2026-10-05T14:56:15.658Z
0594a318a0bffed703989e1f2b058b996fdae31e,trai-buon-nguoi,galaxy-tan-binh,Galaxy Cinema Tân Bình,,2026-10-08T02:00:00.000Z,2026-10-08T04:15:00.000Z,TWO_D,Phụ Đề,2D Phụ Đề,SCHEDULED,MOCK,2026-10-05T14:56:15.658Z
d4a416b892df1dd15a3a9ab61b6043ed0d1755c0,trai-buon-nguoi,galaxy-tan-binh,Galaxy Cinema Tân Bình,,2026-10-08T03:00:00.000Z,2026-10-08T05:15:00.000Z,TWO_D,Phụ Đề,2D Phụ Đề,SCHEDULED,MOCK,2026-10-05T14:56:15.658Z
43de16e05e31ecfb582e3538de6766bac95d03cd,trai-buon-nguoi,galaxy-tan-binh,Galaxy Cinema Tân Bình,,2026-10-08T03:45:00.000Z,2026-10-08T06:00:00.000Z,TWO_D,Phụ Đề,2D Phụ Đề,SCHEDULED,MOCK,2026-10-05T14:56:15.658Z
6d75aa47395140db3fa57966b26105ff39c92183,trai-buon-nguoi,galaxy-tan-binh,Galaxy Cinema Tân Bình,,2026-10-08T04:30:00.000Z,2026-10-08T06:45:00.000Z,TWO_D,Phụ Đề,2D Phụ Đề,SCHEDULED,MOCK,2026-10-05T14:56:15.658Z
5a8285e848e78f42f56b635f589bd24d7c453294,trai-buon-nguoi,galaxy-tan-binh,Galaxy Cinema Tân Bình,,2026-10-08T05:30:00.000Z,2026-10-08T07:45:00.000Z,TWO_D,Phụ Đề,2D Phụ Đề,SCHEDULED,MOCK,2026-10-05T14:56:15.658Z
c83e69f13ea344f7e1502e675b62ed31a864502e,trai-buon-nguoi,galaxy-tan-binh,Galaxy Cinema Tân Bình,,2026-10-08T06:15:00.000Z,2026-10-08T08:30:00.000Z,TWO_D,Phụ Đề,2D Phụ Đề,SCHEDULED,MOCK,2026-10-05T14:56:15.658Z
e5db405b113990b1589a4285cd7a13705c5b34de,trai-buon-nguoi,galaxy-tan-binh,Galaxy Cinema Tân Bình,,2026-10-08T07:00:00.000Z,2026-10-08T09:15:00.000Z,TWO_D,Phụ Đề,2D Phụ Đề,SCHEDULED,MOCK,2026-10-05T14:56:15.658Z
efb139d20242309c2866740012df3f225c93c114,trai-buon-nguoi,galaxy-tan-binh,Galaxy Cinema Tân Bình,,2026-10-08T08:00:00.000Z,2026-10-08T10:15:00.000Z,TWO_D,Phụ Đề,2D Phụ Đề,SCHEDULED,MOCK,2026-10-05T14:56:15.658Z
a6a56d830df3c36dd5a5a5af31fef551897bf188,trai-buon-nguoi,galaxy-tan-binh,Galaxy Cinema Tân Bình,,2026-10-08T08:45:00.000Z,2026-10-08T11:00:00.000Z,TWO_D,Phụ Đề,2D Phụ Đề,SCHEDULED,MOCK,2026-10-05T14:56:15.658Z
40d5ec7d0e75d50b109e0a086e45b2cd7e3e36f6,trai-buon-nguoi,galaxy-tan-binh,Galaxy Cinema Tân Bình,,2026-10-08T09:30:00.000Z,2026-10-08T11:45:00.000Z,TWO_D,Phụ Đề,2D Phụ Đề,SCHEDULED,MOCK,2026-10-05T14:56:15.658Z
3ddad1e71ce5fb32130d174833048e9df25e313d,trai-buon-nguoi,galaxy-tan-binh,Galaxy Cinema Tân Bình,,2026-10-08T10:30:00.000Z,2026-10-08T12:45:00.000Z,TWO_D,Phụ Đề,2D Phụ Đề,SCHEDULED,MOCK,2026-10-05T14:56:15.658Z
d8127c78a3459b9d6cb8e8f40960c475e0b1aeff,trai-buon-nguoi,galaxy-tan-binh,Galaxy Cinema Tân Bình,,2026-10-08T11:15:00.000Z,2026-10-08T13:30:00.000Z,TWO_D,Phụ Đề,2D Phụ Đề,SCHEDULED,MOCK,2026-10-05T14:56:15.658Z
78ca510d5994ce14e1613c7c841dfba0016c7850,trai-buon-nguoi,galaxy-tan-binh,Galaxy Cinema Tân Bình,,2026-10-08T12:00:00.000Z,2026-10-08T14:15:00.000Z,TWO_D,Phụ Đề,2D Phụ Đề,SCHEDULED,MOCK,2026-10-05T14:56:15.658Z
1f3602f13b4bb7ddb80ac682aa397a0984c4cec0,trai-buon-nguoi,galaxy-tan-binh,Galaxy Cinema Tân Bình,,2026-10-08T13:00:00.000Z,2026-10-08T15:15:00.000Z,TWO_D,Phụ Đề,2D Phụ Đề,SCHEDULED,MOCK,2026-10-05T14:56:15.658Z
297f360cb9989de2037c00df832c385ea69beaa5,trai-buon-nguoi,galaxy-tan-binh,Galaxy Cinema Tân Bình,,2026-10-08T13:45:00.000Z,2026-10-08T16:00:00.000Z,TWO_D,Phụ Đề,2D Phụ Đề,SCHEDULED,MOCK,2026-10-05T14:56:15.658Z
81676cbc5c8a4b429276c6cb3b990664640dec54,trai-buon-nguoi,galaxy-tan-binh,Galaxy Cinema Tân Bình,,2026-10-08T14:30:00.000Z,2026-10-08T16:45:00.000Z,TWO_D,Phụ Đề,2D Phụ Đề,SCHEDULED,MOCK,2026-10-05T14:56:15.658Z
7138c00e02df82da1ab9d3dde22c38295341dfa5,trai-buon-nguoi,galaxy-tan-binh,Galaxy Cinema Tân Bình,,2026-10-08T15:30:00.000Z,2026-10-08T17:45:00.000Z,TWO_D,Phụ Đề,2D Phụ Đề,SCHEDULED,MOCK,2026-10-05T14:56:15.658Z
e6c14d3e2ab8b79c4a476decb599949847652c65,trai-buon-nguoi,galaxy-tan-binh,Galaxy Cinema Tân Bình,,2026-10-08T16:15:00.000Z,2026-10-08T18:30:00.000Z,TWO_D,Phụ Đề,2D Phụ Đề,SCHEDULED,MOCK,2026-10-05T14:56:15.658Z
73ae988cb51700b8d6a8bc051e1aad0d7c571f40,trai-buon-nguoi,galaxy-trung-chanh,Galaxy Cinema Trung Chánh,,2026-10-08T02:00:00.000Z,2026-10-08T04:15:00.000Z,TWO_D,Phụ Đề,2D Phụ Đề,SCHEDULED,MOCK,2026-10-05T14:56:15.658Z
48001649be67bb17bba6a8f6550bf3407ce8578d,trai-buon-nguoi,galaxy-trung-chanh,Galaxy Cinema Trung Chánh,,2026-10-08T02:30:00.000Z,2026-10-08T04:45:00.000Z,TWO_D,Phụ Đề,2D Phụ Đề,SCHEDULED,MOCK,2026-10-05T14:56:15.658Z
78793af08576b7af930d2f7a686460e81a3f852e,trai-buon-nguoi,galaxy-trung-chanh,Galaxy Cinema Trung Chánh,,2026-10-08T03:30:00.000Z,2026-10-08T05:45:00.000Z,TWO_D,Phụ Đề,2D Phụ Đề,SCHEDULED,MOCK,2026-10-05T14:56:15.658Z
8e4b0fb33bd1735d031a309778b8c7d361f2bdc1,trai-buon-nguoi,galaxy-trung-chanh,Galaxy Cinema Trung Chánh,,2026-10-08T04:00:00.000Z,2026-10-08T06:15:00.000Z,TWO_D,Phụ Đề,2D Phụ Đề,SCHEDULED,MOCK,2026-10-05T14:56:15.658Z
05e32f53bbe10c44bc76f550b3a29ad2a04bc1e5,trai-buon-nguoi,galaxy-trung-chanh,Galaxy Cinema Trung Chánh,,2026-10-08T04:30:00.000Z,2026-10-08T06:45:00.000Z,TWO_D,Phụ Đề,2D Phụ Đề,SCHEDULED,MOCK,2026-10-05T14:56:15.658Z
41aea66053069d127a37734eede23339564dc547,trai-buon-nguoi,galaxy-trung-chanh,Galaxy Cinema Trung Chánh,,2026-10-08T05:00:00.000Z,2026-10-08T07:15:00.000Z,TWO_D,Phụ Đề,2D Phụ Đề,SCHEDULED,MOCK,2026-10-05T14:56:15.658Z
0166a6911bb08f7d4fd7322beee52aa6790ce75a,trai-buon-nguoi,galaxy-trung-chanh,Galaxy Cinema Trung Chánh,,2026-10-08T06:00:00.000Z,2026-10-08T08:15:00.000Z,TWO_D,Phụ Đề,2D Phụ Đề,SCHEDULED,MOCK,2026-10-05T14:56:15.658Z
87cb8226b72f4c5cb605bb505f329d9a31aa3548,trai-buon-nguoi,galaxy-trung-chanh,Galaxy Cinema Trung Chánh,,2026-10-08T06:15:00.000Z,2026-10-08T08:30:00.000Z,TWO_D,Phụ Đề,2D Phụ Đề,SCHEDULED,MOCK,2026-10-05T14:56:15.658Z
b7674cd4044e9ec0cb7a28e4a0fb38c5992615d6,trai-buon-nguoi,galaxy-trung-chanh,Galaxy Cinema Trung Chánh,,2026-10-08T06:30:00.000Z,2026-10-08T08:45:00.000Z,TWO_D,Phụ Đề,2D Phụ Đề,SCHEDULED,MOCK,2026-10-05T14:56:15.658Z
c7cadf5106f8d2d711ef4212eda7f8541bb2e870,trai-buon-nguoi,galaxy-trung-chanh,Galaxy Cinema Trung Chánh,,2026-10-08T07:00:00.000Z,2026-10-08T09:15:00.000Z,TWO_D,Phụ Đề,2D Phụ Đề,SCHEDULED,MOCK,2026-10-05T14:56:15.658Z
89dd8b12adbcc58a398121a69ba21e34b9218153,trai-buon-nguoi,galaxy-trung-chanh,Galaxy Cinema Trung Chánh,,2026-10-08T07:30:00.000Z,2026-10-08T09:45:00.000Z,TWO_D,Phụ Đề,2D Phụ Đề,SCHEDULED,MOCK,2026-10-05T14:56:15.658Z
959950a8f539bca23971b96861162f8377c3baef,trai-buon-nguoi,galaxy-trung-chanh,Galaxy Cinema Trung Chánh,,2026-10-08T08:00:00.000Z,2026-10-08T10:15:00.000Z,TWO_D,Phụ Đề,2D Phụ Đề,SCHEDULED,MOCK,2026-10-05T14:56:15.658Z
6bd297aa6321c8ffff6b70958b74ad0ff732a4d3,trai-buon-nguoi,galaxy-trung-chanh,Galaxy Cinema Trung Chánh,,2026-10-08T08:30:00.000Z,2026-10-08T10:45:00.000Z,TWO_D,Phụ Đề,2D Phụ Đề,SCHEDULED,MOCK,2026-10-05T14:56:15.658Z
420894ffcca9e7207cf3460ab01f124b0fa7e010,trai-buon-nguoi,galaxy-trung-chanh,Galaxy Cinema Trung Chánh,,2026-10-08T09:00:00.000Z,2026-10-08T11:15:00.000Z,TWO_D,Phụ Đề,2D Phụ Đề,SCHEDULED,MOCK,2026-10-05T14:56:15.658Z
fe85fcadd1a2667b56e79d4ae894fe57fd59a85c,trai-buon-nguoi,galaxy-trung-chanh,Galaxy Cinema Trung Chánh,,2026-10-08T09:30:00.000Z,2026-10-08T11:45:00.000Z,TWO_D,Phụ Đề,2D Phụ Đề,SCHEDULED,MOCK,2026-10-05T14:56:15.658Z
99fa86f90713c697c8cb47ec54c76c93c1d58b9a,trai-buon-nguoi,galaxy-trung-chanh,Galaxy Cinema Trung Chánh,,2026-10-08T10:00:00.000Z,2026-10-08T12:15:00.000Z,TWO_D,Phụ Đề,2D Phụ Đề,SCHEDULED,MOCK,2026-10-05T14:56:15.658Z
f4553c0d3818baed12ef30bb421646fe00403812,trai-buon-nguoi,galaxy-trung-chanh,Galaxy Cinema Trung Chánh,,2026-10-08T10:30:00.000Z,2026-10-08T12:45:00.000Z,TWO_D,Phụ Đề,2D Phụ Đề,SCHEDULED,MOCK,2026-10-05T14:56:15.658Z
be82736190afd3fc7df814378a9615e8f1835cf9,trai-buon-nguoi,galaxy-trung-chanh,Galaxy Cinema Trung Chánh,,2026-10-08T10:45:00.000Z,2026-10-08T13:00:00.000Z,TWO_D,Phụ Đề,2D Phụ Đề,SCHEDULED,MOCK,2026-10-05T14:56:15.658Z
9bce8e6b74e88775dc2cbad1b48c5a22fc7a094d,trai-buon-nguoi,galaxy-trung-chanh,Galaxy Cinema Trung Chánh,,2026-10-08T11:00:00.000Z,2026-10-08T13:15:00.000Z,TWO_D,Phụ Đề,2D Phụ Đề,SCHEDULED,MOCK,2026-10-05T14:56:15.658Z
a39d29108314a19fcfb4806a77792f569eaa0fb1,trai-buon-nguoi,galaxy-trung-chanh,Galaxy Cinema Trung Chánh,,2026-10-08T11:30:00.000Z,2026-10-08T13:45:00.000Z,TWO_D,Phụ Đề,2D Phụ Đề,SCHEDULED,MOCK,2026-10-05T14:56:15.658Z
8d6dbf5fe0a85c272eacb2510d9e10218e18c24b,trai-buon-nguoi,galaxy-trung-chanh,Galaxy Cinema Trung Chánh,,2026-10-08T12:00:00.000Z,2026-10-08T14:15:00.000Z,TWO_D,Phụ Đề,2D Phụ Đề,SCHEDULED,MOCK,2026-10-05T14:56:15.659Z
d25065bab226fb2239bbfc1afd3ee2c41c597b70,trai-buon-nguoi,galaxy-trung-chanh,Galaxy Cinema Trung Chánh,,2026-10-08T12:15:00.000Z,2026-10-08T14:30:00.000Z,TWO_D,Phụ Đề,2D Phụ Đề,SCHEDULED,MOCK,2026-10-05T14:56:15.659Z
49225b458c10c690147e8eaf383922bda0a71989,trai-buon-nguoi,galaxy-trung-chanh,Galaxy Cinema Trung Chánh,,2026-10-08T12:30:00.000Z,2026-10-08T14:45:00.000Z,TWO_D,Phụ Đề,2D Phụ Đề,SCHEDULED,MOCK,2026-10-05T14:56:15.659Z
8b0477c0f8e2fd607287d24be98daf0ad76c6c70,trai-buon-nguoi,galaxy-trung-chanh,Galaxy Cinema Trung Chánh,,2026-10-08T13:00:00.000Z,2026-10-08T15:15:00.000Z,TWO_D,Phụ Đề,2D Phụ Đề,SCHEDULED,MOCK,2026-10-05T14:56:15.659Z
dd1bc4c281ba9f37d3caaa5c0e883d70104e904d,trai-buon-nguoi,galaxy-trung-chanh,Galaxy Cinema Trung Chánh,,2026-10-08T13:15:00.000Z,2026-10-08T15:30:00.000Z,TWO_D,Phụ Đề,2D Phụ Đề,SCHEDULED,MOCK,2026-10-05T14:56:15.659Z
e34f0c4f5089d00cb1dee8597390875da99f63c0,trai-buon-nguoi,galaxy-trung-chanh,Galaxy Cinema Trung Chánh,,2026-10-08T13:30:00.000Z,2026-10-08T15:45:00.000Z,TWO_D,Phụ Đề,2D Phụ Đề,SCHEDULED,MOCK,2026-10-05T14:56:15.659Z
c01591e4f5b0278e882b3b1d0467628e1f45b2b1,trai-buon-nguoi,galaxy-trung-chanh,Galaxy Cinema Trung Chánh,,2026-10-08T14:00:00.000Z,2026-10-08T16:15:00.000Z,TWO_D,Phụ Đề,2D Phụ Đề,SCHEDULED,MOCK,2026-10-05T14:56:15.659Z
692acfccf10ed363155cfdb1f60d02d5bb3881b1,trai-buon-nguoi,galaxy-trung-chanh,Galaxy Cinema Trung Chánh,,2026-10-08T14:30:00.000Z,2026-10-08T16:45:00.000Z,TWO_D,Phụ Đề,2D Phụ Đề,SCHEDULED,MOCK,2026-10-05T14:56:15.659Z
4f48018c9b146aa63b57ea69041c2ecbfff96850,trai-buon-nguoi,galaxy-trung-chanh,Galaxy Cinema Trung Chánh,,2026-10-08T14:45:00.000Z,2026-10-08T17:00:00.000Z,TWO_D,Phụ Đề,2D Phụ Đề,SCHEDULED,MOCK,2026-10-05T14:56:15.659Z
38bed2fa8443d3142728a42d2387cc3a952a45cc,trai-buon-nguoi,galaxy-trung-chanh,Galaxy Cinema Trung Chánh,,2026-10-08T15:00:00.000Z,2026-10-08T17:15:00.000Z,TWO_D,Phụ Đề,2D Phụ Đề,SCHEDULED,MOCK,2026-10-05T14:56:15.659Z
6a8cb338bd639ae06302e7f178b630167954cc70,trai-buon-nguoi,galaxy-trung-chanh,Galaxy Cinema Trung Chánh,,2026-10-08T15:30:00.000Z,2026-10-08T17:45:00.000Z,TWO_D,Phụ Đề,2D Phụ Đề,SCHEDULED,MOCK,2026-10-05T14:56:15.659Z
1110d60c96dc40be0aa8071c3bd00cc4022e4f79,trai-buon-nguoi,galaxy-trung-chanh,Galaxy Cinema Trung Chánh,,2026-10-08T15:45:00.000Z,2026-10-08T18:00:00.000Z,TWO_D,Phụ Đề,2D Phụ Đề,SCHEDULED,MOCK,2026-10-05T14:56:15.659Z
93a9ccb0868a6f7692d24e56dfdd6f2631ab23db,trai-buon-nguoi,galaxy-nguyen-van-qua,Galaxy Cinema Nguyễn Văn Quá,,2026-10-08T02:00:00.000Z,2026-10-08T04:15:00.000Z,TWO_D,Phụ Đề,2D Phụ Đề,SCHEDULED,MOCK,2026-10-05T14:56:15.659Z
a84b8c4f60e3d836ab56fb375b19f069d229abff,trai-buon-nguoi,galaxy-nguyen-van-qua,Galaxy Cinema Nguyễn Văn Quá,,2026-10-08T02:45:00.000Z,2026-10-08T05:00:00.000Z,TWO_D,Phụ Đề,2D Phụ Đề,SCHEDULED,MOCK,2026-10-05T14:56:15.659Z
6cd8da1ea72af84407bbea059f0d60e7595c66d3,trai-buon-nguoi,galaxy-nguyen-van-qua,Galaxy Cinema Nguyễn Văn Quá,,2026-10-08T03:30:00.000Z,2026-10-08T05:45:00.000Z,TWO_D,Phụ Đề,2D Phụ Đề,SCHEDULED,MOCK,2026-10-05T14:56:15.659Z
0183c7018fb8c4ee1337c1aa3b42ba1b4abffb32,trai-buon-nguoi,galaxy-nguyen-van-qua,Galaxy Cinema Nguyễn Văn Quá,,2026-10-08T04:00:00.000Z,2026-10-08T06:15:00.000Z,TWO_D,Phụ Đề,2D Phụ Đề,SCHEDULED,MOCK,2026-10-05T14:56:15.659Z
bd4a6f81e8ca2aabb37e58fe2e121a02dc849d24,trai-buon-nguoi,galaxy-nguyen-van-qua,Galaxy Cinema Nguyễn Văn Quá,,2026-10-08T04:30:00.000Z,2026-10-08T06:45:00.000Z,TWO_D,Phụ Đề,2D Phụ Đề,SCHEDULED,MOCK,2026-10-05T14:56:15.659Z
b8946dfe1f7cc38e39c7eccd2ce732cf1b841e16,trai-buon-nguoi,galaxy-nguyen-van-qua,Galaxy Cinema Nguyễn Văn Quá,,2026-10-08T05:15:00.000Z,2026-10-08T07:30:00.000Z,TWO_D,Phụ Đề,2D Phụ Đề,SCHEDULED,MOCK,2026-10-05T14:56:15.659Z
4a1752a3c8e13dc855ce43e85d1ee22e1bd86a3a,trai-buon-nguoi,galaxy-nguyen-van-qua,Galaxy Cinema Nguyễn Văn Quá,,2026-10-08T06:00:00.000Z,2026-10-08T08:15:00.000Z,TWO_D,Phụ Đề,2D Phụ Đề,SCHEDULED,MOCK,2026-10-05T14:56:15.659Z
91ef9a071d25c13895a4006d02fe23606c687ded,trai-buon-nguoi,galaxy-nguyen-van-qua,Galaxy Cinema Nguyễn Văn Quá,,2026-10-08T06:30:00.000Z,2026-10-08T08:45:00.000Z,TWO_D,Phụ Đề,2D Phụ Đề,SCHEDULED,MOCK,2026-10-05T14:56:15.659Z
66f54d27f2b85cce7117168fe73a3301fd79f8cb,trai-buon-nguoi,galaxy-nguyen-van-qua,Galaxy Cinema Nguyễn Văn Quá,,2026-10-08T07:00:00.000Z,2026-10-08T09:15:00.000Z,TWO_D,Phụ Đề,2D Phụ Đề,SCHEDULED,MOCK,2026-10-05T14:56:15.659Z
019d7510d1c6b1b9520b9aa39fff777ee0d6a15e,trai-buon-nguoi,galaxy-nguyen-van-qua,Galaxy Cinema Nguyễn Văn Quá,,2026-10-08T07:15:00.000Z,2026-10-08T09:30:00.000Z,TWO_D,Phụ Đề,2D Phụ Đề,SCHEDULED,MOCK,2026-10-05T14:56:15.659Z
c90c497ac997e0f7f9dd669e2f8a586f42883633,trai-buon-nguoi,galaxy-nguyen-van-qua,Galaxy Cinema Nguyễn Văn Quá,,2026-10-08T07:45:00.000Z,2026-10-08T10:00:00.000Z,TWO_D,Phụ Đề,2D Phụ Đề,SCHEDULED,MOCK,2026-10-05T14:56:15.659Z
776bac15f6a438015a288eeb7bddd05b57ec42b7,trai-buon-nguoi,galaxy-nguyen-van-qua,Galaxy Cinema Nguyễn Văn Quá,,2026-10-08T08:30:00.000Z,2026-10-08T10:45:00.000Z,TWO_D,Phụ Đề,2D Phụ Đề,SCHEDULED,MOCK,2026-10-05T14:56:15.659Z
cae607cd755361cf7e86d00955efd9725f970a2d,trai-buon-nguoi,galaxy-nguyen-van-qua,Galaxy Cinema Nguyễn Văn Quá,,2026-10-08T09:00:00.000Z,2026-10-08T11:15:00.000Z,TWO_D,Phụ Đề,2D Phụ Đề,SCHEDULED,MOCK,2026-10-05T14:56:15.659Z
c9c06e54ba0982d6d177815407a7c3b06587aca5,trai-buon-nguoi,galaxy-nguyen-van-qua,Galaxy Cinema Nguyễn Văn Quá,,2026-10-08T09:30:00.000Z,2026-10-08T11:45:00.000Z,TWO_D,Phụ Đề,2D Phụ Đề,SCHEDULED,MOCK,2026-10-05T14:56:15.659Z
23935e93154c21719484289480528eafa45081fc,trai-buon-nguoi,galaxy-nguyen-van-qua,Galaxy Cinema Nguyễn Văn Quá,,2026-10-08T10:15:00.000Z,2026-10-08T12:30:00.000Z,TWO_D,Phụ Đề,2D Phụ Đề,SCHEDULED,MOCK,2026-10-05T14:56:15.659Z
f2c78d1d6ad457dc00d6ce466affcf0454a69b2d,trai-buon-nguoi,galaxy-nguyen-van-qua,Galaxy Cinema Nguyễn Văn Quá,,2026-10-08T11:00:00.000Z,2026-10-08T13:15:00.000Z,TWO_D,Phụ Đề,2D Phụ Đề,SCHEDULED,MOCK,2026-10-05T14:56:15.659Z
538b916c722ba584658c523dc3abf6844ff24228,trai-buon-nguoi,galaxy-nguyen-van-qua,Galaxy Cinema Nguyễn Văn Quá,,2026-10-08T11:15:00.000Z,2026-10-08T13:30:00.000Z,TWO_D,Phụ Đề,2D Phụ Đề,SCHEDULED,MOCK,2026-10-05T14:56:15.659Z
aee785a7fbd75da70a8742cfb2bd8ccec5dbf436,trai-buon-nguoi,galaxy-nguyen-van-qua,Galaxy Cinema Nguyễn Văn Quá,,2026-10-08T11:30:00.000Z,2026-10-08T13:45:00.000Z,TWO_D,Phụ Đề,2D Phụ Đề,SCHEDULED,MOCK,2026-10-05T14:56:15.659Z
bef2a06413c4d929d540f69a854fa7a159265365,trai-buon-nguoi,galaxy-nguyen-van-qua,Galaxy Cinema Nguyễn Văn Quá,,2026-10-08T11:45:00.000Z,2026-10-08T14:00:00.000Z,TWO_D,Phụ Đề,2D Phụ Đề,SCHEDULED,MOCK,2026-10-05T14:56:15.659Z
b8a49533899f82437855edfe67fcc0db8b6267f1,trai-buon-nguoi,galaxy-nguyen-van-qua,Galaxy Cinema Nguyễn Văn Quá,,2026-10-08T12:00:00.000Z,2026-10-08T14:15:00.000Z,TWO_D,Phụ Đề,2D Phụ Đề,SCHEDULED,MOCK,2026-10-05T14:56:15.659Z
db0383d984e9f12462659ed770d004c1f8b1e5fd,trai-buon-nguoi,galaxy-nguyen-van-qua,Galaxy Cinema Nguyễn Văn Quá,,2026-10-08T12:30:00.000Z,2026-10-08T14:45:00.000Z,TWO_D,Phụ Đề,2D Phụ Đề,SCHEDULED,MOCK,2026-10-05T14:56:15.659Z
6398681ef6059438a29be2eac3f5c9ec20f35b7e,trai-buon-nguoi,galaxy-nguyen-van-qua,Galaxy Cinema Nguyễn Văn Quá,,2026-10-08T12:45:00.000Z,2026-10-08T15:00:00.000Z,TWO_D,Phụ Đề,2D Phụ Đề,SCHEDULED,MOCK,2026-10-05T14:56:15.659Z
b1f9ce268bd09105688d414ab63be9cfc4d0e765,trai-buon-nguoi,galaxy-nguyen-van-qua,Galaxy Cinema Nguyễn Văn Quá,,2026-10-08T13:30:00.000Z,2026-10-08T15:45:00.000Z,TWO_D,Phụ Đề,2D Phụ Đề,SCHEDULED,MOCK,2026-10-05T14:56:15.659Z
53e342fd8306e0b1119854a4e0545a93677bd0aa,trai-buon-nguoi,galaxy-nguyen-van-qua,Galaxy Cinema Nguyễn Văn Quá,,2026-10-08T13:45:00.000Z,2026-10-08T16:00:00.000Z,TWO_D,Phụ Đề,2D Phụ Đề,SCHEDULED,MOCK,2026-10-05T14:56:15.659Z
cf2492bd12328592f8858835a329cef2bd1efcb2,trai-buon-nguoi,galaxy-nguyen-van-qua,Galaxy Cinema Nguyễn Văn Quá,,2026-10-08T14:00:00.000Z,2026-10-08T16:15:00.000Z,TWO_D,Phụ Đề,2D Phụ Đề,SCHEDULED,MOCK,2026-10-05T14:56:15.659Z
33a979c30b5b940e9d7d8e53657db04e1120242e,trai-buon-nguoi,galaxy-nguyen-van-qua,Galaxy Cinema Nguyễn Văn Quá,,2026-10-08T14:15:00.000Z,2026-10-08T16:30:00.000Z,TWO_D,Phụ Đề,2D Phụ Đề,SCHEDULED,MOCK,2026-10-05T14:56:15.659Z
8cc7d29e070de87f8693224c7d2e31c41988208b,trai-buon-nguoi,galaxy-nguyen-van-qua,Galaxy Cinema Nguyễn Văn Quá,,2026-10-08T14:30:00.000Z,2026-10-08T16:45:00.000Z,TWO_D,Phụ Đề,2D Phụ Đề,SCHEDULED,MOCK,2026-10-05T14:56:15.659Z
97b5b530fdb00606e64f225456f798b6fba1f954,trai-buon-nguoi,galaxy-nguyen-van-qua,Galaxy Cinema Nguyễn Văn Quá,,2026-10-08T15:00:00.000Z,2026-10-08T17:15:00.000Z,TWO_D,Phụ Đề,2D Phụ Đề,SCHEDULED,MOCK,2026-10-05T14:56:15.659Z
d4dbdd93d9eef3398b0d3c2a31b2546f1fe6cdf3,trai-buon-nguoi,galaxy-nguyen-van-qua,Galaxy Cinema Nguyễn Văn Quá,,2026-10-08T15:15:00.000Z,2026-10-08T17:30:00.000Z,TWO_D,Phụ Đề,2D Phụ Đề,SCHEDULED,MOCK,2026-10-05T14:56:15.659Z
5cdfe98d493149b685e0ece6aa04db7431107a1f,trai-buon-nguoi,fb233b0f-edb4-4eb1-ade8-7f8b83ab2457,Galaxy Cinema Nguyễn Du,,2026-10-08T02:30:00.000Z,2026-10-08T04:45:00.000Z,TWO_D,Phụ Đề,2D Phụ Đề,SCHEDULED,MOCK,2026-10-05T14:56:15.659Z
02c8bad28a7f776ce65b9b8194a4414b2b955980,trai-buon-nguoi,fb233b0f-edb4-4eb1-ade8-7f8b83ab2457,Galaxy Cinema Nguyễn Du,,2026-10-08T03:15:00.000Z,2026-10-08T05:30:00.000Z,TWO_D,Phụ Đề,2D Phụ Đề,SCHEDULED,MOCK,2026-10-05T14:56:15.659Z
245154e5004d24efcb5fed6e39ffad6b6b5e3dfe,trai-buon-nguoi,fb233b0f-edb4-4eb1-ade8-7f8b83ab2457,Galaxy Cinema Nguyễn Du,,2026-10-08T04:00:00.000Z,2026-10-08T06:15:00.000Z,TWO_D,Phụ Đề,2D Phụ Đề,SCHEDULED,MOCK,2026-10-05T14:56:15.659Z
fad4ac643c8785d1fe76a214918d4cd34bfd6a10,trai-buon-nguoi,fb233b0f-edb4-4eb1-ade8-7f8b83ab2457,Galaxy Cinema Nguyễn Du,,2026-10-08T04:45:00.000Z,2026-10-08T07:00:00.000Z,TWO_D,Phụ Đề,2D Phụ Đề,SCHEDULED,MOCK,2026-10-05T14:56:15.659Z
9e1331fadf257109126c8bc8f276574b14e10941,trai-buon-nguoi,fb233b0f-edb4-4eb1-ade8-7f8b83ab2457,Galaxy Cinema Nguyễn Du,,2026-10-08T05:30:00.000Z,2026-10-08T07:45:00.000Z,TWO_D,Phụ Đề,2D Phụ Đề,SCHEDULED,MOCK,2026-10-05T14:56:15.659Z
dc24de60544170b317e3cee2d8116e65d88866ed,trai-buon-nguoi,fb233b0f-edb4-4eb1-ade8-7f8b83ab2457,Galaxy Cinema Nguyễn Du,,2026-10-08T06:00:00.000Z,2026-10-08T08:15:00.000Z,TWO_D,Phụ Đề,2D Phụ Đề,SCHEDULED,MOCK,2026-10-05T14:56:15.659Z
2a417e6ef240e74d4bd0c155908ab5cfbe158a1d,trai-buon-nguoi,fb233b0f-edb4-4eb1-ade8-7f8b83ab2457,Galaxy Cinema Nguyễn Du,,2026-10-08T06:45:00.000Z,2026-10-08T09:00:00.000Z,TWO_D,Phụ Đề,2D Phụ Đề,SCHEDULED,MOCK,2026-10-05T14:56:15.659Z
ce2358b43526c95549ca595046d58d2a4433f321,trai-buon-nguoi,fb233b0f-edb4-4eb1-ade8-7f8b83ab2457,Galaxy Cinema Nguyễn Du,,2026-10-08T07:30:00.000Z,2026-10-08T09:45:00.000Z,TWO_D,Phụ Đề,2D Phụ Đề,SCHEDULED,MOCK,2026-10-05T14:56:15.659Z
26adfc1b51da2422f139724e7544a371634fb550,trai-buon-nguoi,fb233b0f-edb4-4eb1-ade8-7f8b83ab2457,Galaxy Cinema Nguyễn Du,,2026-10-08T08:00:00.000Z,2026-10-08T10:15:00.000Z,TWO_D,Phụ Đề,2D Phụ Đề,SCHEDULED,MOCK,2026-10-05T14:56:15.659Z
9ca3cd42fc3f0da413f429ff6bf71a78cb79afab,trai-buon-nguoi,fb233b0f-edb4-4eb1-ade8-7f8b83ab2457,Galaxy Cinema Nguyễn Du,,2026-10-08T08:45:00.000Z,2026-10-08T11:00:00.000Z,TWO_D,Phụ Đề,2D Phụ Đề,SCHEDULED,MOCK,2026-10-05T14:56:15.659Z
117536ef08cd58140cabd757b5ea339d31be89a1,trai-buon-nguoi,fb233b0f-edb4-4eb1-ade8-7f8b83ab2457,Galaxy Cinema Nguyễn Du,,2026-10-08T09:15:00.000Z,2026-10-08T11:30:00.000Z,TWO_D,Phụ Đề,2D Phụ Đề,SCHEDULED,MOCK,2026-10-05T14:56:15.659Z
1aaa68cdc0201994635788b78f58959fa88d4a30,trai-buon-nguoi,fb233b0f-edb4-4eb1-ade8-7f8b83ab2457,Galaxy Cinema Nguyễn Du,,2026-10-08T10:00:00.000Z,2026-10-08T12:15:00.000Z,TWO_D,Phụ Đề,2D Phụ Đề,SCHEDULED,MOCK,2026-10-05T14:56:15.659Z
5d4b9241c4cb09699ce9d82cad27bf72aa699344,trai-buon-nguoi,fb233b0f-edb4-4eb1-ade8-7f8b83ab2457,Galaxy Cinema Nguyễn Du,,2026-10-08T16:00:00.000Z,2026-10-08T18:15:00.000Z,TWO_D,Phụ Đề,2D Phụ Đề,SCHEDULED,MOCK,2026-10-05T14:56:15.659Z
a1a96a1d6cafcea4c678d46f53ba8e8d5adbd8e8,trai-buon-nguoi,fb233b0f-edb4-4eb1-ade8-7f8b83ab2457,Galaxy Cinema Nguyễn Du,,2026-10-08T16:30:00.000Z,2026-10-08T18:45:00.000Z,TWO_D,Phụ Đề,2D Phụ Đề,SCHEDULED,MOCK,2026-10-05T14:56:15.659Z
fe7c41b5da57ce21c40063d54be06c9678480de6,trai-buon-nguoi,galaxy-linh-trung,Galaxy Cinema Co.opXtra Linh Trung,,2026-10-08T02:00:00.000Z,2026-10-08T04:15:00.000Z,TWO_D,Phụ Đề,2D Phụ Đề,SCHEDULED,MOCK,2026-10-05T14:56:15.660Z
f533732b10846eb5a5a40a63f559da0d5a870240,trai-buon-nguoi,galaxy-linh-trung,Galaxy Cinema Co.opXtra Linh Trung,,2026-10-08T02:30:00.000Z,2026-10-08T04:45:00.000Z,TWO_D,Phụ Đề,2D Phụ Đề,SCHEDULED,MOCK,2026-10-05T14:56:15.660Z
d3638bf4d3726c19fb394bc1492ed9cebf4a0c09,trai-buon-nguoi,galaxy-linh-trung,Galaxy Cinema Co.opXtra Linh Trung,,2026-10-08T03:00:00.000Z,2026-10-08T05:15:00.000Z,TWO_D,Phụ Đề,2D Phụ Đề,SCHEDULED,MOCK,2026-10-05T14:56:15.660Z
00ff5d9ad7b75b84a365e686a8fd15fd407ded3d,trai-buon-nguoi,galaxy-linh-trung,Galaxy Cinema Co.opXtra Linh Trung,,2026-10-08T03:30:00.000Z,2026-10-08T05:45:00.000Z,TWO_D,Phụ Đề,2D Phụ Đề,SCHEDULED,MOCK,2026-10-05T14:56:15.660Z
8b73518274dca76f5cf8c3f5237a9399d7a165c3,trai-buon-nguoi,galaxy-linh-trung,Galaxy Cinema Co.opXtra Linh Trung,,2026-10-08T04:00:00.000Z,2026-10-08T06:15:00.000Z,TWO_D,Phụ Đề,2D Phụ Đề,SCHEDULED,MOCK,2026-10-05T14:56:15.660Z
4c17e8bf75d864b4c2fd93ba89d6a1b98a7cc2aa,trai-buon-nguoi,galaxy-linh-trung,Galaxy Cinema Co.opXtra Linh Trung,,2026-10-08T05:00:00.000Z,2026-10-08T07:15:00.000Z,TWO_D,Phụ Đề,2D Phụ Đề,SCHEDULED,MOCK,2026-10-05T14:56:15.660Z
3b7262e6b3182a2758c7fae79d2e8d21d61e4215,trai-buon-nguoi,galaxy-linh-trung,Galaxy Cinema Co.opXtra Linh Trung,,2026-10-08T06:00:00.000Z,2026-10-08T08:15:00.000Z,TWO_D,Phụ Đề,2D Phụ Đề,SCHEDULED,MOCK,2026-10-05T14:56:15.660Z
021246c0fd36330dd6de94e9dc5b5e3584410444,trai-buon-nguoi,galaxy-linh-trung,Galaxy Cinema Co.opXtra Linh Trung,,2026-10-08T06:30:00.000Z,2026-10-08T08:45:00.000Z,TWO_D,Phụ Đề,2D Phụ Đề,SCHEDULED,MOCK,2026-10-05T14:56:15.660Z
047ed4a775178f752852f9031cb0ca723de62710,trai-buon-nguoi,galaxy-linh-trung,Galaxy Cinema Co.opXtra Linh Trung,,2026-10-08T07:30:00.000Z,2026-10-08T09:45:00.000Z,TWO_D,Phụ Đề,2D Phụ Đề,SCHEDULED,MOCK,2026-10-05T14:56:15.660Z
0928ac38c68ff20f5f72343cdb2f646a9a51f891,trai-buon-nguoi,galaxy-linh-trung,Galaxy Cinema Co.opXtra Linh Trung,,2026-10-08T08:00:00.000Z,2026-10-08T10:15:00.000Z,TWO_D,Phụ Đề,2D Phụ Đề,SCHEDULED,MOCK,2026-10-05T14:56:15.660Z
4906d2d24e72c09b19d9d6144d325af0d1758f74,trai-buon-nguoi,galaxy-linh-trung,Galaxy Cinema Co.opXtra Linh Trung,,2026-10-08T08:30:00.000Z,2026-10-08T10:45:00.000Z,TWO_D,Phụ Đề,2D Phụ Đề,SCHEDULED,MOCK,2026-10-05T14:56:15.660Z
04b1f29c5cf75e88f64e10c098d1a54bc28ae2a2,trai-buon-nguoi,galaxy-linh-trung,Galaxy Cinema Co.opXtra Linh Trung,,2026-10-08T09:00:00.000Z,2026-10-08T11:15:00.000Z,TWO_D,Phụ Đề,2D Phụ Đề,SCHEDULED,MOCK,2026-10-05T14:56:15.660Z
c848a0c20af5bc59cbf58d2379f8257907670686,trai-buon-nguoi,galaxy-linh-trung,Galaxy Cinema Co.opXtra Linh Trung,,2026-10-08T10:00:00.000Z,2026-10-08T12:15:00.000Z,TWO_D,Phụ Đề,2D Phụ Đề,SCHEDULED,MOCK,2026-10-05T14:56:15.660Z
b1832d177d52b8a45225a5dd7aface5fb459ecc7,trai-buon-nguoi,galaxy-linh-trung,Galaxy Cinema Co.opXtra Linh Trung,,2026-10-08T10:30:00.000Z,2026-10-08T12:45:00.000Z,TWO_D,Phụ Đề,2D Phụ Đề,SCHEDULED,MOCK,2026-10-05T14:56:15.660Z
509b6d3cc7a557d7ff22ca7779c4015f9cd97eaf,trai-buon-nguoi,galaxy-linh-trung,Galaxy Cinema Co.opXtra Linh Trung,,2026-10-08T11:00:00.000Z,2026-10-08T13:15:00.000Z,TWO_D,Phụ Đề,2D Phụ Đề,SCHEDULED,MOCK,2026-10-05T14:56:15.660Z
eeaeeea0fbf0ed8c391e7e795b2900957a1cfe64,trai-buon-nguoi,galaxy-linh-trung,Galaxy Cinema Co.opXtra Linh Trung,,2026-10-08T11:15:00.000Z,2026-10-08T13:30:00.000Z,TWO_D,Phụ Đề,2D Phụ Đề,SCHEDULED,MOCK,2026-10-05T14:56:15.660Z
7b5d25e3df36083dfbf152e170e588df953d726a,trai-buon-nguoi,galaxy-linh-trung,Galaxy Cinema Co.opXtra Linh Trung,,2026-10-08T11:30:00.000Z,2026-10-08T13:45:00.000Z,TWO_D,Phụ Đề,2D Phụ Đề,SCHEDULED,MOCK,2026-10-05T14:56:15.660Z
ef09f34f54819c008a5df34fd3c114b75ed0d8d8,trai-buon-nguoi,galaxy-linh-trung,Galaxy Cinema Co.opXtra Linh Trung,,2026-10-08T12:30:00.000Z,2026-10-08T14:45:00.000Z,TWO_D,Phụ Đề,2D Phụ Đề,SCHEDULED,MOCK,2026-10-05T14:56:15.660Z
cd000c8c8cecaf41b3c0cb8c46ad5ed2bcf2e7f3,trai-buon-nguoi,galaxy-linh-trung,Galaxy Cinema Co.opXtra Linh Trung,,2026-10-08T13:00:00.000Z,2026-10-08T15:15:00.000Z,TWO_D,Phụ Đề,2D Phụ Đề,SCHEDULED,MOCK,2026-10-05T14:56:15.660Z
0d0153513c34cb7d94414193b2ffaa5edc2427a7,trai-buon-nguoi,galaxy-linh-trung,Galaxy Cinema Co.opXtra Linh Trung,,2026-10-08T13:30:00.000Z,2026-10-08T15:45:00.000Z,TWO_D,Phụ Đề,2D Phụ Đề,SCHEDULED,MOCK,2026-10-05T14:56:15.660Z
4121c4da16c6a6025c46ac597f96c72e5e739d05,trai-buon-nguoi,galaxy-linh-trung,Galaxy Cinema Co.opXtra Linh Trung,,2026-10-08T13:45:00.000Z,2026-10-08T16:00:00.000Z,TWO_D,Phụ Đề,2D Phụ Đề,SCHEDULED,MOCK,2026-10-05T14:56:15.660Z
dc0058c536e7b0e252c06251744940ad41cf72d6,trai-buon-nguoi,galaxy-linh-trung,Galaxy Cinema Co.opXtra Linh Trung,,2026-10-08T14:00:00.000Z,2026-10-08T16:15:00.000Z,TWO_D,Phụ Đề,2D Phụ Đề,SCHEDULED,MOCK,2026-10-05T14:56:15.660Z
1236d78c92c1ab1c187a2d12cc722045ea3f2163,trai-buon-nguoi,galaxy-linh-trung,Galaxy Cinema Co.opXtra Linh Trung,,2026-10-08T15:00:00.000Z,2026-10-08T17:15:00.000Z,TWO_D,Phụ Đề,2D Phụ Đề,SCHEDULED,MOCK,2026-10-05T14:56:15.660Z
9fd4dc6e3282c638cc34067f8b1ea4ba1ac1fd95,trai-buon-nguoi,galaxy-linh-trung,Galaxy Cinema Co.opXtra Linh Trung,,2026-10-08T15:30:00.000Z,2026-10-08T17:45:00.000Z,TWO_D,Phụ Đề,2D Phụ Đề,SCHEDULED,MOCK,2026-10-05T14:56:15.660Z
71af455b72498cd7a9d8e5f4298c34161449985c,trai-buon-nguoi,galaxy-truong-chinh,Galaxy Cinema Coop Trường Chinh,,2026-10-08T02:00:00.000Z,2026-10-08T04:15:00.000Z,TWO_D,Phụ Đề,2D Phụ Đề,SCHEDULED,MOCK,2026-10-05T14:56:15.660Z
caa6edc5a0bb3c12cafa94ad04a0eec4fe853bee,trai-buon-nguoi,galaxy-truong-chinh,Galaxy Cinema Coop Trường Chinh,,2026-10-08T03:00:00.000Z,2026-10-08T05:15:00.000Z,TWO_D,Phụ Đề,2D Phụ Đề,SCHEDULED,MOCK,2026-10-05T14:56:15.660Z
dbc8112cb9c9a06b88f8d0ef07bd589e4e0bacef,trai-buon-nguoi,galaxy-truong-chinh,Galaxy Cinema Coop Trường Chinh,,2026-10-08T03:30:00.000Z,2026-10-08T05:45:00.000Z,TWO_D,Phụ Đề,2D Phụ Đề,SCHEDULED,MOCK,2026-10-05T14:56:15.660Z
ae0c07b83cd6b5fe5dd7e6849fb5b1a7392a0558,trai-buon-nguoi,galaxy-truong-chinh,Galaxy Cinema Coop Trường Chinh,,2026-10-08T04:00:00.000Z,2026-10-08T06:15:00.000Z,TWO_D,Phụ Đề,2D Phụ Đề,SCHEDULED,MOCK,2026-10-05T14:56:15.660Z
a40d8449d6ffe441e9bdf422854f3be8064f3e1a,trai-buon-nguoi,galaxy-truong-chinh,Galaxy Cinema Coop Trường Chinh,,2026-10-08T04:30:00.000Z,2026-10-08T06:45:00.000Z,TWO_D,Phụ Đề,2D Phụ Đề,SCHEDULED,MOCK,2026-10-05T14:56:15.661Z
8c7b4c271ea19ae65c99333af9f5a5eb24ce0ecd,trai-buon-nguoi,galaxy-truong-chinh,Galaxy Cinema Coop Trường Chinh,,2026-10-08T05:00:00.000Z,2026-10-08T07:15:00.000Z,TWO_D,Phụ Đề,2D Phụ Đề,SCHEDULED,MOCK,2026-10-05T14:56:15.661Z
044e9e65984d88ca2fd0d7dab76137f8a12ada98,trai-buon-nguoi,galaxy-truong-chinh,Galaxy Cinema Coop Trường Chinh,,2026-10-08T05:30:00.000Z,2026-10-08T07:45:00.000Z,TWO_D,Phụ Đề,2D Phụ Đề,SCHEDULED,MOCK,2026-10-05T14:56:15.661Z
2ac74d8c1391237219458c5fcac789bb9a41caf8,trai-buon-nguoi,galaxy-truong-chinh,Galaxy Cinema Coop Trường Chinh,,2026-10-08T06:30:00.000Z,2026-10-08T08:45:00.000Z,TWO_D,Phụ Đề,2D Phụ Đề,SCHEDULED,MOCK,2026-10-05T14:56:15.661Z
be0d298d2c66780f466e2082d2c153b49a1462fa,trai-buon-nguoi,galaxy-truong-chinh,Galaxy Cinema Coop Trường Chinh,,2026-10-08T07:00:00.000Z,2026-10-08T09:15:00.000Z,TWO_D,Phụ Đề,2D Phụ Đề,SCHEDULED,MOCK,2026-10-05T14:56:15.661Z
0386816f74f0965383c78cba1c1e66238736d729,trai-buon-nguoi,galaxy-truong-chinh,Galaxy Cinema Coop Trường Chinh,,2026-10-08T07:30:00.000Z,2026-10-08T09:45:00.000Z,TWO_D,Phụ Đề,2D Phụ Đề,SCHEDULED,MOCK,2026-10-05T14:56:15.661Z
e03100d0e5ce3321d07dfed8d802548b5fbcc44f,trai-buon-nguoi,galaxy-truong-chinh,Galaxy Cinema Coop Trường Chinh,,2026-10-08T08:00:00.000Z,2026-10-08T10:15:00.000Z,TWO_D,Phụ Đề,2D Phụ Đề,SCHEDULED,MOCK,2026-10-05T14:56:15.661Z
18dd41606ef53b5a0345cb38d139c17fc95a66cd,trai-buon-nguoi,galaxy-truong-chinh,Galaxy Cinema Coop Trường Chinh,,2026-10-08T08:30:00.000Z,2026-10-08T10:45:00.000Z,TWO_D,Phụ Đề,2D Phụ Đề,SCHEDULED,MOCK,2026-10-05T14:56:15.661Z
3a54311cb49424e4fd9545225e6192d123d95090,trai-buon-nguoi,galaxy-truong-chinh,Galaxy Cinema Coop Trường Chinh,,2026-10-08T09:00:00.000Z,2026-10-08T11:15:00.000Z,TWO_D,Phụ Đề,2D Phụ Đề,SCHEDULED,MOCK,2026-10-05T14:56:15.661Z
0fc2f51262d53a5a80a80e1e48617aec3850eda9,trai-buon-nguoi,galaxy-truong-chinh,Galaxy Cinema Coop Trường Chinh,,2026-10-08T09:30:00.000Z,2026-10-08T11:45:00.000Z,TWO_D,Phụ Đề,2D Phụ Đề,SCHEDULED,MOCK,2026-10-05T14:56:15.661Z
a83a1e2fe55d3df749bd4d857de303cb0940bf52,trai-buon-nguoi,galaxy-truong-chinh,Galaxy Cinema Coop Trường Chinh,,2026-10-08T10:00:00.000Z,2026-10-08T12:15:00.000Z,TWO_D,Phụ Đề,2D Phụ Đề,SCHEDULED,MOCK,2026-10-05T14:56:15.661Z
fb3da5ce775b25529a1b8d68e175fc1dfcdb07e5,trai-buon-nguoi,galaxy-truong-chinh,Galaxy Cinema Coop Trường Chinh,,2026-10-08T10:30:00.000Z,2026-10-08T12:45:00.000Z,TWO_D,Phụ Đề,2D Phụ Đề,SCHEDULED,MOCK,2026-10-05T14:56:15.661Z
51d1f4f8e96ba7ec2a50a3fcbd7cf62d58e4b013,trai-buon-nguoi,galaxy-truong-chinh,Galaxy Cinema Coop Trường Chinh,,2026-10-08T11:00:00.000Z,2026-10-08T13:15:00.000Z,TWO_D,Phụ Đề,2D Phụ Đề,SCHEDULED,MOCK,2026-10-05T14:56:15.661Z
3fe84624dd3324dda09ca68cad82e551dab26d65,trai-buon-nguoi,galaxy-truong-chinh,Galaxy Cinema Coop Trường Chinh,,2026-10-08T11:15:00.000Z,2026-10-08T13:30:00.000Z,TWO_D,Phụ Đề,2D Phụ Đề,SCHEDULED,MOCK,2026-10-05T14:56:15.661Z
9d4c655450d2df11de9a17caaf7b4a825d6caa79,trai-buon-nguoi,galaxy-truong-chinh,Galaxy Cinema Coop Trường Chinh,,2026-10-08T11:30:00.000Z,2026-10-08T13:45:00.000Z,TWO_D,Phụ Đề,2D Phụ Đề,SCHEDULED,MOCK,2026-10-05T14:56:15.661Z
2826d2903d45fc9a7844ccfcae61daa1a8645d1b,trai-buon-nguoi,galaxy-truong-chinh,Galaxy Cinema Coop Trường Chinh,,2026-10-08T12:00:00.000Z,2026-10-08T14:15:00.000Z,TWO_D,Phụ Đề,2D Phụ Đề,SCHEDULED,MOCK,2026-10-05T14:56:15.661Z
041f1e5b325c63fe7ecfaac325caad165ba76b98,trai-buon-nguoi,galaxy-truong-chinh,Galaxy Cinema Coop Trường Chinh,,2026-10-08T12:30:00.000Z,2026-10-08T14:45:00.000Z,TWO_D,Phụ Đề,2D Phụ Đề,SCHEDULED,MOCK,2026-10-05T14:56:15.661Z
1d317ee1c1a08bc038ce049c8b1c8c6915939088,trai-buon-nguoi,galaxy-truong-chinh,Galaxy Cinema Coop Trường Chinh,,2026-10-08T13:00:00.000Z,2026-10-08T15:15:00.000Z,TWO_D,Phụ Đề,2D Phụ Đề,SCHEDULED,MOCK,2026-10-05T14:56:15.661Z
18012510126560b87c3825d4c587a857714200c2,trai-buon-nguoi,galaxy-truong-chinh,Galaxy Cinema Coop Trường Chinh,,2026-10-08T13:30:00.000Z,2026-10-08T15:45:00.000Z,TWO_D,Phụ Đề,2D Phụ Đề,SCHEDULED,MOCK,2026-10-05T14:56:15.661Z
bf0f4552e08946e6bd6aa1ab60a90b93cba9f845,trai-buon-nguoi,galaxy-truong-chinh,Galaxy Cinema Coop Trường Chinh,,2026-10-08T13:45:00.000Z,2026-10-08T16:00:00.000Z,TWO_D,Phụ Đề,2D Phụ Đề,SCHEDULED,MOCK,2026-10-05T14:56:15.661Z
711642b9abd01cb792c5ca4757e4b69ec21586d9,trai-buon-nguoi,galaxy-truong-chinh,Galaxy Cinema Coop Trường Chinh,,2026-10-08T14:00:00.000Z,2026-10-08T16:15:00.000Z,TWO_D,Phụ Đề,2D Phụ Đề,SCHEDULED,MOCK,2026-10-05T14:56:15.661Z
85fea09c38a41cf377326f79c494e5b08acd4b68,trai-buon-nguoi,galaxy-truong-chinh,Galaxy Cinema Coop Trường Chinh,,2026-10-08T14:30:00.000Z,2026-10-08T16:45:00.000Z,TWO_D,Phụ Đề,2D Phụ Đề,SCHEDULED,MOCK,2026-10-05T14:56:15.661Z
4afde417ead10646e628200af7398b230a7dc002,trai-buon-nguoi,galaxy-truong-chinh,Galaxy Cinema Coop Trường Chinh,,2026-10-08T15:00:00.000Z,2026-10-08T17:15:00.000Z,TWO_D,Phụ Đề,2D Phụ Đề,SCHEDULED,MOCK,2026-10-05T14:56:15.661Z
bc30ba38ee2d84d0ff4e8d27215513d3752cc241,trai-buon-nguoi,galaxy-truong-chinh,Galaxy Cinema Coop Trường Chinh,,2026-10-08T15:30:00.000Z,2026-10-08T17:45:00.000Z,TWO_D,Phụ Đề,2D Phụ Đề,SCHEDULED,MOCK,2026-10-05T14:56:15.661Z
b98aac2d840996b7d3c8c27073fc80458bb7d452,trai-buon-nguoi,galaxy-truong-chinh,Galaxy Cinema Coop Trường Chinh,,2026-10-08T16:00:00.000Z,2026-10-08T18:15:00.000Z,TWO_D,Phụ Đề,2D Phụ Đề,SCHEDULED,MOCK,2026-10-05T14:56:15.661Z
6f5fdc17b78b7f7dad3df0f0b0aa7b3f43330edb,trai-buon-nguoi,name:galaxy-cinema-go-ba-ria,Galaxy Cinema GO! Bà Rịa,,2026-10-08T02:00:00.000Z,2026-10-08T04:15:00.000Z,TWO_D,Phụ Đề,2D Phụ Đề,SCHEDULED,MOCK,2026-10-05T14:56:15.661Z
52ae9f1c3a478fd397b775253eae1ac689db4006,trai-buon-nguoi,name:galaxy-cinema-go-ba-ria,Galaxy Cinema GO! Bà Rịa,,2026-10-08T02:45:00.000Z,2026-10-08T05:00:00.000Z,TWO_D,Phụ Đề,2D Phụ Đề,SCHEDULED,MOCK,2026-10-05T14:56:15.661Z
8ec8172d7ab795fa801818ffb423d28c8dd053c3,trai-buon-nguoi,name:galaxy-cinema-go-ba-ria,Galaxy Cinema GO! Bà Rịa,,2026-10-08T03:30:00.000Z,2026-10-08T05:45:00.000Z,TWO_D,Phụ Đề,2D Phụ Đề,SCHEDULED,MOCK,2026-10-05T14:56:15.661Z
c7cd75e61983d86584676fea690db7b4d5e378f2,trai-buon-nguoi,name:galaxy-cinema-go-ba-ria,Galaxy Cinema GO! Bà Rịa,,2026-10-08T04:00:00.000Z,2026-10-08T06:15:00.000Z,TWO_D,Phụ Đề,2D Phụ Đề,SCHEDULED,MOCK,2026-10-05T14:56:15.661Z
7e58e4ffc025eafa14da648eb5c53e3939c2fcc7,trai-buon-nguoi,name:galaxy-cinema-go-ba-ria,Galaxy Cinema GO! Bà Rịa,,2026-10-08T04:30:00.000Z,2026-10-08T06:45:00.000Z,TWO_D,Phụ Đề,2D Phụ Đề,SCHEDULED,MOCK,2026-10-05T14:56:15.661Z
825ca93df33ad92fcfffefcaef2d7d2bb8c02c15,trai-buon-nguoi,name:galaxy-cinema-go-ba-ria,Galaxy Cinema GO! Bà Rịa,,2026-10-08T05:15:00.000Z,2026-10-08T07:30:00.000Z,TWO_D,Phụ Đề,2D Phụ Đề,SCHEDULED,MOCK,2026-10-05T14:56:15.661Z
c081d159d71d50e7145af189dc26272f9cb27443,trai-buon-nguoi,name:galaxy-cinema-go-ba-ria,Galaxy Cinema GO! Bà Rịa,,2026-10-08T06:00:00.000Z,2026-10-08T08:15:00.000Z,TWO_D,Phụ Đề,2D Phụ Đề,SCHEDULED,MOCK,2026-10-05T14:56:15.661Z
87b1277ea029040065b0dbe54950dfbcd0f741d1,trai-buon-nguoi,name:galaxy-cinema-go-ba-ria,Galaxy Cinema GO! Bà Rịa,,2026-10-08T06:30:00.000Z,2026-10-08T08:45:00.000Z,TWO_D,Phụ Đề,2D Phụ Đề,SCHEDULED,MOCK,2026-10-05T14:56:15.662Z
e52b5f104c0c994247d7f21cf08d5c0621cba602,trai-buon-nguoi,name:galaxy-cinema-go-ba-ria,Galaxy Cinema GO! Bà Rịa,,2026-10-08T07:00:00.000Z,2026-10-08T09:15:00.000Z,TWO_D,Phụ Đề,2D Phụ Đề,SCHEDULED,MOCK,2026-10-05T14:56:15.662Z
6cd01feb7703ef33ef70eb70f7edc34d06289f6f,trai-buon-nguoi,name:galaxy-cinema-go-ba-ria,Galaxy Cinema GO! Bà Rịa,,2026-10-08T07:45:00.000Z,2026-10-08T10:00:00.000Z,TWO_D,Phụ Đề,2D Phụ Đề,SCHEDULED,MOCK,2026-10-05T14:56:15.662Z
c7e670203d41b40b5a76fd5d7c9edc34b0365d0d,trai-buon-nguoi,name:galaxy-cinema-go-ba-ria,Galaxy Cinema GO! Bà Rịa,,2026-10-08T08:30:00.000Z,2026-10-08T10:45:00.000Z,TWO_D,Phụ Đề,2D Phụ Đề,SCHEDULED,MOCK,2026-10-05T14:56:15.662Z
25e226759bc66bb778c1838d2063be8118459861,trai-buon-nguoi,name:galaxy-cinema-go-ba-ria,Galaxy Cinema GO! Bà Rịa,,2026-10-08T09:00:00.000Z,2026-10-08T11:15:00.000Z,TWO_D,Phụ Đề,2D Phụ Đề,SCHEDULED,MOCK,2026-10-05T14:56:15.662Z
b1a85217e4a5dc188fdb12a5da6a386261dba4ec,trai-buon-nguoi,name:galaxy-cinema-go-ba-ria,Galaxy Cinema GO! Bà Rịa,,2026-10-08T09:30:00.000Z,2026-10-08T11:45:00.000Z,TWO_D,Phụ Đề,2D Phụ Đề,SCHEDULED,MOCK,2026-10-05T14:56:15.662Z
59d9ea62bdfaa5d49b5be0f5269e001bad76e881,trai-buon-nguoi,name:galaxy-cinema-go-ba-ria,Galaxy Cinema GO! Bà Rịa,,2026-10-08T10:15:00.000Z,2026-10-08T12:30:00.000Z,TWO_D,Phụ Đề,2D Phụ Đề,SCHEDULED,MOCK,2026-10-05T14:56:15.662Z
dd5d7df50f697125549618beada53ae52152ebe1,trai-buon-nguoi,name:galaxy-cinema-go-ba-ria,Galaxy Cinema GO! Bà Rịa,,2026-10-08T11:00:00.000Z,2026-10-08T13:15:00.000Z,TWO_D,Phụ Đề,2D Phụ Đề,SCHEDULED,MOCK,2026-10-05T14:56:15.662Z
87c1c05bcc8584f2b2cbd3e135d986628ff1fe9f,trai-buon-nguoi,name:galaxy-cinema-go-ba-ria,Galaxy Cinema GO! Bà Rịa,,2026-10-08T11:30:00.000Z,2026-10-08T13:45:00.000Z,TWO_D,Phụ Đề,2D Phụ Đề,SCHEDULED,MOCK,2026-10-05T14:56:15.662Z
4b7474c6331d7a0960b14f354d6543cad3a9d3a1,trai-buon-nguoi,name:galaxy-cinema-go-ba-ria,Galaxy Cinema GO! Bà Rịa,,2026-10-08T12:00:00.000Z,2026-10-08T14:15:00.000Z,TWO_D,Phụ Đề,2D Phụ Đề,SCHEDULED,MOCK,2026-10-05T14:56:15.662Z
11d15478fb3277e600c71ad32181011c96417dcb,trai-buon-nguoi,name:galaxy-cinema-go-ba-ria,Galaxy Cinema GO! Bà Rịa,,2026-10-08T12:30:00.000Z,2026-10-08T14:45:00.000Z,TWO_D,Phụ Đề,2D Phụ Đề,SCHEDULED,MOCK,2026-10-05T14:56:15.662Z
c89823d45a1a7a3555baa6983e11cf65c08368c8,trai-buon-nguoi,name:galaxy-cinema-go-ba-ria,Galaxy Cinema GO! Bà Rịa,,2026-10-08T12:45:00.000Z,2026-10-08T15:00:00.000Z,TWO_D,Phụ Đề,2D Phụ Đề,SCHEDULED,MOCK,2026-10-05T14:56:15.662Z
50d47b90a10055faceb8485823f2d625d446fc99,trai-buon-nguoi,name:galaxy-cinema-go-ba-ria,Galaxy Cinema GO! Bà Rịa,,2026-10-08T13:30:00.000Z,2026-10-08T15:45:00.000Z,TWO_D,Phụ Đề,2D Phụ Đề,SCHEDULED,MOCK,2026-10-05T14:56:15.662Z
3be64a6be0535c41dc51c93e1ef1365f3349da39,trai-buon-nguoi,name:galaxy-cinema-go-ba-ria,Galaxy Cinema GO! Bà Rịa,,2026-10-08T14:00:00.000Z,2026-10-08T16:15:00.000Z,TWO_D,Phụ Đề,2D Phụ Đề,SCHEDULED,MOCK,2026-10-05T14:56:15.662Z
672bfa749b55dba2e0e49fee0da381836fbb7250,trai-buon-nguoi,name:galaxy-cinema-go-ba-ria,Galaxy Cinema GO! Bà Rịa,,2026-10-08T14:30:00.000Z,2026-10-08T16:45:00.000Z,TWO_D,Phụ Đề,2D Phụ Đề,SCHEDULED,MOCK,2026-10-05T14:56:15.662Z
7c7c9ca0056e81a39f104d84fc398418778fea4e,trai-buon-nguoi,name:galaxy-cinema-go-ba-ria,Galaxy Cinema GO! Bà Rịa,,2026-10-08T15:00:00.000Z,2026-10-08T17:15:00.000Z,TWO_D,Phụ Đề,2D Phụ Đề,SCHEDULED,MOCK,2026-10-05T14:56:15.662Z
20c1d3c9b0eaec8acc586664a6abf2c2c3b91710,trai-buon-nguoi,name:galaxy-cinema-go-ba-ria,Galaxy Cinema GO! Bà Rịa,,2026-10-08T15:15:00.000Z,2026-10-08T17:30:00.000Z,TWO_D,Phụ Đề,2D Phụ Đề,SCHEDULED,MOCK,2026-10-05T14:56:15.662Z
ee53dafcbee56cdb8fbed75d5360ba6d656d3cec,trai-buon-nguoi,name:galaxy-cinema-coop-da-nang,Galaxy Cinema Coop Đà Nẵng,,2026-10-08T02:15:00.000Z,2026-10-08T04:30:00.000Z,TWO_D,Phụ Đề,2D Phụ Đề,SCHEDULED,MOCK,2026-10-05T14:56:15.662Z
6d54ff529c1a083f1e35e54f5f0ae82a2c0b96c3,trai-buon-nguoi,name:galaxy-cinema-coop-da-nang,Galaxy Cinema Coop Đà Nẵng,,2026-10-08T03:00:00.000Z,2026-10-08T05:15:00.000Z,TWO_D,Phụ Đề,2D Phụ Đề,SCHEDULED,MOCK,2026-10-05T14:56:15.662Z
b1fc2769d46d932139e92445c804cca33bdae265,trai-buon-nguoi,name:galaxy-cinema-coop-da-nang,Galaxy Cinema Coop Đà Nẵng,,2026-10-08T03:30:00.000Z,2026-10-08T05:45:00.000Z,TWO_D,Phụ Đề,2D Phụ Đề,SCHEDULED,MOCK,2026-10-05T14:56:15.662Z
dea9638129968dabe48c49adc36abcd7872310aa,trai-buon-nguoi,name:galaxy-cinema-coop-da-nang,Galaxy Cinema Coop Đà Nẵng,,2026-10-08T05:00:00.000Z,2026-10-08T07:15:00.000Z,TWO_D,Phụ Đề,2D Phụ Đề,SCHEDULED,MOCK,2026-10-05T14:56:15.662Z
59ccaefd4a5022ea69c0f172e1ccfedc5194bffc,trai-buon-nguoi,name:galaxy-cinema-coop-da-nang,Galaxy Cinema Coop Đà Nẵng,,2026-10-08T05:30:00.000Z,2026-10-08T07:45:00.000Z,TWO_D,Phụ Đề,2D Phụ Đề,SCHEDULED,MOCK,2026-10-05T14:56:15.662Z
0a416b3102677abde995c2f4a28b710e41141a1c,trai-buon-nguoi,name:galaxy-cinema-coop-da-nang,Galaxy Cinema Coop Đà Nẵng,,2026-10-08T06:00:00.000Z,2026-10-08T08:15:00.000Z,TWO_D,Phụ Đề,2D Phụ Đề,SCHEDULED,MOCK,2026-10-05T14:56:15.662Z
983dd2e1b3ae9ee119022530a915e88f02b4ba6f,trai-buon-nguoi,name:galaxy-cinema-coop-da-nang,Galaxy Cinema Coop Đà Nẵng,,2026-10-08T07:30:00.000Z,2026-10-08T09:45:00.000Z,TWO_D,Phụ Đề,2D Phụ Đề,SCHEDULED,MOCK,2026-10-05T14:56:15.662Z
00368762d4c21fbbd2d54d99753d3fe6aadc754c,trai-buon-nguoi,name:galaxy-cinema-coop-da-nang,Galaxy Cinema Coop Đà Nẵng,,2026-10-08T08:00:00.000Z,2026-10-08T10:15:00.000Z,TWO_D,Phụ Đề,2D Phụ Đề,SCHEDULED,MOCK,2026-10-05T14:56:15.662Z
bc73fd7dfc95d6c071a253112901b61275b66d40,trai-buon-nguoi,name:galaxy-cinema-coop-da-nang,Galaxy Cinema Coop Đà Nẵng,,2026-10-08T08:30:00.000Z,2026-10-08T10:45:00.000Z,TWO_D,Phụ Đề,2D Phụ Đề,SCHEDULED,MOCK,2026-10-05T14:56:15.662Z
55dbe6894c7a1c4c54c655a8386511877e9c3d14,trai-buon-nguoi,name:galaxy-cinema-coop-da-nang,Galaxy Cinema Coop Đà Nẵng,,2026-10-08T10:00:00.000Z,2026-10-08T12:15:00.000Z,TWO_D,Phụ Đề,2D Phụ Đề,SCHEDULED,MOCK,2026-10-05T14:56:15.662Z
e9c681d6792de600ae850a98d6f29269d1d64d21,trai-buon-nguoi,name:galaxy-cinema-coop-da-nang,Galaxy Cinema Coop Đà Nẵng,,2026-10-08T10:30:00.000Z,2026-10-08T12:45:00.000Z,TWO_D,Phụ Đề,2D Phụ Đề,SCHEDULED,MOCK,2026-10-05T14:56:15.662Z
8cb81fe8e5ccb307d1bfb5a8608d6adafeaa99b7,trai-buon-nguoi,name:galaxy-cinema-coop-da-nang,Galaxy Cinema Coop Đà Nẵng,,2026-10-08T11:00:00.000Z,2026-10-08T13:15:00.000Z,TWO_D,Phụ Đề,2D Phụ Đề,SCHEDULED,MOCK,2026-10-05T14:56:15.662Z
66c49fc8d58fbf3ed4bfb40e8b5da8742366383c,trai-buon-nguoi,name:galaxy-cinema-coop-da-nang,Galaxy Cinema Coop Đà Nẵng,,2026-10-08T12:30:00.000Z,2026-10-08T14:45:00.000Z,TWO_D,Phụ Đề,2D Phụ Đề,SCHEDULED,MOCK,2026-10-05T14:56:15.663Z
1633699c85ba78959a143c84eb8122b7108307eb,trai-buon-nguoi,name:galaxy-cinema-coop-da-nang,Galaxy Cinema Coop Đà Nẵng,,2026-10-08T13:00:00.000Z,2026-10-08T15:15:00.000Z,TWO_D,Phụ Đề,2D Phụ Đề,SCHEDULED,MOCK,2026-10-05T14:56:15.663Z
393d7df65b8359302202d2a53d1299b93a9a8b43,trai-buon-nguoi,name:galaxy-cinema-coop-da-nang,Galaxy Cinema Coop Đà Nẵng,,2026-10-08T13:45:00.000Z,2026-10-08T16:00:00.000Z,TWO_D,Phụ Đề,2D Phụ Đề,SCHEDULED,MOCK,2026-10-05T14:56:15.663Z
78759608f7681aa8a8835990fa2f0b1aa7dab6cc,trai-buon-nguoi,name:galaxy-cinema-coop-da-nang,Galaxy Cinema Coop Đà Nẵng,,2026-10-08T15:00:00.000Z,2026-10-08T17:15:00.000Z,TWO_D,Phụ Đề,2D Phụ Đề,SCHEDULED,MOCK,2026-10-05T14:56:15.663Z
997477912355b6fc0ce3ee7a569900d09f75bea4,trai-buon-nguoi,name:galaxy-cinema-coop-da-nang,Galaxy Cinema Coop Đà Nẵng,,2026-10-08T15:30:00.000Z,2026-10-08T17:45:00.000Z,TWO_D,Phụ Đề,2D Phụ Đề,SCHEDULED,MOCK,2026-10-05T14:56:15.663Z
fd061e39b87f023fdc4689372f0ae128d1166f80,trai-buon-nguoi,name:galaxy-cinema-coop-da-nang,Galaxy Cinema Coop Đà Nẵng,,2026-10-08T16:15:00.000Z,2026-10-08T18:30:00.000Z,TWO_D,Phụ Đề,2D Phụ Đề,SCHEDULED,MOCK,2026-10-05T14:56:15.663Z
87e54947efeeda41c5b6e5de4a813b259ac21706,trai-buon-nguoi,name:galaxy-cinema-hai-phong,Galaxy Cinema Hải Phòng,,2026-10-08T02:30:00.000Z,2026-10-08T04:45:00.000Z,TWO_D,Phụ Đề,2D Phụ Đề,SCHEDULED,MOCK,2026-10-05T14:56:15.663Z
831b56ed854dc4a5946226395e111d9783801be3,trai-buon-nguoi,name:galaxy-cinema-hai-phong,Galaxy Cinema Hải Phòng,,2026-10-08T03:15:00.000Z,2026-10-08T05:30:00.000Z,TWO_D,Phụ Đề,2D Phụ Đề,SCHEDULED,MOCK,2026-10-05T14:56:15.663Z
8aa15403bdaa9105ba3c521d1318629e71c405f1,trai-buon-nguoi,name:galaxy-cinema-hai-phong,Galaxy Cinema Hải Phòng,,2026-10-08T04:00:00.000Z,2026-10-08T06:15:00.000Z,TWO_D,Phụ Đề,2D Phụ Đề,SCHEDULED,MOCK,2026-10-05T14:56:15.663Z
744aa3a3c0a2301328fe38e6b060533a63b726b0,trai-buon-nguoi,name:galaxy-cinema-hai-phong,Galaxy Cinema Hải Phòng,,2026-10-08T04:30:00.000Z,2026-10-08T06:45:00.000Z,TWO_D,Phụ Đề,2D Phụ Đề,SCHEDULED,MOCK,2026-10-05T14:56:15.663Z
654a49de4a844d55b257ff1f9556ed5a1a6c455e,trai-buon-nguoi,name:galaxy-cinema-hai-phong,Galaxy Cinema Hải Phòng,,2026-10-08T05:00:00.000Z,2026-10-08T07:15:00.000Z,TWO_D,Phụ Đề,2D Phụ Đề,SCHEDULED,MOCK,2026-10-05T14:56:15.663Z
28a2c4b100caf15a99cea9704305ec9be8ca73f9,trai-buon-nguoi,name:galaxy-cinema-hai-phong,Galaxy Cinema Hải Phòng,,2026-10-08T05:45:00.000Z,2026-10-08T08:00:00.000Z,TWO_D,Phụ Đề,2D Phụ Đề,SCHEDULED,MOCK,2026-10-05T14:56:15.663Z
ecad18349e8f50096e4d72cd756638b4ee2aa289,trai-buon-nguoi,name:galaxy-cinema-hai-phong,Galaxy Cinema Hải Phòng,,2026-10-08T06:30:00.000Z,2026-10-08T08:45:00.000Z,TWO_D,Phụ Đề,2D Phụ Đề,SCHEDULED,MOCK,2026-10-05T14:56:15.665Z
fc637c5dc2b803bdae0220120a11d9afaa716c53,trai-buon-nguoi,name:galaxy-cinema-hai-phong,Galaxy Cinema Hải Phòng,,2026-10-08T07:00:00.000Z,2026-10-08T09:15:00.000Z,TWO_D,Phụ Đề,2D Phụ Đề,SCHEDULED,MOCK,2026-10-05T14:56:15.665Z
9d827029d9ad3953d2d47df9d3840e43e7acca84,trai-buon-nguoi,name:galaxy-cinema-hai-phong,Galaxy Cinema Hải Phòng,,2026-10-08T07:30:00.000Z,2026-10-08T09:45:00.000Z,TWO_D,Phụ Đề,2D Phụ Đề,SCHEDULED,MOCK,2026-10-05T14:56:15.665Z
18f47229216abf7373b97a809c73f86abae369d9,trai-buon-nguoi,name:galaxy-cinema-hai-phong,Galaxy Cinema Hải Phòng,,2026-10-08T08:00:00.000Z,2026-10-08T10:15:00.000Z,TWO_D,Phụ Đề,2D Phụ Đề,SCHEDULED,MOCK,2026-10-05T14:56:15.665Z
8639ae4d603e17fb0ab6e550259746849f641803,trai-buon-nguoi,name:galaxy-cinema-hai-phong,Galaxy Cinema Hải Phòng,,2026-10-08T08:30:00.000Z,2026-10-08T10:45:00.000Z,TWO_D,Phụ Đề,2D Phụ Đề,SCHEDULED,MOCK,2026-10-05T14:56:15.665Z
3c79029174783e7a6b4130fce3cb6e4054ea102f,trai-buon-nguoi,name:galaxy-cinema-hai-phong,Galaxy Cinema Hải Phòng,,2026-10-08T09:00:00.000Z,2026-10-08T11:15:00.000Z,TWO_D,Phụ Đề,2D Phụ Đề,SCHEDULED,MOCK,2026-10-05T14:56:15.665Z
ddd9d88990d60d870e109d054518e99c2bda9289,trai-buon-nguoi,name:galaxy-cinema-hai-phong,Galaxy Cinema Hải Phòng,,2026-10-08T09:30:00.000Z,2026-10-08T11:45:00.000Z,TWO_D,Phụ Đề,2D Phụ Đề,SCHEDULED,MOCK,2026-10-05T14:56:15.665Z
bc654481332aa438a9a852dcf0d40c97a778c29a,trai-buon-nguoi,name:galaxy-cinema-hai-phong,Galaxy Cinema Hải Phòng,,2026-10-08T10:00:00.000Z,2026-10-08T12:15:00.000Z,TWO_D,Phụ Đề,2D Phụ Đề,SCHEDULED,MOCK,2026-10-05T14:56:15.665Z
6a1d20d1dfb28d2969337c30ec2e8102b6ea834b,trai-buon-nguoi,name:galaxy-cinema-hai-phong,Galaxy Cinema Hải Phòng,,2026-10-08T10:30:00.000Z,2026-10-08T12:45:00.000Z,TWO_D,Phụ Đề,2D Phụ Đề,SCHEDULED,MOCK,2026-10-05T14:56:15.666Z
677e910a40337441dfcaeacf9ec18036988f646f,trai-buon-nguoi,name:galaxy-cinema-hai-phong,Galaxy Cinema Hải Phòng,,2026-10-08T11:00:00.000Z,2026-10-08T13:15:00.000Z,TWO_D,Phụ Đề,2D Phụ Đề,SCHEDULED,MOCK,2026-10-05T14:56:15.666Z
66c1593e006bca320337abb2f645b3e2cc1db286,trai-buon-nguoi,name:galaxy-cinema-hai-phong,Galaxy Cinema Hải Phòng,,2026-10-08T11:30:00.000Z,2026-10-08T13:45:00.000Z,TWO_D,Phụ Đề,2D Phụ Đề,SCHEDULED,MOCK,2026-10-05T14:56:15.666Z
5e1c4954f867e7cc8b7094cd11f1834c33aa2853,trai-buon-nguoi,name:galaxy-cinema-hai-phong,Galaxy Cinema Hải Phòng,,2026-10-08T12:00:00.000Z,2026-10-08T14:15:00.000Z,TWO_D,Phụ Đề,2D Phụ Đề,SCHEDULED,MOCK,2026-10-05T14:56:15.666Z
e2fe29aa378fcc11f033b022c2efc6cfdfa1a8d6,trai-buon-nguoi,name:galaxy-cinema-hai-phong,Galaxy Cinema Hải Phòng,,2026-10-08T12:30:00.000Z,2026-10-08T14:45:00.000Z,TWO_D,Phụ Đề,2D Phụ Đề,SCHEDULED,MOCK,2026-10-05T14:56:15.666Z
7c64a62ed3c1cdff4e34104957e6b355a3b9af32,trai-buon-nguoi,name:galaxy-cinema-hai-phong,Galaxy Cinema Hải Phòng,,2026-10-08T13:00:00.000Z,2026-10-08T15:15:00.000Z,TWO_D,Phụ Đề,2D Phụ Đề,SCHEDULED,MOCK,2026-10-05T14:56:15.666Z
cbdffd5a5f9247e3bf77664f36d7f51b4d537510,trai-buon-nguoi,name:galaxy-cinema-hai-phong,Galaxy Cinema Hải Phòng,,2026-10-08T13:30:00.000Z,2026-10-08T15:45:00.000Z,TWO_D,Phụ Đề,2D Phụ Đề,SCHEDULED,MOCK,2026-10-05T14:56:15.666Z
743b1560fff647d6aef8f126b40ce9d9d4fa225f,trai-buon-nguoi,name:galaxy-cinema-hai-phong,Galaxy Cinema Hải Phòng,,2026-10-08T14:00:00.000Z,2026-10-08T16:15:00.000Z,TWO_D,Phụ Đề,2D Phụ Đề,SCHEDULED,MOCK,2026-10-05T14:56:15.666Z
6f51abf677855d62f793bf05fe8b4901cf48a1d1,trai-buon-nguoi,name:galaxy-cinema-hai-phong,Galaxy Cinema Hải Phòng,,2026-10-08T14:30:00.000Z,2026-10-08T16:45:00.000Z,TWO_D,Phụ Đề,2D Phụ Đề,SCHEDULED,MOCK,2026-10-05T14:56:15.666Z
3387ba4a915d6a994807872da6d907b92238f37c,trai-buon-nguoi,name:galaxy-cinema-hai-phong,Galaxy Cinema Hải Phòng,,2026-10-08T15:00:00.000Z,2026-10-08T17:15:00.000Z,TWO_D,Phụ Đề,2D Phụ Đề,SCHEDULED,MOCK,2026-10-05T14:56:15.666Z
e28b8bcd13683b717516005613aa33077af8d068,trai-buon-nguoi,name:galaxy-cinema-hai-phong,Galaxy Cinema Hải Phòng,,2026-10-08T15:30:00.000Z,2026-10-08T17:45:00.000Z,TWO_D,Phụ Đề,2D Phụ Đề,SCHEDULED,MOCK,2026-10-05T14:56:15.666Z
ed35ed3ce4056bd78563618edef531d3efeb8922,trai-buon-nguoi,name:galaxy-cinema-nha-trang-center,Galaxy Cinema Nha Trang Center,,2026-10-08T02:30:00.000Z,2026-10-08T04:45:00.000Z,TWO_D,Phụ Đề,2D Phụ Đề,SCHEDULED,MOCK,2026-10-05T14:56:15.666Z
a92971ceb87c64307f612d9d4e52cd8337b5dfe5,trai-buon-nguoi,name:galaxy-cinema-nha-trang-center,Galaxy Cinema Nha Trang Center,,2026-10-08T03:15:00.000Z,2026-10-08T05:30:00.000Z,TWO_D,Phụ Đề,2D Phụ Đề,SCHEDULED,MOCK,2026-10-05T14:56:15.666Z
737b51e1a0fe94c910b824aca23490d778fcd057,trai-buon-nguoi,name:galaxy-cinema-nha-trang-center,Galaxy Cinema Nha Trang Center,,2026-10-08T04:00:00.000Z,2026-10-08T06:15:00.000Z,TWO_D,Phụ Đề,2D Phụ Đề,SCHEDULED,MOCK,2026-10-05T14:56:15.666Z
d849197efed1498dc9a070ecef19521906985c2d,trai-buon-nguoi,name:galaxy-cinema-nha-trang-center,Galaxy Cinema Nha Trang Center,,2026-10-08T04:45:00.000Z,2026-10-08T07:00:00.000Z,TWO_D,Phụ Đề,2D Phụ Đề,SCHEDULED,MOCK,2026-10-05T14:56:15.666Z
9d7b27f495dd22a7e8d7c91290e10c773042f7b6,trai-buon-nguoi,name:galaxy-cinema-nha-trang-center,Galaxy Cinema Nha Trang Center,,2026-10-08T05:15:00.000Z,2026-10-08T07:30:00.000Z,TWO_D,Phụ Đề,2D Phụ Đề,SCHEDULED,MOCK,2026-10-05T14:56:15.666Z
59b644d550623f5cc194215914c76c4f032e7ed4,trai-buon-nguoi,name:galaxy-cinema-nha-trang-center,Galaxy Cinema Nha Trang Center,,2026-10-08T06:00:00.000Z,2026-10-08T08:15:00.000Z,TWO_D,Phụ Đề,2D Phụ Đề,SCHEDULED,MOCK,2026-10-05T14:56:15.666Z
0e14ae065b62d6840d0191c45d4c79b36bd3272d,trai-buon-nguoi,name:galaxy-cinema-nha-trang-center,Galaxy Cinema Nha Trang Center,,2026-10-08T06:45:00.000Z,2026-10-08T09:00:00.000Z,TWO_D,Phụ Đề,2D Phụ Đề,SCHEDULED,MOCK,2026-10-05T14:56:15.666Z
38cce230e88bdf74b3e56c36c02a9204aeacb3e1,trai-buon-nguoi,name:galaxy-cinema-nha-trang-center,Galaxy Cinema Nha Trang Center,,2026-10-08T07:15:00.000Z,2026-10-08T09:30:00.000Z,TWO_D,Phụ Đề,2D Phụ Đề,SCHEDULED,MOCK,2026-10-05T14:56:15.666Z
4a6ad68fa60218af3c4f35750033d3e5716a6d29,trai-buon-nguoi,name:galaxy-cinema-nha-trang-center,Galaxy Cinema Nha Trang Center,,2026-10-08T08:00:00.000Z,2026-10-08T10:15:00.000Z,TWO_D,Phụ Đề,2D Phụ Đề,SCHEDULED,MOCK,2026-10-05T14:56:15.666Z
81268a21201e3d0edf02d548b9eb44d23b4ea705,trai-buon-nguoi,name:galaxy-cinema-nha-trang-center,Galaxy Cinema Nha Trang Center,,2026-10-08T08:30:00.000Z,2026-10-08T10:45:00.000Z,TWO_D,Phụ Đề,2D Phụ Đề,SCHEDULED,MOCK,2026-10-05T14:56:15.666Z
c363b9a46eb1d0d14178aa8398fc61601f1b2d93,trai-buon-nguoi,name:galaxy-cinema-nha-trang-center,Galaxy Cinema Nha Trang Center,,2026-10-08T09:15:00.000Z,2026-10-08T11:30:00.000Z,TWO_D,Phụ Đề,2D Phụ Đề,SCHEDULED,MOCK,2026-10-05T14:56:15.666Z
43af748d57fe1732aeb84e988cb50916c3c6ec69,trai-buon-nguoi,name:galaxy-cinema-nha-trang-center,Galaxy Cinema Nha Trang Center,,2026-10-08T10:00:00.000Z,2026-10-08T12:15:00.000Z,TWO_D,Phụ Đề,2D Phụ Đề,SCHEDULED,MOCK,2026-10-05T14:56:15.666Z
7254ab18cd2108a54cbe2ec539f710c14f3433d8,trai-buon-nguoi,name:galaxy-cinema-nha-trang-center,Galaxy Cinema Nha Trang Center,,2026-10-08T10:35:00.000Z,2026-10-08T12:50:00.000Z,TWO_D,Phụ Đề,2D Phụ Đề,SCHEDULED,MOCK,2026-10-05T14:56:15.666Z
7e702a8d2cc045385df6e1f8daefc62e7d80723e,trai-buon-nguoi,name:galaxy-cinema-nha-trang-center,Galaxy Cinema Nha Trang Center,,2026-10-08T10:45:00.000Z,2026-10-08T13:00:00.000Z,TWO_D,Phụ Đề,2D Phụ Đề,SCHEDULED,MOCK,2026-10-05T14:56:15.666Z
af869e21b458e7bb18c2a730f9ae4623e2496d68,trai-buon-nguoi,name:galaxy-cinema-nha-trang-center,Galaxy Cinema Nha Trang Center,,2026-10-08T11:00:00.000Z,2026-10-08T13:15:00.000Z,TWO_D,Phụ Đề,2D Phụ Đề,SCHEDULED,MOCK,2026-10-05T14:56:15.666Z
6eb1ae5830b5a8cf8298e16be294bf9017ed20c1,trai-buon-nguoi,name:galaxy-cinema-nha-trang-center,Galaxy Cinema Nha Trang Center,,2026-10-08T11:45:00.000Z,2026-10-08T14:00:00.000Z,TWO_D,Phụ Đề,2D Phụ Đề,SCHEDULED,MOCK,2026-10-05T14:56:15.666Z
422407258c523a003e87d4dc77db137e3dd6147a,trai-buon-nguoi,name:galaxy-cinema-nha-trang-center,Galaxy Cinema Nha Trang Center,,2026-10-08T12:30:00.000Z,2026-10-08T14:45:00.000Z,TWO_D,Phụ Đề,2D Phụ Đề,SCHEDULED,MOCK,2026-10-05T14:56:15.666Z
d114f92d32a63bf2cbc9fea56812fb31089e4f13,trai-buon-nguoi,name:galaxy-cinema-nha-trang-center,Galaxy Cinema Nha Trang Center,,2026-10-08T13:15:00.000Z,2026-10-08T15:30:00.000Z,TWO_D,Phụ Đề,2D Phụ Đề,SCHEDULED,MOCK,2026-10-05T14:56:15.666Z
7f2c5757aefacc19538ffb0b780cf1fba33a8bb8,trai-buon-nguoi,name:galaxy-cinema-nha-trang-center,Galaxy Cinema Nha Trang Center,,2026-10-08T13:25:00.000Z,2026-10-08T15:40:00.000Z,TWO_D,Phụ Đề,2D Phụ Đề,SCHEDULED,MOCK,2026-10-05T14:56:15.666Z
9afede7af7bfea41838a3aec5206b3f95825e8db,trai-buon-nguoi,name:galaxy-cinema-nha-trang-center,Galaxy Cinema Nha Trang Center,,2026-10-08T13:45:00.000Z,2026-10-08T16:00:00.000Z,TWO_D,Phụ Đề,2D Phụ Đề,SCHEDULED,MOCK,2026-10-05T14:56:15.666Z
500cea557ba101b6eaaadd09f42842679a760d0d,trai-buon-nguoi,name:galaxy-cinema-nha-trang-center,Galaxy Cinema Nha Trang Center,,2026-10-08T14:15:00.000Z,2026-10-08T16:30:00.000Z,TWO_D,Phụ Đề,2D Phụ Đề,SCHEDULED,MOCK,2026-10-05T14:56:15.666Z
ee1bf259c8ab215b12fa90d5f64dc9875dfaf3ce,trai-buon-nguoi,name:galaxy-cinema-sense-city-ben-tre,Galaxy Cinema Sense City Bến Tre,,2026-10-08T02:45:00.000Z,2026-10-08T05:00:00.000Z,TWO_D,Phụ Đề,2D Phụ Đề,SCHEDULED,MOCK,2026-10-05T14:56:15.666Z
d898ba59773415370a6e3096bbc43c9179bf2780,trai-buon-nguoi,name:galaxy-cinema-sense-city-ben-tre,Galaxy Cinema Sense City Bến Tre,,2026-10-08T03:30:00.000Z,2026-10-08T05:45:00.000Z,TWO_D,Phụ Đề,2D Phụ Đề,SCHEDULED,MOCK,2026-10-05T14:56:15.666Z
b434146b220d765e49deff219908b0475205d74b,trai-buon-nguoi,name:galaxy-cinema-sense-city-ben-tre,Galaxy Cinema Sense City Bến Tre,,2026-10-08T04:00:00.000Z,2026-10-08T06:15:00.000Z,TWO_D,Phụ Đề,2D Phụ Đề,SCHEDULED,MOCK,2026-10-05T14:56:15.666Z
a021040f36d97d34d45cb99945095c2d9381fdec,trai-buon-nguoi,name:galaxy-cinema-sense-city-ben-tre,Galaxy Cinema Sense City Bến Tre,,2026-10-08T04:30:00.000Z,2026-10-08T06:45:00.000Z,TWO_D,Phụ Đề,2D Phụ Đề,SCHEDULED,MOCK,2026-10-05T14:56:15.667Z
3f509d60cf7473211d414e8575634bc49011b605,trai-buon-nguoi,name:galaxy-cinema-sense-city-ben-tre,Galaxy Cinema Sense City Bến Tre,,2026-10-08T05:15:00.000Z,2026-10-08T07:30:00.000Z,TWO_D,Phụ Đề,2D Phụ Đề,SCHEDULED,MOCK,2026-10-05T14:56:15.667Z
c676373f6e0c31adcb720950002d5892a6838977,trai-buon-nguoi,name:galaxy-cinema-sense-city-ben-tre,Galaxy Cinema Sense City Bến Tre,,2026-10-08T06:00:00.000Z,2026-10-08T08:15:00.000Z,TWO_D,Phụ Đề,2D Phụ Đề,SCHEDULED,MOCK,2026-10-05T14:56:15.667Z
5f9b1cf43dca09bcd8eb4eccee0614d7e618e158,trai-buon-nguoi,name:galaxy-cinema-sense-city-ben-tre,Galaxy Cinema Sense City Bến Tre,,2026-10-08T06:30:00.000Z,2026-10-08T08:45:00.000Z,TWO_D,Phụ Đề,2D Phụ Đề,SCHEDULED,MOCK,2026-10-05T14:56:15.667Z
484d5713523ac27501448505b2d65a742d3e739c,trai-buon-nguoi,name:galaxy-cinema-sense-city-ben-tre,Galaxy Cinema Sense City Bến Tre,,2026-10-08T07:00:00.000Z,2026-10-08T09:15:00.000Z,TWO_D,Phụ Đề,2D Phụ Đề,SCHEDULED,MOCK,2026-10-05T14:56:15.667Z
bfc461cc21264f242a89e7cbb8ff5c86393b6135,trai-buon-nguoi,name:galaxy-cinema-sense-city-ben-tre,Galaxy Cinema Sense City Bến Tre,,2026-10-08T07:45:00.000Z,2026-10-08T10:00:00.000Z,TWO_D,Phụ Đề,2D Phụ Đề,SCHEDULED,MOCK,2026-10-05T14:56:15.667Z
3869633e91279fd964d528f6c347f73d8122c2a9,trai-buon-nguoi,name:galaxy-cinema-sense-city-ben-tre,Galaxy Cinema Sense City Bến Tre,,2026-10-08T08:30:00.000Z,2026-10-08T10:45:00.000Z,TWO_D,Phụ Đề,2D Phụ Đề,SCHEDULED,MOCK,2026-10-05T14:56:15.667Z
49612ebe6762304cf6de3b323df6a9b89b45cbbd,trai-buon-nguoi,name:galaxy-cinema-sense-city-ben-tre,Galaxy Cinema Sense City Bến Tre,,2026-10-08T09:00:00.000Z,2026-10-08T11:15:00.000Z,TWO_D,Phụ Đề,2D Phụ Đề,SCHEDULED,MOCK,2026-10-05T14:56:15.667Z
855edd026b51ec368747ef199cd5a883ed38f021,trai-buon-nguoi,name:galaxy-cinema-sense-city-ben-tre,Galaxy Cinema Sense City Bến Tre,,2026-10-08T09:30:00.000Z,2026-10-08T11:45:00.000Z,TWO_D,Phụ Đề,2D Phụ Đề,SCHEDULED,MOCK,2026-10-05T14:56:15.667Z
74fbc39e15b0dc76708854c2a4960140433b8816,trai-buon-nguoi,name:galaxy-cinema-sense-city-ben-tre,Galaxy Cinema Sense City Bến Tre,,2026-10-08T10:15:00.000Z,2026-10-08T12:30:00.000Z,TWO_D,Phụ Đề,2D Phụ Đề,SCHEDULED,MOCK,2026-10-05T14:56:15.667Z
9d845088bb7664c8b2e6d6a42dcc17128a1c1be7,trai-buon-nguoi,name:galaxy-cinema-sense-city-ben-tre,Galaxy Cinema Sense City Bến Tre,,2026-10-08T11:00:00.000Z,2026-10-08T13:15:00.000Z,TWO_D,Phụ Đề,2D Phụ Đề,SCHEDULED,MOCK,2026-10-05T14:56:15.667Z
3eec4e10b91052676c9968b7c095218aa8cb8112,trai-buon-nguoi,name:galaxy-cinema-sense-city-ben-tre,Galaxy Cinema Sense City Bến Tre,,2026-10-08T11:30:00.000Z,2026-10-08T13:45:00.000Z,TWO_D,Phụ Đề,2D Phụ Đề,SCHEDULED,MOCK,2026-10-05T14:56:15.667Z
ed81662bbe36f34a437855671048345a93e73af7,trai-buon-nguoi,name:galaxy-cinema-sense-city-ben-tre,Galaxy Cinema Sense City Bến Tre,,2026-10-08T12:00:00.000Z,2026-10-08T14:15:00.000Z,TWO_D,Phụ Đề,2D Phụ Đề,SCHEDULED,MOCK,2026-10-05T14:56:15.667Z
c0bc4253005ec32e64b3f3696b5c811805fdd6d9,trai-buon-nguoi,name:galaxy-cinema-sense-city-ben-tre,Galaxy Cinema Sense City Bến Tre,,2026-10-08T12:30:00.000Z,2026-10-08T14:45:00.000Z,TWO_D,Phụ Đề,2D Phụ Đề,SCHEDULED,MOCK,2026-10-05T14:56:15.668Z
d34e29e2666fbc097ee2f061a912da094d110974,trai-buon-nguoi,name:galaxy-cinema-sense-city-ben-tre,Galaxy Cinema Sense City Bến Tre,,2026-10-08T12:45:00.000Z,2026-10-08T15:00:00.000Z,TWO_D,Phụ Đề,2D Phụ Đề,SCHEDULED,MOCK,2026-10-05T14:56:15.668Z
722870a08ad724badcb666548746207c39c0f664,trai-buon-nguoi,name:galaxy-cinema-sense-city-ben-tre,Galaxy Cinema Sense City Bến Tre,,2026-10-08T13:30:00.000Z,2026-10-08T15:45:00.000Z,TWO_D,Phụ Đề,2D Phụ Đề,SCHEDULED,MOCK,2026-10-05T14:56:15.668Z
7170a0e17f4824b5560a3da190149a9136d64a96,trai-buon-nguoi,name:galaxy-cinema-sense-city-ben-tre,Galaxy Cinema Sense City Bến Tre,,2026-10-08T14:00:00.000Z,2026-10-08T16:15:00.000Z,TWO_D,Phụ Đề,2D Phụ Đề,SCHEDULED,MOCK,2026-10-05T14:56:15.668Z
69956fa2f4cb7da3ad53837dbd934123217e53b3,trai-buon-nguoi,name:galaxy-cinema-sense-city-ben-tre,Galaxy Cinema Sense City Bến Tre,,2026-10-08T14:30:00.000Z,2026-10-08T16:45:00.000Z,TWO_D,Phụ Đề,2D Phụ Đề,SCHEDULED,MOCK,2026-10-05T14:56:15.668Z
0da55a3e19434b88cdbfbd425d037d4e15d3c9ce,trai-buon-nguoi,name:galaxy-cinema-sense-city-ben-tre,Galaxy Cinema Sense City Bến Tre,,2026-10-08T15:15:00.000Z,2026-10-08T17:30:00.000Z,TWO_D,Phụ Đề,2D Phụ Đề,SCHEDULED,MOCK,2026-10-05T14:56:15.668Z
bbede2efcc907b6dbde66ad773b9c0abab5ec5de,trai-buon-nguoi,name:galaxy-cinema-sense-city-ca-mau,Galaxy Cinema Sense City Cà Mau,,2026-10-08T02:45:00.000Z,2026-10-08T05:00:00.000Z,TWO_D,Phụ Đề,2D Phụ Đề,SCHEDULED,MOCK,2026-10-05T14:56:15.668Z
237e89b4779641c25d8c16620f59ea7fae449c20,trai-buon-nguoi,name:galaxy-cinema-sense-city-ca-mau,Galaxy Cinema Sense City Cà Mau,,2026-10-08T03:30:00.000Z,2026-10-08T05:45:00.000Z,TWO_D,Phụ Đề,2D Phụ Đề,SCHEDULED,MOCK,2026-10-05T14:56:15.668Z
e9733e3ec9c2dd1092952fec4d955763e6c44326,trai-buon-nguoi,name:galaxy-cinema-sense-city-ca-mau,Galaxy Cinema Sense City Cà Mau,,2026-10-08T04:30:00.000Z,2026-10-08T06:45:00.000Z,TWO_D,Phụ Đề,2D Phụ Đề,SCHEDULED,MOCK,2026-10-05T14:56:15.668Z
937938c1d8010de8ca6df7eb1fb7f62185d5bf55,trai-buon-nguoi,name:galaxy-cinema-sense-city-ca-mau,Galaxy Cinema Sense City Cà Mau,,2026-10-08T05:15:00.000Z,2026-10-08T07:30:00.000Z,TWO_D,Phụ Đề,2D Phụ Đề,SCHEDULED,MOCK,2026-10-05T14:56:15.668Z
3ec0a0d75182a80ee1b413d9280426a3f36774a9,trai-buon-nguoi,name:galaxy-cinema-sense-city-ca-mau,Galaxy Cinema Sense City Cà Mau,,2026-10-08T06:00:00.000Z,2026-10-08T08:15:00.000Z,TWO_D,Phụ Đề,2D Phụ Đề,SCHEDULED,MOCK,2026-10-05T14:56:15.668Z
e7b3adff087b7e5da33c1959dba9f69dd7b9cb1b,trai-buon-nguoi,name:galaxy-cinema-sense-city-ca-mau,Galaxy Cinema Sense City Cà Mau,,2026-10-08T07:00:00.000Z,2026-10-08T09:15:00.000Z,TWO_D,Phụ Đề,2D Phụ Đề,SCHEDULED,MOCK,2026-10-05T14:56:15.668Z
ceeec5a301b5a9796a1ca8d59108f84e15981b6a,trai-buon-nguoi,name:galaxy-cinema-sense-city-ca-mau,Galaxy Cinema Sense City Cà Mau,,2026-10-08T07:45:00.000Z,2026-10-08T10:00:00.000Z,TWO_D,Phụ Đề,2D Phụ Đề,SCHEDULED,MOCK,2026-10-05T14:56:15.668Z
4722f2000963e5f54bd2a4e884c65a6ea569f5ea,trai-buon-nguoi,name:galaxy-cinema-sense-city-ca-mau,Galaxy Cinema Sense City Cà Mau,,2026-10-08T08:30:00.000Z,2026-10-08T10:45:00.000Z,TWO_D,Phụ Đề,2D Phụ Đề,SCHEDULED,MOCK,2026-10-05T14:56:15.668Z
22fd07a212cfb85b9165bda392b69ef172d1f88e,trai-buon-nguoi,name:galaxy-cinema-sense-city-ca-mau,Galaxy Cinema Sense City Cà Mau,,2026-10-08T09:30:00.000Z,2026-10-08T11:45:00.000Z,TWO_D,Phụ Đề,2D Phụ Đề,SCHEDULED,MOCK,2026-10-05T14:56:15.668Z
05c59a0164c081051816f53a3b4671d4aac610d9,trai-buon-nguoi,name:galaxy-cinema-sense-city-ca-mau,Galaxy Cinema Sense City Cà Mau,,2026-10-08T10:15:00.000Z,2026-10-08T12:30:00.000Z,TWO_D,Phụ Đề,2D Phụ Đề,SCHEDULED,MOCK,2026-10-05T14:56:15.668Z
7743c20845f91fad43e18050b42b232b0495a9bc,trai-buon-nguoi,name:galaxy-cinema-sense-city-ca-mau,Galaxy Cinema Sense City Cà Mau,,2026-10-08T11:00:00.000Z,2026-10-08T13:15:00.000Z,TWO_D,Phụ Đề,2D Phụ Đề,SCHEDULED,MOCK,2026-10-05T14:56:15.668Z
784d3ae37e51e238f048fe92ca3839ee83e88387,trai-buon-nguoi,name:galaxy-cinema-sense-city-ca-mau,Galaxy Cinema Sense City Cà Mau,,2026-10-08T12:00:00.000Z,2026-10-08T14:15:00.000Z,TWO_D,Phụ Đề,2D Phụ Đề,SCHEDULED,MOCK,2026-10-05T14:56:15.668Z
7da76237004b6e963232accc34b42221efad6005,trai-buon-nguoi,name:galaxy-cinema-sense-city-ca-mau,Galaxy Cinema Sense City Cà Mau,,2026-10-08T12:15:00.000Z,2026-10-08T14:30:00.000Z,TWO_D,Phụ Đề,2D Phụ Đề,SCHEDULED,MOCK,2026-10-05T14:56:15.668Z
6e4cc80375fc6a7e3e9936e900a689be685758f3,trai-buon-nguoi,name:galaxy-cinema-sense-city-ca-mau,Galaxy Cinema Sense City Cà Mau,,2026-10-08T12:45:00.000Z,2026-10-08T15:00:00.000Z,TWO_D,Phụ Đề,2D Phụ Đề,SCHEDULED,MOCK,2026-10-05T14:56:15.668Z
25972ce5d8f558bb044d53ab112088c23b6d8078,trai-buon-nguoi,name:galaxy-cinema-sense-city-ca-mau,Galaxy Cinema Sense City Cà Mau,,2026-10-08T13:15:00.000Z,2026-10-08T15:30:00.000Z,TWO_D,Phụ Đề,2D Phụ Đề,SCHEDULED,MOCK,2026-10-05T14:56:15.668Z
1f81a8b1b55ff058e41e18911a3536f26e44f88e,trai-buon-nguoi,name:galaxy-cinema-sense-city-ca-mau,Galaxy Cinema Sense City Cà Mau,,2026-10-08T13:30:00.000Z,2026-10-08T15:45:00.000Z,TWO_D,Phụ Đề,2D Phụ Đề,SCHEDULED,MOCK,2026-10-05T14:56:15.668Z
4604bdcbf55affef1e361e4b5e12bae7256e8a43,trai-buon-nguoi,name:galaxy-cinema-sense-city-ca-mau,Galaxy Cinema Sense City Cà Mau,,2026-10-08T14:30:00.000Z,2026-10-08T16:45:00.000Z,TWO_D,Phụ Đề,2D Phụ Đề,SCHEDULED,MOCK,2026-10-05T14:56:15.668Z
4015ab9e8a5b99fc885342f22a55e912cd6fa1f0,trai-buon-nguoi,name:galaxy-cinema-sense-city-ca-mau,Galaxy Cinema Sense City Cà Mau,,2026-10-08T15:15:00.000Z,2026-10-08T17:30:00.000Z,TWO_D,Phụ Đề,2D Phụ Đề,SCHEDULED,MOCK,2026-10-05T14:56:15.668Z
5f227c1b2234aefc5fef248c2b8efa1cba05c5e1,trai-buon-nguoi,name:galaxy-cinema-sense-city-ca-mau,Galaxy Cinema Sense City Cà Mau,,2026-10-08T15:45:00.000Z,2026-10-08T18:00:00.000Z,TWO_D,Phụ Đề,2D Phụ Đề,SCHEDULED,MOCK,2026-10-05T14:56:15.668Z
613d7e9c6dc722705210592deeedded271eaaabc,trai-buon-nguoi,name:galaxy-cinema-coop-buon-ma-thuot,Galaxy Cinema Coop Buôn Ma Thuột,,2026-10-08T02:45:00.000Z,2026-10-08T05:00:00.000Z,TWO_D,Phụ Đề,2D Phụ Đề,SCHEDULED,MOCK,2026-10-05T14:56:15.669Z
4d38cb4fe0b3f5c3396e3f5921a51efa71a71c79,trai-buon-nguoi,name:galaxy-cinema-coop-buon-ma-thuot,Galaxy Cinema Coop Buôn Ma Thuột,,2026-10-08T03:30:00.000Z,2026-10-08T05:45:00.000Z,TWO_D,Phụ Đề,2D Phụ Đề,SCHEDULED,MOCK,2026-10-05T14:56:15.669Z
d77e59840f1ffb4c44b4e4469ee1fa7f603af941,trai-buon-nguoi,name:galaxy-cinema-coop-buon-ma-thuot,Galaxy Cinema Coop Buôn Ma Thuột,,2026-10-08T04:30:00.000Z,2026-10-08T06:45:00.000Z,TWO_D,Phụ Đề,2D Phụ Đề,SCHEDULED,MOCK,2026-10-05T14:56:15.669Z
c2be8753f24ff4d7109346d29a727eebdb21512a,trai-buon-nguoi,name:galaxy-cinema-coop-buon-ma-thuot,Galaxy Cinema Coop Buôn Ma Thuột,,2026-10-08T05:15:00.000Z,2026-10-08T07:30:00.000Z,TWO_D,Phụ Đề,2D Phụ Đề,SCHEDULED,MOCK,2026-10-05T14:56:15.669Z
81d91bd8cbcc3aa1665011db6807c9ec5bee19c3,trai-buon-nguoi,name:galaxy-cinema-coop-buon-ma-thuot,Galaxy Cinema Coop Buôn Ma Thuột,,2026-10-08T06:00:00.000Z,2026-10-08T08:15:00.000Z,TWO_D,Phụ Đề,2D Phụ Đề,SCHEDULED,MOCK,2026-10-05T14:56:15.669Z
accce7414f4a518cabc18f846bcf21faed3d3f66,trai-buon-nguoi,name:galaxy-cinema-coop-buon-ma-thuot,Galaxy Cinema Coop Buôn Ma Thuột,,2026-10-08T06:30:00.000Z,2026-10-08T08:45:00.000Z,TWO_D,Phụ Đề,2D Phụ Đề,SCHEDULED,MOCK,2026-10-05T14:56:15.669Z
014d4bd4b75f680e8ae1629f6fc050ac31ff75d4,trai-buon-nguoi,name:galaxy-cinema-coop-buon-ma-thuot,Galaxy Cinema Coop Buôn Ma Thuột,,2026-10-08T07:00:00.000Z,2026-10-08T09:15:00.000Z,TWO_D,Phụ Đề,2D Phụ Đề,SCHEDULED,MOCK,2026-10-05T14:56:15.669Z
4a7899b6b4c82d826909d30e8a072922db0e6bf9,trai-buon-nguoi,name:galaxy-cinema-coop-buon-ma-thuot,Galaxy Cinema Coop Buôn Ma Thuột,,2026-10-08T07:45:00.000Z,2026-10-08T10:00:00.000Z,TWO_D,Phụ Đề,2D Phụ Đề,SCHEDULED,MOCK,2026-10-05T14:56:15.669Z
1be51caca9be30aa184b668fb3d263a3b7f1a66e,trai-buon-nguoi,name:galaxy-cinema-coop-buon-ma-thuot,Galaxy Cinema Coop Buôn Ma Thuột,,2026-10-08T08:30:00.000Z,2026-10-08T10:45:00.000Z,TWO_D,Phụ Đề,2D Phụ Đề,SCHEDULED,MOCK,2026-10-05T14:56:15.669Z
e77baf1e842de84753083f7f7f197b03c3cf0c84,trai-buon-nguoi,name:galaxy-cinema-coop-buon-ma-thuot,Galaxy Cinema Coop Buôn Ma Thuột,,2026-10-08T09:00:00.000Z,2026-10-08T11:15:00.000Z,TWO_D,Phụ Đề,2D Phụ Đề,SCHEDULED,MOCK,2026-10-05T14:56:15.669Z
9270a166e0b791825a7997dda49634db14a7ee64,trai-buon-nguoi,name:galaxy-cinema-coop-buon-ma-thuot,Galaxy Cinema Coop Buôn Ma Thuột,,2026-10-08T09:30:00.000Z,2026-10-08T11:45:00.000Z,TWO_D,Phụ Đề,2D Phụ Đề,SCHEDULED,MOCK,2026-10-05T14:56:15.669Z
102c617a5ae6ed09ba4a03761e5b4f8f8315aeb4,trai-buon-nguoi,name:galaxy-cinema-coop-buon-ma-thuot,Galaxy Cinema Coop Buôn Ma Thuột,,2026-10-08T10:15:00.000Z,2026-10-08T12:30:00.000Z,TWO_D,Phụ Đề,2D Phụ Đề,SCHEDULED,MOCK,2026-10-05T14:56:15.669Z
418f29a1762aecbda354bad195bfb5bf55f9c4ea,trai-buon-nguoi,name:galaxy-cinema-coop-buon-ma-thuot,Galaxy Cinema Coop Buôn Ma Thuột,,2026-10-08T11:00:00.000Z,2026-10-08T13:15:00.000Z,TWO_D,Phụ Đề,2D Phụ Đề,SCHEDULED,MOCK,2026-10-05T14:56:15.669Z
c768549ebb5f843bb83a5a3bc2762628d7c34c7b,trai-buon-nguoi,name:galaxy-cinema-coop-buon-ma-thuot,Galaxy Cinema Coop Buôn Ma Thuột,,2026-10-08T11:30:00.000Z,2026-10-08T13:45:00.000Z,TWO_D,Phụ Đề,2D Phụ Đề,SCHEDULED,MOCK,2026-10-05T14:56:15.669Z
8c30dacd049726ad78d9790b338836ea419fbef7,trai-buon-nguoi,name:galaxy-cinema-coop-buon-ma-thuot,Galaxy Cinema Coop Buôn Ma Thuột,,2026-10-08T12:00:00.000Z,2026-10-08T14:15:00.000Z,TWO_D,Phụ Đề,2D Phụ Đề,SCHEDULED,MOCK,2026-10-05T14:56:15.669Z
a215520c76f295d340a679d3fed4ef0f8808a873,trai-buon-nguoi,name:galaxy-cinema-coop-buon-ma-thuot,Galaxy Cinema Coop Buôn Ma Thuột,,2026-10-08T12:15:00.000Z,2026-10-08T14:30:00.000Z,TWO_D,Phụ Đề,2D Phụ Đề,SCHEDULED,MOCK,2026-10-05T14:56:15.669Z
38fc772afa405055c310185c231aa4fde485db9f,trai-buon-nguoi,name:galaxy-cinema-coop-buon-ma-thuot,Galaxy Cinema Coop Buôn Ma Thuột,,2026-10-08T12:45:00.000Z,2026-10-08T15:00:00.000Z,TWO_D,Phụ Đề,2D Phụ Đề,SCHEDULED,MOCK,2026-10-05T14:56:15.669Z
c9fb369df2e6111add19abe74937a47d35d32fb7,trai-buon-nguoi,name:galaxy-cinema-coop-buon-ma-thuot,Galaxy Cinema Coop Buôn Ma Thuột,,2026-10-08T13:30:00.000Z,2026-10-08T15:45:00.000Z,TWO_D,Phụ Đề,2D Phụ Đề,SCHEDULED,MOCK,2026-10-05T14:56:15.669Z
4f8262993595e293f6df5ae359cab6aa3e3dcee2,trai-buon-nguoi,name:galaxy-cinema-coop-buon-ma-thuot,Galaxy Cinema Coop Buôn Ma Thuột,,2026-10-08T14:00:00.000Z,2026-10-08T16:15:00.000Z,TWO_D,Phụ Đề,2D Phụ Đề,SCHEDULED,MOCK,2026-10-05T14:56:15.669Z
8898643846f5d0be8007b0a293cd04eb35f361de,trai-buon-nguoi,name:galaxy-cinema-coop-buon-ma-thuot,Galaxy Cinema Coop Buôn Ma Thuột,,2026-10-08T14:30:00.000Z,2026-10-08T16:45:00.000Z,TWO_D,Phụ Đề,2D Phụ Đề,SCHEDULED,MOCK,2026-10-05T14:56:15.669Z
3406b1ff08a742fda41ff267b3aa39154a25b323,trai-buon-nguoi,name:galaxy-cinema-coop-buon-ma-thuot,Galaxy Cinema Coop Buôn Ma Thuột,,2026-10-08T15:00:00.000Z,2026-10-08T17:15:00.000Z,TWO_D,Phụ Đề,2D Phụ Đề,SCHEDULED,MOCK,2026-10-05T14:56:15.669Z
c5005beab6fe6ac533645e17688590c42b78c4b2,trai-buon-nguoi,name:galaxy-cinema-coop-buon-ma-thuot,Galaxy Cinema Coop Buôn Ma Thuột,,2026-10-08T15:15:00.000Z,2026-10-08T17:30:00.000Z,TWO_D,Phụ Đề,2D Phụ Đề,SCHEDULED,MOCK,2026-10-05T14:56:15.669Z
07d818d51a1e3435b7d55a9d2a92e3b777bb982e,trai-buon-nguoi,name:galaxy-cinema-long-xuyen,Galaxy Cinema Long Xuyên,,2026-10-08T02:45:00.000Z,2026-10-08T05:00:00.000Z,TWO_D,Phụ Đề,2D Phụ Đề,SCHEDULED,MOCK,2026-10-05T14:56:15.669Z
f561184272bb405b3264c1aceb760f3ea941f08b,trai-buon-nguoi,name:galaxy-cinema-long-xuyen,Galaxy Cinema Long Xuyên,,2026-10-08T03:30:00.000Z,2026-10-08T05:45:00.000Z,TWO_D,Phụ Đề,2D Phụ Đề,SCHEDULED,MOCK,2026-10-05T14:56:15.669Z
02fc70eddfb07ebf3da675d913c9a4b7dce23878,trai-buon-nguoi,name:galaxy-cinema-long-xuyen,Galaxy Cinema Long Xuyên,,2026-10-08T04:00:00.000Z,2026-10-08T06:15:00.000Z,TWO_D,Phụ Đề,2D Phụ Đề,SCHEDULED,MOCK,2026-10-05T14:56:15.670Z
9f96354f08e43060ecfb07e873f1cfc3b9419e7d,trai-buon-nguoi,name:galaxy-cinema-long-xuyen,Galaxy Cinema Long Xuyên,,2026-10-08T04:30:00.000Z,2026-10-08T06:45:00.000Z,TWO_D,Phụ Đề,2D Phụ Đề,SCHEDULED,MOCK,2026-10-05T14:56:15.670Z
b76645516a233461aea61c5c869d7717a000156d,trai-buon-nguoi,name:galaxy-cinema-long-xuyen,Galaxy Cinema Long Xuyên,,2026-10-08T05:15:00.000Z,2026-10-08T07:30:00.000Z,TWO_D,Phụ Đề,2D Phụ Đề,SCHEDULED,MOCK,2026-10-05T14:56:15.670Z
a49c7a506ba68c78a653b4c3077589888155482f,trai-buon-nguoi,name:galaxy-cinema-long-xuyen,Galaxy Cinema Long Xuyên,,2026-10-08T06:00:00.000Z,2026-10-08T08:15:00.000Z,TWO_D,Phụ Đề,2D Phụ Đề,SCHEDULED,MOCK,2026-10-05T14:56:15.670Z
ecb82b8fab3d49c8ebdb96e1015cc4f025b97a35,trai-buon-nguoi,name:galaxy-cinema-long-xuyen,Galaxy Cinema Long Xuyên,,2026-10-08T06:30:00.000Z,2026-10-08T08:45:00.000Z,TWO_D,Phụ Đề,2D Phụ Đề,SCHEDULED,MOCK,2026-10-05T14:56:15.670Z
5420549c295429e756d0512b0e4191d12f619153,trai-buon-nguoi,name:galaxy-cinema-long-xuyen,Galaxy Cinema Long Xuyên,,2026-10-08T07:00:00.000Z,2026-10-08T09:15:00.000Z,TWO_D,Phụ Đề,2D Phụ Đề,SCHEDULED,MOCK,2026-10-05T14:56:15.670Z
b18652f016f318c1ae1beaa207021206adf0792d,trai-buon-nguoi,name:galaxy-cinema-long-xuyen,Galaxy Cinema Long Xuyên,,2026-10-08T07:45:00.000Z,2026-10-08T10:00:00.000Z,TWO_D,Phụ Đề,2D Phụ Đề,SCHEDULED,MOCK,2026-10-05T14:56:15.670Z
23a2e8e7c14c0abe6794ef934688cf6cac6e1225,trai-buon-nguoi,name:galaxy-cinema-long-xuyen,Galaxy Cinema Long Xuyên,,2026-10-08T08:30:00.000Z,2026-10-08T10:45:00.000Z,TWO_D,Phụ Đề,2D Phụ Đề,SCHEDULED,MOCK,2026-10-05T14:56:15.671Z
6094fba3343e5a85270e64c191a205a9da1ccfa3,trai-buon-nguoi,name:galaxy-cinema-long-xuyen,Galaxy Cinema Long Xuyên,,2026-10-08T09:00:00.000Z,2026-10-08T11:15:00.000Z,TWO_D,Phụ Đề,2D Phụ Đề,SCHEDULED,MOCK,2026-10-05T14:56:15.671Z
338c03de93884ba299ae9a92294a8ecc21a373e8,trai-buon-nguoi,name:galaxy-cinema-long-xuyen,Galaxy Cinema Long Xuyên,,2026-10-08T09:30:00.000Z,2026-10-08T11:45:00.000Z,TWO_D,Phụ Đề,2D Phụ Đề,SCHEDULED,MOCK,2026-10-05T14:56:15.671Z
46fb4585487b94c4c6478b037fcc597fc94cd910,trai-buon-nguoi,name:galaxy-cinema-long-xuyen,Galaxy Cinema Long Xuyên,,2026-10-08T10:15:00.000Z,2026-10-08T12:30:00.000Z,TWO_D,Phụ Đề,2D Phụ Đề,SCHEDULED,MOCK,2026-10-05T14:56:15.671Z
a86f6a701bea7f473e2428600e41836167008772,trai-buon-nguoi,name:galaxy-cinema-long-xuyen,Galaxy Cinema Long Xuyên,,2026-10-08T11:00:00.000Z,2026-10-08T13:15:00.000Z,TWO_D,Phụ Đề,2D Phụ Đề,SCHEDULED,MOCK,2026-10-05T14:56:15.671Z
d120c7700c0df78fe34da053041899e2a1f55e44,trai-buon-nguoi,name:galaxy-cinema-long-xuyen,Galaxy Cinema Long Xuyên,,2026-10-08T11:30:00.000Z,2026-10-08T13:45:00.000Z,TWO_D,Phụ Đề,2D Phụ Đề,SCHEDULED,MOCK,2026-10-05T14:56:15.671Z
d0752f328e70b2c96759bd24fea306d9babcf3be,trai-buon-nguoi,name:galaxy-cinema-long-xuyen,Galaxy Cinema Long Xuyên,,2026-10-08T12:00:00.000Z,2026-10-08T14:15:00.000Z,TWO_D,Phụ Đề,2D Phụ Đề,SCHEDULED,MOCK,2026-10-05T14:56:15.671Z
c9378acd1a5dec4d7cf60c96158fd659b6275aef,trai-buon-nguoi,name:galaxy-cinema-long-xuyen,Galaxy Cinema Long Xuyên,,2026-10-08T12:30:00.000Z,2026-10-08T14:45:00.000Z,TWO_D,Phụ Đề,2D Phụ Đề,SCHEDULED,MOCK,2026-10-05T14:56:15.671Z
9799e50f3100fd59c226e994c885b4162548e834,trai-buon-nguoi,name:galaxy-cinema-long-xuyen,Galaxy Cinema Long Xuyên,,2026-10-08T12:45:00.000Z,2026-10-08T15:00:00.000Z,TWO_D,Phụ Đề,2D Phụ Đề,SCHEDULED,MOCK,2026-10-05T14:56:15.671Z
bd696131782e2a4480693a13c8b3b00265733f62,trai-buon-nguoi,name:galaxy-cinema-long-xuyen,Galaxy Cinema Long Xuyên,,2026-10-08T13:30:00.000Z,2026-10-08T15:45:00.000Z,TWO_D,Phụ Đề,2D Phụ Đề,SCHEDULED,MOCK,2026-10-05T14:56:15.671Z
4b19ea7b0c77f0d6c33eb5e97ea67fca9584af6d,trai-buon-nguoi,name:galaxy-cinema-long-xuyen,Galaxy Cinema Long Xuyên,,2026-10-08T14:00:00.000Z,2026-10-08T16:15:00.000Z,TWO_D,Phụ Đề,2D Phụ Đề,SCHEDULED,MOCK,2026-10-05T14:56:15.671Z
35a8c096313dca819fabb8e2f4c4febf6e00a68a,trai-buon-nguoi,name:galaxy-cinema-long-xuyen,Galaxy Cinema Long Xuyên,,2026-10-08T14:30:00.000Z,2026-10-08T16:45:00.000Z,TWO_D,Phụ Đề,2D Phụ Đề,SCHEDULED,MOCK,2026-10-05T14:56:15.671Z
7ca981b023b926b4362b45e363c045503433ee1f,trai-buon-nguoi,name:galaxy-cinema-long-xuyen,Galaxy Cinema Long Xuyên,,2026-10-08T15:00:00.000Z,2026-10-08T17:15:00.000Z,TWO_D,Phụ Đề,2D Phụ Đề,SCHEDULED,MOCK,2026-10-05T14:56:15.671Z
255ed4193518f36947adbd24a207a991ea05bd80,trai-buon-nguoi,name:galaxy-cinema-long-xuyen,Galaxy Cinema Long Xuyên,,2026-10-08T15:15:00.000Z,2026-10-08T17:30:00.000Z,TWO_D,Phụ Đề,2D Phụ Đề,SCHEDULED,MOCK,2026-10-05T14:56:15.671Z
cd6a2f57b7898bf60d52a83c24fe3a1e8496933e,trai-buon-nguoi,name:galaxy-cinema-city-hub-vinh,Galaxy Cinema City HUB Vinh,,2026-10-08T03:00:00.000Z,2026-10-08T05:15:00.000Z,TWO_D,Phụ Đề,2D Phụ Đề,SCHEDULED,MOCK,2026-10-05T14:56:15.671Z
b1563fed49066062edf4fe180131f6b36722d16e,trai-buon-nguoi,name:galaxy-cinema-city-hub-vinh,Galaxy Cinema City HUB Vinh,,2026-10-08T03:45:00.000Z,2026-10-08T06:00:00.000Z,TWO_D,Phụ Đề,2D Phụ Đề,SCHEDULED,MOCK,2026-10-05T14:56:15.671Z
e9d5c7e99fa5deafd6305bf0669f81fc73b3580c,trai-buon-nguoi,name:galaxy-cinema-city-hub-vinh,Galaxy Cinema City HUB Vinh,,2026-10-08T04:30:00.000Z,2026-10-08T06:45:00.000Z,TWO_D,Phụ Đề,2D Phụ Đề,SCHEDULED,MOCK,2026-10-05T14:56:15.671Z
e1671d7c24d3b68ecaf85c2d658c6ca7c05ffd30,trai-buon-nguoi,name:galaxy-cinema-city-hub-vinh,Galaxy Cinema City HUB Vinh,,2026-10-08T05:30:00.000Z,2026-10-08T07:45:00.000Z,TWO_D,Phụ Đề,2D Phụ Đề,SCHEDULED,MOCK,2026-10-05T14:56:15.671Z
54ff135c17538508de1e8a2ea011ffb55aaba548,trai-buon-nguoi,name:galaxy-cinema-city-hub-vinh,Galaxy Cinema City HUB Vinh,,2026-10-08T06:15:00.000Z,2026-10-08T08:30:00.000Z,TWO_D,Phụ Đề,2D Phụ Đề,SCHEDULED,MOCK,2026-10-05T14:56:15.671Z
b1d6d2d747f03d67dc48fa7cb627bb2c42303005,trai-buon-nguoi,name:galaxy-cinema-city-hub-vinh,Galaxy Cinema City HUB Vinh,,2026-10-08T07:00:00.000Z,2026-10-08T09:15:00.000Z,TWO_D,Phụ Đề,2D Phụ Đề,SCHEDULED,MOCK,2026-10-05T14:56:15.671Z
1f89a9d76682132afeff6dd05633dc98e5bd7c09,trai-buon-nguoi,name:galaxy-cinema-city-hub-vinh,Galaxy Cinema City HUB Vinh,,2026-10-08T07:30:00.000Z,2026-10-08T09:45:00.000Z,TWO_D,Phụ Đề,2D Phụ Đề,SCHEDULED,MOCK,2026-10-05T14:56:15.671Z
d17c2f549adbabe8bf054ef92b832efd6405d123,trai-buon-nguoi,name:galaxy-cinema-city-hub-vinh,Galaxy Cinema City HUB Vinh,,2026-10-08T08:00:00.000Z,2026-10-08T10:15:00.000Z,TWO_D,Phụ Đề,2D Phụ Đề,SCHEDULED,MOCK,2026-10-05T14:56:15.671Z
95df3368132a4a356db895cd0a553b5d9be9d0f4,trai-buon-nguoi,name:galaxy-cinema-city-hub-vinh,Galaxy Cinema City HUB Vinh,,2026-10-08T08:45:00.000Z,2026-10-08T11:00:00.000Z,TWO_D,Phụ Đề,2D Phụ Đề,SCHEDULED,MOCK,2026-10-05T14:56:15.671Z
1549dd73061bf8dfc2bb29d8dcd43659fcb9a06f,trai-buon-nguoi,name:galaxy-cinema-city-hub-vinh,Galaxy Cinema City HUB Vinh,,2026-10-08T09:30:00.000Z,2026-10-08T11:45:00.000Z,TWO_D,Phụ Đề,2D Phụ Đề,SCHEDULED,MOCK,2026-10-05T14:56:15.671Z
a9e3d370fcd8e071cc47fd7e05c9c870e404c3a5,trai-buon-nguoi,name:galaxy-cinema-city-hub-vinh,Galaxy Cinema City HUB Vinh,,2026-10-08T10:00:00.000Z,2026-10-08T12:15:00.000Z,TWO_D,Phụ Đề,2D Phụ Đề,SCHEDULED,MOCK,2026-10-05T14:56:15.671Z
937ab80c9cfb7588b0813ea2fc896f0f80b265ea,trai-buon-nguoi,name:galaxy-cinema-city-hub-vinh,Galaxy Cinema City HUB Vinh,,2026-10-08T10:30:00.000Z,2026-10-08T12:45:00.000Z,TWO_D,Phụ Đề,2D Phụ Đề,SCHEDULED,MOCK,2026-10-05T14:56:15.671Z
d5eaab4ca2b3473f3d7148a080aedda68f9be9b0,trai-buon-nguoi,name:galaxy-cinema-city-hub-vinh,Galaxy Cinema City HUB Vinh,,2026-10-08T11:15:00.000Z,2026-10-08T13:30:00.000Z,TWO_D,Phụ Đề,2D Phụ Đề,SCHEDULED,MOCK,2026-10-05T14:56:15.671Z
848f5399f2b58ee7dee72426348165732435099f,trai-buon-nguoi,name:galaxy-cinema-city-hub-vinh,Galaxy Cinema City HUB Vinh,,2026-10-08T12:00:00.000Z,2026-10-08T14:15:00.000Z,TWO_D,Phụ Đề,2D Phụ Đề,SCHEDULED,MOCK,2026-10-05T14:56:15.671Z
53466d348384fa85dab5e17408e52c31deb5c6e2,trai-buon-nguoi,name:galaxy-cinema-city-hub-vinh,Galaxy Cinema City HUB Vinh,,2026-10-08T12:30:00.000Z,2026-10-08T14:45:00.000Z,TWO_D,Phụ Đề,2D Phụ Đề,SCHEDULED,MOCK,2026-10-05T14:56:15.671Z
e8e19aa8c7c1e16a43b99e5a246b53969e10eff6,trai-buon-nguoi,name:galaxy-cinema-city-hub-vinh,Galaxy Cinema City HUB Vinh,,2026-10-08T13:00:00.000Z,2026-10-08T15:15:00.000Z,TWO_D,Phụ Đề,2D Phụ Đề,SCHEDULED,MOCK,2026-10-05T14:56:15.671Z
6d0b55b85034f658fc145428b5bc8f7e36abba37,trai-buon-nguoi,name:galaxy-cinema-city-hub-vinh,Galaxy Cinema City HUB Vinh,,2026-10-08T14:00:00.000Z,2026-10-08T16:15:00.000Z,TWO_D,Phụ Đề,2D Phụ Đề,SCHEDULED,MOCK,2026-10-05T14:56:15.671Z
bc1ff0187c0a2536218582e091c574130d94ee60,trai-buon-nguoi,name:galaxy-cinema-city-hub-vinh,Galaxy Cinema City HUB Vinh,,2026-10-08T14:30:00.000Z,2026-10-08T16:45:00.000Z,TWO_D,Phụ Đề,2D Phụ Đề,SCHEDULED,MOCK,2026-10-05T14:56:15.671Z
d66c93809b83e3594a9cc1d8fb79d0cf4f2c795c,trai-buon-nguoi,name:galaxy-cinema-city-hub-vinh,Galaxy Cinema City HUB Vinh,,2026-10-08T15:00:00.000Z,2026-10-08T17:15:00.000Z,TWO_D,Phụ Đề,2D Phụ Đề,SCHEDULED,MOCK,2026-10-05T14:56:15.671Z
50f720218f532a75a58836c00da1706de6877235,trai-buon-nguoi,name:galaxy-cinema-city-hub-vinh,Galaxy Cinema City HUB Vinh,,2026-10-08T15:30:00.000Z,2026-10-08T17:45:00.000Z,TWO_D,Phụ Đề,2D Phụ Đề,SCHEDULED,MOCK,2026-10-05T14:56:15.671Z
a10c76ab7a610daa762014ebe1b076c6f2388fec,trai-buon-nguoi,name:galaxy-cinema-aeon-mall-tan-an,Galaxy Cinema AEON Mall Tân An,,2026-10-08T03:00:00.000Z,2026-10-08T05:15:00.000Z,TWO_D,Phụ Đề,2D Phụ Đề,SCHEDULED,MOCK,2026-10-05T14:56:15.671Z
fe14f548c2372fbb34ce58091f72b4425e863c48,trai-buon-nguoi,name:galaxy-cinema-aeon-mall-tan-an,Galaxy Cinema AEON Mall Tân An,,2026-10-08T03:45:00.000Z,2026-10-08T06:00:00.000Z,TWO_D,Phụ Đề,2D Phụ Đề,SCHEDULED,MOCK,2026-10-05T14:56:15.671Z
2327a235737045045bf11e3a3158c6cec7ae54b8,trai-buon-nguoi,name:galaxy-cinema-aeon-mall-tan-an,Galaxy Cinema AEON Mall Tân An,,2026-10-08T05:00:00.000Z,2026-10-08T07:15:00.000Z,TWO_D,Phụ Đề,2D Phụ Đề,SCHEDULED,MOCK,2026-10-05T14:56:15.671Z
518145d5d127d67e07c33b23ec81f87077cb4658,trai-buon-nguoi,name:galaxy-cinema-aeon-mall-tan-an,Galaxy Cinema AEON Mall Tân An,,2026-10-08T05:45:00.000Z,2026-10-08T08:00:00.000Z,TWO_D,Phụ Đề,2D Phụ Đề,SCHEDULED,MOCK,2026-10-05T14:56:15.671Z
c494d7ef149db2c96dad7766bbabd456151542f2,trai-buon-nguoi,name:galaxy-cinema-aeon-mall-tan-an,Galaxy Cinema AEON Mall Tân An,,2026-10-08T06:15:00.000Z,2026-10-08T08:30:00.000Z,TWO_D,Phụ Đề,2D Phụ Đề,SCHEDULED,MOCK,2026-10-05T14:56:15.671Z
a5e91a3f4af2882013187b3095f8b1dd2008f24b,trai-buon-nguoi,name:galaxy-cinema-aeon-mall-tan-an,Galaxy Cinema AEON Mall Tân An,,2026-10-08T07:45:00.000Z,2026-10-08T10:00:00.000Z,TWO_D,Phụ Đề,2D Phụ Đề,SCHEDULED,MOCK,2026-10-05T14:56:15.671Z
e9be828354c4b274b34170500ffe2d72c53f9a29,trai-buon-nguoi,name:galaxy-cinema-aeon-mall-tan-an,Galaxy Cinema AEON Mall Tân An,,2026-10-08T08:15:00.000Z,2026-10-08T10:30:00.000Z,TWO_D,Phụ Đề,2D Phụ Đề,SCHEDULED,MOCK,2026-10-05T14:56:15.671Z
6e1790adb42afe4d11a7beb84721a4df302869df,trai-buon-nguoi,name:galaxy-cinema-aeon-mall-tan-an,Galaxy Cinema AEON Mall Tân An,,2026-10-08T08:45:00.000Z,2026-10-08T11:00:00.000Z,TWO_D,Phụ Đề,2D Phụ Đề,SCHEDULED,MOCK,2026-10-05T14:56:15.672Z
c3fe946589fd9c45c2a21ccbff0757b08d77d24b,trai-buon-nguoi,name:galaxy-cinema-aeon-mall-tan-an,Galaxy Cinema AEON Mall Tân An,,2026-10-08T10:15:00.000Z,2026-10-08T12:30:00.000Z,TWO_D,Phụ Đề,2D Phụ Đề,SCHEDULED,MOCK,2026-10-05T14:56:15.672Z
835e64a057a959737737a277a3307d028116cd28,trai-buon-nguoi,name:galaxy-cinema-aeon-mall-tan-an,Galaxy Cinema AEON Mall Tân An,,2026-10-08T10:45:00.000Z,2026-10-08T13:00:00.000Z,TWO_D,Phụ Đề,2D Phụ Đề,SCHEDULED,MOCK,2026-10-05T14:56:15.672Z
3258b26cd5cc8c6d0d41f7de82e4e6481ddf1dab,trai-buon-nguoi,name:galaxy-cinema-aeon-mall-tan-an,Galaxy Cinema AEON Mall Tân An,,2026-10-08T11:15:00.000Z,2026-10-08T13:30:00.000Z,TWO_D,Phụ Đề,2D Phụ Đề,SCHEDULED,MOCK,2026-10-05T14:56:15.672Z
6392b2ea032b70f2692728fde9fafe57d4d1543c,trai-buon-nguoi,name:galaxy-cinema-aeon-mall-tan-an,Galaxy Cinema AEON Mall Tân An,,2026-10-08T12:45:00.000Z,2026-10-08T15:00:00.000Z,TWO_D,Phụ Đề,2D Phụ Đề,SCHEDULED,MOCK,2026-10-05T14:56:15.672Z
d59b1f873306e4f2a313cba8535b5daf8e994791,trai-buon-nguoi,name:galaxy-cinema-aeon-mall-tan-an,Galaxy Cinema AEON Mall Tân An,,2026-10-08T13:15:00.000Z,2026-10-08T15:30:00.000Z,TWO_D,Phụ Đề,2D Phụ Đề,SCHEDULED,MOCK,2026-10-05T14:56:15.672Z
6df0d8ed4e80c699cbeb1f4460474cf6b3018eb3,trai-buon-nguoi,name:galaxy-cinema-aeon-mall-tan-an,Galaxy Cinema AEON Mall Tân An,,2026-10-08T13:45:00.000Z,2026-10-08T16:00:00.000Z,TWO_D,Phụ Đề,2D Phụ Đề,SCHEDULED,MOCK,2026-10-05T14:56:15.672Z
5bc96855ac0047048f194860108ac198d5a10b06,trai-buon-nguoi,name:galaxy-cinema-aeon-mall-tan-an,Galaxy Cinema AEON Mall Tân An,,2026-10-08T15:15:00.000Z,2026-10-08T17:30:00.000Z,TWO_D,Phụ Đề,2D Phụ Đề,SCHEDULED,MOCK,2026-10-05T14:56:15.672Z
cb3f39346e9283b8c49430e6c6095e0f85754840,trai-buon-nguoi,name:galaxy-cinema-mipec-long-bien,Galaxy Cinema Mipec Long Biên,,2026-10-08T03:15:00.000Z,2026-10-08T05:30:00.000Z,TWO_D,Phụ Đề,2D Phụ Đề,SCHEDULED,MOCK,2026-10-05T14:56:15.672Z
2d8a72d5132ffc2ed96b87be83ebdefe316f4215,trai-buon-nguoi,name:galaxy-cinema-mipec-long-bien,Galaxy Cinema Mipec Long Biên,,2026-10-08T04:00:00.000Z,2026-10-08T06:15:00.000Z,TWO_D,Phụ Đề,2D Phụ Đề,SCHEDULED,MOCK,2026-10-05T14:56:15.672Z
ed05a95b6bc6aca00ef942fab34566c750519a93,trai-buon-nguoi,name:galaxy-cinema-mipec-long-bien,Galaxy Cinema Mipec Long Biên,,2026-10-08T04:45:00.000Z,2026-10-08T07:00:00.000Z,TWO_D,Phụ Đề,2D Phụ Đề,SCHEDULED,MOCK,2026-10-05T14:56:15.672Z
77000951208c7e543205bab2e4d068c44571ba58,trai-buon-nguoi,name:galaxy-cinema-mipec-long-bien,Galaxy Cinema Mipec Long Biên,,2026-10-08T05:30:00.000Z,2026-10-08T07:45:00.000Z,TWO_D,Phụ Đề,2D Phụ Đề,SCHEDULED,MOCK,2026-10-05T14:56:15.672Z
880011e51518daea3ec0aa723f2a1ef78c2cca09,trai-buon-nguoi,name:galaxy-cinema-mipec-long-bien,Galaxy Cinema Mipec Long Biên,,2026-10-08T06:00:00.000Z,2026-10-08T08:15:00.000Z,TWO_D,Phụ Đề,2D Phụ Đề,SCHEDULED,MOCK,2026-10-05T14:56:15.672Z
bd0fb0f9c9d85e7151db37a0dfb1031e48868b50,trai-buon-nguoi,name:galaxy-cinema-mipec-long-bien,Galaxy Cinema Mipec Long Biên,,2026-10-08T06:30:00.000Z,2026-10-08T08:45:00.000Z,TWO_D,Phụ Đề,2D Phụ Đề,SCHEDULED,MOCK,2026-10-05T14:56:15.672Z
e2199f11434f97f3976b7b437938617921ff6046,trai-buon-nguoi,name:galaxy-cinema-mipec-long-bien,Galaxy Cinema Mipec Long Biên,,2026-10-08T07:00:00.000Z,2026-10-08T09:15:00.000Z,TWO_D,Phụ Đề,2D Phụ Đề,SCHEDULED,MOCK,2026-10-05T14:56:15.672Z
cf3f3ebd0f0a4ccd7f79abdccb98b400fcc00a1e,trai-buon-nguoi,name:galaxy-cinema-mipec-long-bien,Galaxy Cinema Mipec Long Biên,,2026-10-08T07:30:00.000Z,2026-10-08T09:45:00.000Z,TWO_D,Phụ Đề,2D Phụ Đề,SCHEDULED,MOCK,2026-10-05T14:56:15.672Z
6974c6e1e50c3e4ddbf9285826a089e09961cd06,trai-buon-nguoi,name:galaxy-cinema-mipec-long-bien,Galaxy Cinema Mipec Long Biên,,2026-10-08T08:00:00.000Z,2026-10-08T10:15:00.000Z,TWO_D,Phụ Đề,2D Phụ Đề,SCHEDULED,MOCK,2026-10-05T14:56:15.672Z
826455edaa07fcb40dc591276591dc07444edca6,trai-buon-nguoi,name:galaxy-cinema-mipec-long-bien,Galaxy Cinema Mipec Long Biên,,2026-10-08T08:30:00.000Z,2026-10-08T10:45:00.000Z,TWO_D,Phụ Đề,2D Phụ Đề,SCHEDULED,MOCK,2026-10-05T14:56:15.672Z
4c024248dd444e131345d9b0be192248ef9c78d6,trai-buon-nguoi,name:galaxy-cinema-mipec-long-bien,Galaxy Cinema Mipec Long Biên,,2026-10-08T09:00:00.000Z,2026-10-08T11:15:00.000Z,TWO_D,Phụ Đề,2D Phụ Đề,SCHEDULED,MOCK,2026-10-05T14:56:15.672Z
0269f1cd65f45aed3d286eb08bed1f38e133962e,trai-buon-nguoi,name:galaxy-cinema-mipec-long-bien,Galaxy Cinema Mipec Long Biên,,2026-10-08T09:30:00.000Z,2026-10-08T11:45:00.000Z,TWO_D,Phụ Đề,2D Phụ Đề,SCHEDULED,MOCK,2026-10-05T14:56:15.672Z
34f0254a9cbf0864716f2505a9720d96eed570f6,trai-buon-nguoi,name:galaxy-cinema-mipec-long-bien,Galaxy Cinema Mipec Long Biên,,2026-10-08T10:00:00.000Z,2026-10-08T12:15:00.000Z,TWO_D,Phụ Đề,2D Phụ Đề,SCHEDULED,MOCK,2026-10-05T14:56:15.672Z
7904d45f825e43b20ce460a751ce86cc5de6885b,trai-buon-nguoi,name:galaxy-cinema-mipec-long-bien,Galaxy Cinema Mipec Long Biên,,2026-10-08T10:30:00.000Z,2026-10-08T12:45:00.000Z,TWO_D,Phụ Đề,2D Phụ Đề,SCHEDULED,MOCK,2026-10-05T14:56:15.672Z
639df512e311c56c859db27c769fc2d54e093fbb,trai-buon-nguoi,name:galaxy-cinema-mipec-long-bien,Galaxy Cinema Mipec Long Biên,,2026-10-08T11:00:00.000Z,2026-10-08T13:15:00.000Z,TWO_D,Phụ Đề,2D Phụ Đề,SCHEDULED,MOCK,2026-10-05T14:56:15.672Z
1d6dfcce4a111d17893b51f935da7540451be0b5,trai-buon-nguoi,name:galaxy-cinema-mipec-long-bien,Galaxy Cinema Mipec Long Biên,,2026-10-08T11:30:00.000Z,2026-10-08T13:45:00.000Z,TWO_D,Phụ Đề,2D Phụ Đề,SCHEDULED,MOCK,2026-10-05T14:56:15.672Z
c8a1c54adba0acb0a8b94de9cfe1471010b4a21d,trai-buon-nguoi,name:galaxy-cinema-mipec-long-bien,Galaxy Cinema Mipec Long Biên,,2026-10-08T12:00:00.000Z,2026-10-08T14:15:00.000Z,TWO_D,Phụ Đề,2D Phụ Đề,SCHEDULED,MOCK,2026-10-05T14:56:15.672Z
65c1996f50cd28688f08a88c67406d3df0689479,trai-buon-nguoi,name:galaxy-cinema-mipec-long-bien,Galaxy Cinema Mipec Long Biên,,2026-10-08T12:30:00.000Z,2026-10-08T14:45:00.000Z,TWO_D,Phụ Đề,2D Phụ Đề,SCHEDULED,MOCK,2026-10-05T14:56:15.672Z
ee30e6a130f04152400cb068dc4c2b302164bcb9,trai-buon-nguoi,name:galaxy-cinema-mipec-long-bien,Galaxy Cinema Mipec Long Biên,,2026-10-08T12:45:00.000Z,2026-10-08T15:00:00.000Z,TWO_D,Phụ Đề,2D Phụ Đề,SCHEDULED,MOCK,2026-10-05T14:56:15.672Z
fb588b7b506393d1b5dbf33ecc790e71b07bee04,trai-buon-nguoi,name:galaxy-cinema-mipec-long-bien,Galaxy Cinema Mipec Long Biên,,2026-10-08T13:00:00.000Z,2026-10-08T15:15:00.000Z,TWO_D,Phụ Đề,2D Phụ Đề,SCHEDULED,MOCK,2026-10-05T14:56:15.672Z
a2ff953066f39a2980d7c8b9be7eb221e21fe363,trai-buon-nguoi,name:galaxy-cinema-mipec-long-bien,Galaxy Cinema Mipec Long Biên,,2026-10-08T13:30:00.000Z,2026-10-08T15:45:00.000Z,TWO_D,Phụ Đề,2D Phụ Đề,SCHEDULED,MOCK,2026-10-05T14:56:15.672Z
5f43d0eb58f7463c941de44470e733c62dbde087,trai-buon-nguoi,name:galaxy-cinema-mipec-long-bien,Galaxy Cinema Mipec Long Biên,,2026-10-08T13:45:00.000Z,2026-10-08T16:00:00.000Z,TWO_D,Phụ Đề,2D Phụ Đề,SCHEDULED,MOCK,2026-10-05T14:56:15.672Z
88f30801053555d16204c2b1efc146e977ff5631,trai-buon-nguoi,name:galaxy-cinema-mipec-long-bien,Galaxy Cinema Mipec Long Biên,,2026-10-08T14:00:00.000Z,2026-10-08T16:15:00.000Z,TWO_D,Phụ Đề,2D Phụ Đề,SCHEDULED,MOCK,2026-10-05T14:56:15.672Z
b315fe82df04223f9849db4284d03cdf8d01d12b,trai-buon-nguoi,name:galaxy-cinema-mipec-long-bien,Galaxy Cinema Mipec Long Biên,,2026-10-08T14:30:00.000Z,2026-10-08T16:45:00.000Z,TWO_D,Phụ Đề,2D Phụ Đề,SCHEDULED,MOCK,2026-10-05T14:56:15.672Z
cf77ffad3e8199e008bc68a2596a3243a999f8e2,trai-buon-nguoi,name:galaxy-cinema-mipec-long-bien,Galaxy Cinema Mipec Long Biên,,2026-10-08T15:00:00.000Z,2026-10-08T17:15:00.000Z,TWO_D,Phụ Đề,2D Phụ Đề,SCHEDULED,MOCK,2026-10-05T14:56:15.672Z
222ca2be15a3da1ef6222c54a556a0d47959c63a,trai-buon-nguoi,name:galaxy-cinema-mipec-long-bien,Galaxy Cinema Mipec Long Biên,,2026-10-08T15:30:00.000Z,2026-10-08T17:45:00.000Z,TWO_D,Phụ Đề,2D Phụ Đề,SCHEDULED,MOCK,2026-10-05T14:56:15.672Z
e8467a0357c9af8d323470651fd03799035157e1,trai-buon-nguoi,name:galaxy-cinema-aeon-mall-hue,Galaxy Cinema AEON Mall Huế,,2026-10-08T03:15:00.000Z,2026-10-08T05:30:00.000Z,TWO_D,Phụ Đề,2D Phụ Đề,SCHEDULED,MOCK,2026-10-05T14:56:15.672Z
86f0a4a05aad9c4a257f63dc2308d58e513dc897,trai-buon-nguoi,name:galaxy-cinema-aeon-mall-hue,Galaxy Cinema AEON Mall Huế,,2026-10-08T04:00:00.000Z,2026-10-08T06:15:00.000Z,TWO_D,Phụ Đề,2D Phụ Đề,SCHEDULED,MOCK,2026-10-05T14:56:15.672Z
794ac9f363533ac17a5cca8851a4d3370db7d3b0,trai-buon-nguoi,name:galaxy-cinema-aeon-mall-hue,Galaxy Cinema AEON Mall Huế,,2026-10-08T04:45:00.000Z,2026-10-08T07:00:00.000Z,TWO_D,Phụ Đề,2D Phụ Đề,SCHEDULED,MOCK,2026-10-05T14:56:15.672Z
1289b6d7627e126d8604a8983d44bee90bb1e071,trai-buon-nguoi,name:galaxy-cinema-aeon-mall-hue,Galaxy Cinema AEON Mall Huế,,2026-10-08T05:30:00.000Z,2026-10-08T07:45:00.000Z,TWO_D,Phụ Đề,2D Phụ Đề,SCHEDULED,MOCK,2026-10-05T14:56:15.672Z
8b30947ccb11115810b3d9454f3b00a729308b15,trai-buon-nguoi,name:galaxy-cinema-aeon-mall-hue,Galaxy Cinema AEON Mall Huế,,2026-10-08T06:00:00.000Z,2026-10-08T08:15:00.000Z,TWO_D,Phụ Đề,2D Phụ Đề,SCHEDULED,MOCK,2026-10-05T14:56:15.672Z
305905f46958b81298a966fd4b603580c792a0d2,trai-buon-nguoi,name:galaxy-cinema-aeon-mall-hue,Galaxy Cinema AEON Mall Huế,,2026-10-08T06:45:00.000Z,2026-10-08T09:00:00.000Z,TWO_D,Phụ Đề,2D Phụ Đề,SCHEDULED,MOCK,2026-10-05T14:56:15.672Z
3758c22610e6e7fadba3a6ef473d6a1be86db278,trai-buon-nguoi,name:galaxy-cinema-aeon-mall-hue,Galaxy Cinema AEON Mall Huế,,2026-10-08T07:30:00.000Z,2026-10-08T09:45:00.000Z,TWO_D,Phụ Đề,2D Phụ Đề,SCHEDULED,MOCK,2026-10-05T14:56:15.672Z
cc9d2f7fd8ca9fbe287a02883e5bfef8e1586b1c,trai-buon-nguoi,name:galaxy-cinema-aeon-mall-hue,Galaxy Cinema AEON Mall Huế,,2026-10-08T08:00:00.000Z,2026-10-08T10:15:00.000Z,TWO_D,Phụ Đề,2D Phụ Đề,SCHEDULED,MOCK,2026-10-05T14:56:15.672Z
dd207e8cf901758af039d37e49810b4df70c5576,trai-buon-nguoi,name:galaxy-cinema-aeon-mall-hue,Galaxy Cinema AEON Mall Huế,,2026-10-08T08:45:00.000Z,2026-10-08T11:00:00.000Z,TWO_D,Phụ Đề,2D Phụ Đề,SCHEDULED,MOCK,2026-10-05T14:56:15.672Z
bb8ce0d2c4ac9ad98de42eee97f6cc6f42c6ac7a,trai-buon-nguoi,name:galaxy-cinema-aeon-mall-hue,Galaxy Cinema AEON Mall Huế,,2026-10-08T09:30:00.000Z,2026-10-08T11:45:00.000Z,TWO_D,Phụ Đề,2D Phụ Đề,SCHEDULED,MOCK,2026-10-05T14:56:15.672Z
0d34c5ffe51e8927ca9dcc003fc75e934dd3457f,trai-buon-nguoi,name:galaxy-cinema-aeon-mall-hue,Galaxy Cinema AEON Mall Huế,,2026-10-08T10:00:00.000Z,2026-10-08T12:15:00.000Z,TWO_D,Phụ Đề,2D Phụ Đề,SCHEDULED,MOCK,2026-10-05T14:56:15.672Z
b1b320ba447318865810d7d8d5e5b809702cd1e0,trai-buon-nguoi,name:galaxy-cinema-aeon-mall-hue,Galaxy Cinema AEON Mall Huế,,2026-10-08T10:45:00.000Z,2026-10-08T13:00:00.000Z,TWO_D,Phụ Đề,2D Phụ Đề,SCHEDULED,MOCK,2026-10-05T14:56:15.672Z
7ba1a7b24a0ba14aeafb7b14142d2ed180fb1e83,trai-buon-nguoi,name:galaxy-cinema-aeon-mall-hue,Galaxy Cinema AEON Mall Huế,,2026-10-08T11:15:00.000Z,2026-10-08T13:30:00.000Z,TWO_D,Phụ Đề,2D Phụ Đề,SCHEDULED,MOCK,2026-10-05T14:56:15.672Z
cd00bc0c7ba24fef226b1f5a0ed82d8d9d8b6092,trai-buon-nguoi,name:galaxy-cinema-aeon-mall-hue,Galaxy Cinema AEON Mall Huế,,2026-10-08T12:00:00.000Z,2026-10-08T14:15:00.000Z,TWO_D,Phụ Đề,2D Phụ Đề,SCHEDULED,MOCK,2026-10-05T14:56:15.673Z
e44bfdf4254643bed08f8dc9e3f6a8c5b1a9ea74,trai-buon-nguoi,name:galaxy-cinema-aeon-mall-hue,Galaxy Cinema AEON Mall Huế,,2026-10-08T12:30:00.000Z,2026-10-08T14:45:00.000Z,TWO_D,Phụ Đề,2D Phụ Đề,SCHEDULED,MOCK,2026-10-05T14:56:15.673Z
2e7d556f2ee1b9c8f4fd0f1ab3e950ccd1bc70d0,trai-buon-nguoi,name:galaxy-cinema-aeon-mall-hue,Galaxy Cinema AEON Mall Huế,,2026-10-08T12:45:00.000Z,2026-10-08T15:00:00.000Z,TWO_D,Phụ Đề,2D Phụ Đề,SCHEDULED,MOCK,2026-10-05T14:56:15.673Z
c293b9edd625dcdd5b32cbf4aa0d2bf0204a6a80,trai-buon-nguoi,name:galaxy-cinema-aeon-mall-hue,Galaxy Cinema AEON Mall Huế,,2026-10-08T13:15:00.000Z,2026-10-08T15:30:00.000Z,TWO_D,Phụ Đề,2D Phụ Đề,SCHEDULED,MOCK,2026-10-05T14:56:15.673Z
ffae78ee712552b92a15eabdc83db8c7b6e89f0d,trai-buon-nguoi,name:galaxy-cinema-aeon-mall-hue,Galaxy Cinema AEON Mall Huế,,2026-10-08T13:45:00.000Z,2026-10-08T16:00:00.000Z,TWO_D,Phụ Đề,2D Phụ Đề,SCHEDULED,MOCK,2026-10-05T14:56:15.673Z
8bec622e785d3b52e899cfb17b1eb6c8f2a155fd,trai-buon-nguoi,name:galaxy-cinema-aeon-mall-hue,Galaxy Cinema AEON Mall Huế,,2026-10-08T14:30:00.000Z,2026-10-08T16:45:00.000Z,TWO_D,Phụ Đề,2D Phụ Đề,SCHEDULED,MOCK,2026-10-05T14:56:15.673Z
980835aee4ff42c0610dbe02ee4eb59bcd1b7290,trai-buon-nguoi,name:galaxy-cinema-aeon-mall-hue,Galaxy Cinema AEON Mall Huế,,2026-10-08T15:00:00.000Z,2026-10-08T17:15:00.000Z,TWO_D,Phụ Đề,2D Phụ Đề,SCHEDULED,MOCK,2026-10-05T14:56:15.673Z
810c06460744e327b295e3bebfad2e05bf5fccd9,trai-buon-nguoi,galaxy-huynh-tan-phat,Galaxy Cinema Coop Huỳnh Tấn Phát,,2026-10-08T03:30:00.000Z,2026-10-08T05:45:00.000Z,TWO_D,Phụ Đề,2D Phụ Đề,SCHEDULED,MOCK,2026-10-05T14:56:15.673Z
a51af5e9d7838e23dcdd407cfe1ecae36d5ad177,trai-buon-nguoi,galaxy-huynh-tan-phat,Galaxy Cinema Coop Huỳnh Tấn Phát,,2026-10-08T04:15:00.000Z,2026-10-08T06:30:00.000Z,TWO_D,Phụ Đề,2D Phụ Đề,SCHEDULED,MOCK,2026-10-05T14:56:15.673Z
41db35bbd3ff3f9f29f4084d8abf1da51c1c95f7,trai-buon-nguoi,galaxy-huynh-tan-phat,Galaxy Cinema Coop Huỳnh Tấn Phát,,2026-10-08T05:15:00.000Z,2026-10-08T07:30:00.000Z,TWO_D,Phụ Đề,2D Phụ Đề,SCHEDULED,MOCK,2026-10-05T14:56:15.673Z
99c7ea31f46fb4b3fc37c3bdd9e1e48edbc5341a,trai-buon-nguoi,galaxy-huynh-tan-phat,Galaxy Cinema Coop Huỳnh Tấn Phát,,2026-10-08T06:15:00.000Z,2026-10-08T08:30:00.000Z,TWO_D,Phụ Đề,2D Phụ Đề,SCHEDULED,MOCK,2026-10-05T14:56:15.673Z
2691c34f15b94d9358d09d262c58ca93708e2ceb,trai-buon-nguoi,galaxy-huynh-tan-phat,Galaxy Cinema Coop Huỳnh Tấn Phát,,2026-10-08T07:00:00.000Z,2026-10-08T09:15:00.000Z,TWO_D,Phụ Đề,2D Phụ Đề,SCHEDULED,MOCK,2026-10-05T14:56:15.673Z
f714c8d11d997ff0d621c915d417456e5aeb9dbc,trai-buon-nguoi,galaxy-huynh-tan-phat,Galaxy Cinema Coop Huỳnh Tấn Phát,,2026-10-08T08:00:00.000Z,2026-10-08T10:15:00.000Z,TWO_D,Phụ Đề,2D Phụ Đề,SCHEDULED,MOCK,2026-10-05T14:56:15.673Z
d924119c7f59995dcb9ce1f027b503c68f9a72a9,trai-buon-nguoi,galaxy-huynh-tan-phat,Galaxy Cinema Coop Huỳnh Tấn Phát,,2026-10-08T08:45:00.000Z,2026-10-08T11:00:00.000Z,TWO_D,Phụ Đề,2D Phụ Đề,SCHEDULED,MOCK,2026-10-05T14:56:15.673Z
21ef684b45f2f3f72455af318cdcb2c99d8189f9,trai-buon-nguoi,galaxy-huynh-tan-phat,Galaxy Cinema Coop Huỳnh Tấn Phát,,2026-10-08T09:30:00.000Z,2026-10-08T11:45:00.000Z,TWO_D,Phụ Đề,2D Phụ Đề,SCHEDULED,MOCK,2026-10-05T14:56:15.673Z
fff9d4c7650a5df20ca2a9dfd3d00d74edae6315,trai-buon-nguoi,galaxy-huynh-tan-phat,Galaxy Cinema Coop Huỳnh Tấn Phát,,2026-10-08T10:00:00.000Z,2026-10-08T12:15:00.000Z,TWO_D,Phụ Đề,2D Phụ Đề,SCHEDULED,MOCK,2026-10-05T14:56:15.673Z
d4cc8c0a46812b1d37ed86cce72fe552be29388f,trai-buon-nguoi,galaxy-huynh-tan-phat,Galaxy Cinema Coop Huỳnh Tấn Phát,,2026-10-08T10:30:00.000Z,2026-10-08T12:45:00.000Z,TWO_D,Phụ Đề,2D Phụ Đề,SCHEDULED,MOCK,2026-10-05T14:56:15.673Z
ec5ae8ec7cc61098370ba1b1395bb1d54d5218f6,trai-buon-nguoi,galaxy-huynh-tan-phat,Galaxy Cinema Coop Huỳnh Tấn Phát,,2026-10-08T11:30:00.000Z,2026-10-08T13:45:00.000Z,TWO_D,Phụ Đề,2D Phụ Đề,SCHEDULED,MOCK,2026-10-05T14:56:15.673Z
856fa076d480a38c1c3be5070f1bd76852c44ccf,trai-buon-nguoi,galaxy-huynh-tan-phat,Galaxy Cinema Coop Huỳnh Tấn Phát,,2026-10-08T12:00:00.000Z,2026-10-08T14:15:00.000Z,TWO_D,Phụ Đề,2D Phụ Đề,SCHEDULED,MOCK,2026-10-05T14:56:15.673Z
1d17c12ce55a2b7ef33daf730d59c228b896fba8,trai-buon-nguoi,galaxy-huynh-tan-phat,Galaxy Cinema Coop Huỳnh Tấn Phát,,2026-10-08T12:30:00.000Z,2026-10-08T14:45:00.000Z,TWO_D,Phụ Đề,2D Phụ Đề,SCHEDULED,MOCK,2026-10-05T14:56:15.673Z
2046052b5b3689461a0c76fbf6ab2d3616c73ba4,trai-buon-nguoi,galaxy-huynh-tan-phat,Galaxy Cinema Coop Huỳnh Tấn Phát,,2026-10-08T13:00:00.000Z,2026-10-08T15:15:00.000Z,TWO_D,Phụ Đề,2D Phụ Đề,SCHEDULED,MOCK,2026-10-05T14:56:15.673Z
1f6b2870ad2581f7fc74e17209f0f4318ed2d36d,trai-buon-nguoi,galaxy-huynh-tan-phat,Galaxy Cinema Coop Huỳnh Tấn Phát,,2026-10-08T14:00:00.000Z,2026-10-08T16:15:00.000Z,TWO_D,Phụ Đề,2D Phụ Đề,SCHEDULED,MOCK,2026-10-05T14:56:15.673Z
2d2f2c6f28e43e07c92d0f48d4126207b84cb32b,trai-buon-nguoi,galaxy-huynh-tan-phat,Galaxy Cinema Coop Huỳnh Tấn Phát,,2026-10-08T14:30:00.000Z,2026-10-08T16:45:00.000Z,TWO_D,Phụ Đề,2D Phụ Đề,SCHEDULED,MOCK,2026-10-05T14:56:15.673Z
6d2f94388066ffb795b128dafb8855d40ebf1fdb,trai-buon-nguoi,galaxy-huynh-tan-phat,Galaxy Cinema Coop Huỳnh Tấn Phát,,2026-10-08T15:30:00.000Z,2026-10-08T17:45:00.000Z,TWO_D,Phụ Đề,2D Phụ Đề,SCHEDULED,MOCK,2026-10-05T14:56:15.673Z
61be50090012c4fd2045968f17f0ca4e74e74bd2,trai-buon-nguoi,name:galaxy-cineo-go-ben-tre,Galaxy CineO GO! Bến Tre,,2026-10-09T02:30:00.000Z,2026-10-09T04:45:00.000Z,TWO_D,Phụ Đề,2D Phụ Đề,SCHEDULED,MOCK,2026-10-05T14:56:16.695Z
09b237d9aa53eca5aa11051796bb42bdf261baa8,trai-buon-nguoi,name:galaxy-cineo-go-ben-tre,Galaxy CineO GO! Bến Tre,,2026-10-09T05:00:00.000Z,2026-10-09T07:15:00.000Z,TWO_D,Phụ Đề,2D Phụ Đề,SCHEDULED,MOCK,2026-10-05T14:56:16.695Z
7db4ea6517373ce6110a0f4d7daa390f536c1db7,trai-buon-nguoi,name:galaxy-cineo-go-ben-tre,Galaxy CineO GO! Bến Tre,,2026-10-09T07:30:00.000Z,2026-10-09T09:45:00.000Z,TWO_D,Phụ Đề,2D Phụ Đề,SCHEDULED,MOCK,2026-10-05T14:56:16.695Z
604d754807f84cf2c77cfabfb7e71e52ba0c2af2,trai-buon-nguoi,name:galaxy-cineo-go-ben-tre,Galaxy CineO GO! Bến Tre,,2026-10-09T10:00:00.000Z,2026-10-09T12:15:00.000Z,TWO_D,Phụ Đề,2D Phụ Đề,SCHEDULED,MOCK,2026-10-05T14:56:16.695Z
93b387b04eb0c89b7c2c610b3330cefe72e17ea6,trai-buon-nguoi,name:galaxy-cineo-go-ben-tre,Galaxy CineO GO! Bến Tre,,2026-10-09T12:30:00.000Z,2026-10-09T14:45:00.000Z,TWO_D,Phụ Đề,2D Phụ Đề,SCHEDULED,MOCK,2026-10-05T14:56:16.695Z
0a14798f1954c9c68bee69fd420435b354956dc0,trai-buon-nguoi,name:galaxy-cineo-go-ben-tre,Galaxy CineO GO! Bến Tre,,2026-10-09T15:00:00.000Z,2026-10-09T17:15:00.000Z,TWO_D,Phụ Đề,2D Phụ Đề,SCHEDULED,MOCK,2026-10-05T14:56:16.695Z
944798039623ba62d54954d561e9ae76667ac69e,trai-buon-nguoi,name:galaxy-cinema-sense-city-ben-tre,Galaxy Cinema Sense City Bến Tre,,2026-10-09T02:45:00.000Z,2026-10-09T05:00:00.000Z,TWO_D,Phụ Đề,2D Phụ Đề,SCHEDULED,MOCK,2026-10-05T14:56:16.695Z
fd766b3a95a93987cf41da56b6678d07136f966f,trai-buon-nguoi,name:galaxy-cinema-sense-city-ben-tre,Galaxy Cinema Sense City Bến Tre,,2026-10-09T05:15:00.000Z,2026-10-09T07:30:00.000Z,TWO_D,Phụ Đề,2D Phụ Đề,SCHEDULED,MOCK,2026-10-05T14:56:16.695Z
f693522e25a919c63f10205cb20227b5b1d8573a,trai-buon-nguoi,name:galaxy-cinema-sense-city-ben-tre,Galaxy Cinema Sense City Bến Tre,,2026-10-09T07:45:00.000Z,2026-10-09T10:00:00.000Z,TWO_D,Phụ Đề,2D Phụ Đề,SCHEDULED,MOCK,2026-10-05T14:56:16.695Z
2e2e87929d5236c4ff4b36083a4c629064aa3ae5,trai-buon-nguoi,name:galaxy-cinema-sense-city-ben-tre,Galaxy Cinema Sense City Bến Tre,,2026-10-09T10:15:00.000Z,2026-10-09T12:30:00.000Z,TWO_D,Phụ Đề,2D Phụ Đề,SCHEDULED,MOCK,2026-10-05T14:56:16.695Z
94c2b44c054a290948f0a927d8b6963e2a453a88,trai-buon-nguoi,name:galaxy-cinema-sense-city-ben-tre,Galaxy Cinema Sense City Bến Tre,,2026-10-09T12:45:00.000Z,2026-10-09T15:00:00.000Z,TWO_D,Phụ Đề,2D Phụ Đề,SCHEDULED,MOCK,2026-10-05T14:56:16.695Z
882a02f3dfb462b42a17b4dba5c7bf20f964044c,trai-buon-nguoi,name:galaxy-cinema-sense-city-ben-tre,Galaxy Cinema Sense City Bến Tre,,2026-10-09T15:15:00.000Z,2026-10-09T17:30:00.000Z,TWO_D,Phụ Đề,2D Phụ Đề,SCHEDULED,MOCK,2026-10-05T14:56:16.695Z
9b6391ba234d6fcdb32ac40e4f90d5918f82d718,trai-buon-nguoi,name:galaxy-cinema-sense-city-ca-mau,Galaxy Cinema Sense City Cà Mau,,2026-10-09T02:45:00.000Z,2026-10-09T05:00:00.000Z,TWO_D,Phụ Đề,2D Phụ Đề,SCHEDULED,MOCK,2026-10-05T14:56:16.696Z
1576f0d78925eaa949f8e5ee9c14dc5568a21f76,trai-buon-nguoi,name:galaxy-cinema-sense-city-ca-mau,Galaxy Cinema Sense City Cà Mau,,2026-10-09T05:15:00.000Z,2026-10-09T07:30:00.000Z,TWO_D,Phụ Đề,2D Phụ Đề,SCHEDULED,MOCK,2026-10-05T14:56:16.696Z
215e7459db04b2ff01b3a7045d35d04f84b95e10,trai-buon-nguoi,name:galaxy-cinema-sense-city-ca-mau,Galaxy Cinema Sense City Cà Mau,,2026-10-09T07:45:00.000Z,2026-10-09T10:00:00.000Z,TWO_D,Phụ Đề,2D Phụ Đề,SCHEDULED,MOCK,2026-10-05T14:56:16.696Z
07b72a5dd515ed3aa6a59b2e61dd4464a1e641a0,trai-buon-nguoi,name:galaxy-cinema-sense-city-ca-mau,Galaxy Cinema Sense City Cà Mau,,2026-10-09T10:15:00.000Z,2026-10-09T12:30:00.000Z,TWO_D,Phụ Đề,2D Phụ Đề,SCHEDULED,MOCK,2026-10-05T14:56:16.696Z
6f9e631745e11520441b24f2313f6355772d3163,trai-buon-nguoi,name:galaxy-cinema-sense-city-ca-mau,Galaxy Cinema Sense City Cà Mau,,2026-10-09T12:45:00.000Z,2026-10-09T15:00:00.000Z,TWO_D,Phụ Đề,2D Phụ Đề,SCHEDULED,MOCK,2026-10-05T14:56:16.696Z
306e86a1c0458d556d655dde8547273de13bdcef,trai-buon-nguoi,name:galaxy-cinema-sense-city-ca-mau,Galaxy Cinema Sense City Cà Mau,,2026-10-09T15:15:00.000Z,2026-10-09T17:30:00.000Z,TWO_D,Phụ Đề,2D Phụ Đề,SCHEDULED,MOCK,2026-10-05T14:56:16.696Z
2f64e87ff704024d89af865fbc38045890077ab3,trai-buon-nguoi,name:galaxy-cinema-coop-buon-ma-thuot,Galaxy Cinema Coop Buôn Ma Thuột,,2026-10-09T02:45:00.000Z,2026-10-09T05:00:00.000Z,TWO_D,Phụ Đề,2D Phụ Đề,SCHEDULED,MOCK,2026-10-05T14:56:16.696Z
35ef313a9cc7de8d77a2cb876fac25556ee02949,trai-buon-nguoi,name:galaxy-cinema-coop-buon-ma-thuot,Galaxy Cinema Coop Buôn Ma Thuột,,2026-10-09T05:15:00.000Z,2026-10-09T07:30:00.000Z,TWO_D,Phụ Đề,2D Phụ Đề,SCHEDULED,MOCK,2026-10-05T14:56:16.696Z
d32be3b69e6dce95c49ce46f775430abab225f76,trai-buon-nguoi,name:galaxy-cinema-coop-buon-ma-thuot,Galaxy Cinema Coop Buôn Ma Thuột,,2026-10-09T07:45:00.000Z,2026-10-09T10:00:00.000Z,TWO_D,Phụ Đề,2D Phụ Đề,SCHEDULED,MOCK,2026-10-05T14:56:16.696Z
23b384f8acb332c9a92e0a4ae222c2263269f6f9,trai-buon-nguoi,name:galaxy-cinema-coop-buon-ma-thuot,Galaxy Cinema Coop Buôn Ma Thuột,,2026-10-09T10:15:00.000Z,2026-10-09T12:30:00.000Z,TWO_D,Phụ Đề,2D Phụ Đề,SCHEDULED,MOCK,2026-10-05T14:56:16.696Z
2d9f92f938dca18f88f250485bd1dfc6da92b621,trai-buon-nguoi,name:galaxy-cinema-coop-buon-ma-thuot,Galaxy Cinema Coop Buôn Ma Thuột,,2026-10-09T12:45:00.000Z,2026-10-09T15:00:00.000Z,TWO_D,Phụ Đề,2D Phụ Đề,SCHEDULED,MOCK,2026-10-05T14:56:16.696Z
566299b9ba587dd9825e137842b9bbabaaed2a73,trai-buon-nguoi,name:galaxy-cinema-coop-buon-ma-thuot,Galaxy Cinema Coop Buôn Ma Thuột,,2026-10-09T15:15:00.000Z,2026-10-09T17:30:00.000Z,TWO_D,Phụ Đề,2D Phụ Đề,SCHEDULED,MOCK,2026-10-05T14:56:16.696Z
729ced0fdc325f96fe2d3136021f6e013327b3dd,trai-buon-nguoi,name:galaxy-cinema-long-xuyen,Galaxy Cinema Long Xuyên,,2026-10-09T02:45:00.000Z,2026-10-09T05:00:00.000Z,TWO_D,Phụ Đề,2D Phụ Đề,SCHEDULED,MOCK,2026-10-05T14:56:16.696Z
e175e450ba7072c0442a7a90da45854c22a693f4,trai-buon-nguoi,name:galaxy-cinema-long-xuyen,Galaxy Cinema Long Xuyên,,2026-10-09T03:30:00.000Z,2026-10-09T05:45:00.000Z,TWO_D,Phụ Đề,2D Phụ Đề,SCHEDULED,MOCK,2026-10-05T14:56:16.696Z
3a3a32c596df5f095f9990a169040153d04ebb87,trai-buon-nguoi,name:galaxy-cinema-long-xuyen,Galaxy Cinema Long Xuyên,,2026-10-09T05:15:00.000Z,2026-10-09T07:30:00.000Z,TWO_D,Phụ Đề,2D Phụ Đề,SCHEDULED,MOCK,2026-10-05T14:56:16.696Z
683f873e293f38dfae7cf92f10b0ce4924adbdf9,trai-buon-nguoi,name:galaxy-cinema-long-xuyen,Galaxy Cinema Long Xuyên,,2026-10-09T06:00:00.000Z,2026-10-09T08:15:00.000Z,TWO_D,Phụ Đề,2D Phụ Đề,SCHEDULED,MOCK,2026-10-05T14:56:16.696Z
4e077b0a022f35aa7e41d5d6d0f10ca5dd364dd4,trai-buon-nguoi,name:galaxy-cinema-long-xuyen,Galaxy Cinema Long Xuyên,,2026-10-09T07:45:00.000Z,2026-10-09T10:00:00.000Z,TWO_D,Phụ Đề,2D Phụ Đề,SCHEDULED,MOCK,2026-10-05T14:56:16.696Z
4047fbe37ab2778fe39cdc00a1f926f9ba949b96,trai-buon-nguoi,name:galaxy-cinema-long-xuyen,Galaxy Cinema Long Xuyên,,2026-10-09T08:30:00.000Z,2026-10-09T10:45:00.000Z,TWO_D,Phụ Đề,2D Phụ Đề,SCHEDULED,MOCK,2026-10-05T14:56:16.696Z
bae40c7719367fe46c1a2f52167eef75d7053c04,trai-buon-nguoi,name:galaxy-cinema-long-xuyen,Galaxy Cinema Long Xuyên,,2026-10-09T10:15:00.000Z,2026-10-09T12:30:00.000Z,TWO_D,Phụ Đề,2D Phụ Đề,SCHEDULED,MOCK,2026-10-05T14:56:16.696Z
539b10615a58d0c3cda71cc8c2737cb81d8f3c99,trai-buon-nguoi,name:galaxy-cinema-long-xuyen,Galaxy Cinema Long Xuyên,,2026-10-09T11:00:00.000Z,2026-10-09T13:15:00.000Z,TWO_D,Phụ Đề,2D Phụ Đề,SCHEDULED,MOCK,2026-10-05T14:56:16.696Z
b7dd70f313ba01886cb438d1026d4fa583ac66c7,trai-buon-nguoi,name:galaxy-cinema-long-xuyen,Galaxy Cinema Long Xuyên,,2026-10-09T12:45:00.000Z,2026-10-09T15:00:00.000Z,TWO_D,Phụ Đề,2D Phụ Đề,SCHEDULED,MOCK,2026-10-05T14:56:16.696Z
2f52dac04b9ab144be0d27d5f97c544ac7eb6750,trai-buon-nguoi,name:galaxy-cinema-long-xuyen,Galaxy Cinema Long Xuyên,,2026-10-09T13:30:00.000Z,2026-10-09T15:45:00.000Z,TWO_D,Phụ Đề,2D Phụ Đề,SCHEDULED,MOCK,2026-10-05T14:56:16.696Z
7bcda163dc20a02e3877d1758f6b6348023cc629,trai-buon-nguoi,name:galaxy-cinema-long-xuyen,Galaxy Cinema Long Xuyên,,2026-10-09T15:15:00.000Z,2026-10-09T17:30:00.000Z,TWO_D,Phụ Đề,2D Phụ Đề,SCHEDULED,MOCK,2026-10-05T14:56:16.696Z
c93d816bcf8405c9c0df4d37582a243a9efcb1a9,trai-buon-nguoi,name:galaxy-cinema-go-ba-ria,Galaxy Cinema GO! Bà Rịa,,2026-10-09T02:45:00.000Z,2026-10-09T05:00:00.000Z,TWO_D,Phụ Đề,2D Phụ Đề,SCHEDULED,MOCK,2026-10-05T14:56:16.696Z
e5d42a5d8926b015ffcbc9bf9e81a3b781b75da5,trai-buon-nguoi,name:galaxy-cinema-go-ba-ria,Galaxy Cinema GO! Bà Rịa,,2026-10-09T03:30:00.000Z,2026-10-09T05:45:00.000Z,TWO_D,Phụ Đề,2D Phụ Đề,SCHEDULED,MOCK,2026-10-05T14:56:16.696Z
7a0d2eaec56969d06daa621ffdb23c86fbee8d2d,trai-buon-nguoi,name:galaxy-cinema-go-ba-ria,Galaxy Cinema GO! Bà Rịa,,2026-10-09T05:15:00.000Z,2026-10-09T07:30:00.000Z,TWO_D,Phụ Đề,2D Phụ Đề,SCHEDULED,MOCK,2026-10-05T14:56:16.696Z
c2dd98a36d3e3696e2a618b0d14caab1248f85e9,trai-buon-nguoi,name:galaxy-cinema-go-ba-ria,Galaxy Cinema GO! Bà Rịa,,2026-10-09T06:00:00.000Z,2026-10-09T08:15:00.000Z,TWO_D,Phụ Đề,2D Phụ Đề,SCHEDULED,MOCK,2026-10-05T14:56:16.696Z
7d052bbb709d7ce1eebcd281f5a69acc1538043b,trai-buon-nguoi,name:galaxy-cinema-go-ba-ria,Galaxy Cinema GO! Bà Rịa,,2026-10-09T07:45:00.000Z,2026-10-09T10:00:00.000Z,TWO_D,Phụ Đề,2D Phụ Đề,SCHEDULED,MOCK,2026-10-05T14:56:16.696Z
39912f02c0117173c82e304ba3340e4e6468c34f,trai-buon-nguoi,name:galaxy-cinema-go-ba-ria,Galaxy Cinema GO! Bà Rịa,,2026-10-09T08:30:00.000Z,2026-10-09T10:45:00.000Z,TWO_D,Phụ Đề,2D Phụ Đề,SCHEDULED,MOCK,2026-10-05T14:56:16.696Z
da160aa702876eb48e50cff0eafd8cbb1a35a901,trai-buon-nguoi,name:galaxy-cinema-go-ba-ria,Galaxy Cinema GO! Bà Rịa,,2026-10-09T10:15:00.000Z,2026-10-09T12:30:00.000Z,TWO_D,Phụ Đề,2D Phụ Đề,SCHEDULED,MOCK,2026-10-05T14:56:16.696Z
09b2b28ee57d6ce665ed294c71cdefa9fa80b53f,trai-buon-nguoi,name:galaxy-cinema-go-ba-ria,Galaxy Cinema GO! Bà Rịa,,2026-10-09T11:00:00.000Z,2026-10-09T13:15:00.000Z,TWO_D,Phụ Đề,2D Phụ Đề,SCHEDULED,MOCK,2026-10-05T14:56:16.696Z
56a245cb0993ceff7ceab08f3cbcc0857561bca3,trai-buon-nguoi,name:galaxy-cinema-go-ba-ria,Galaxy Cinema GO! Bà Rịa,,2026-10-09T12:45:00.000Z,2026-10-09T15:00:00.000Z,TWO_D,Phụ Đề,2D Phụ Đề,SCHEDULED,MOCK,2026-10-05T14:56:16.696Z
603bc73f775096b3aec794ce6e66b55d5e5291dd,trai-buon-nguoi,name:galaxy-cinema-go-ba-ria,Galaxy Cinema GO! Bà Rịa,,2026-10-09T13:30:00.000Z,2026-10-09T15:45:00.000Z,TWO_D,Phụ Đề,2D Phụ Đề,SCHEDULED,MOCK,2026-10-05T14:56:16.696Z
146e4fb10675bd851a527485e7129175e2886ee7,trai-buon-nguoi,name:galaxy-cinema-go-ba-ria,Galaxy Cinema GO! Bà Rịa,,2026-10-09T15:15:00.000Z,2026-10-09T17:30:00.000Z,TWO_D,Phụ Đề,2D Phụ Đề,SCHEDULED,MOCK,2026-10-05T14:56:16.696Z
feb6e4e2175fa3aa8a78a61e062a308eb70a1a2c,trai-buon-nguoi,name:galaxy-cineo-go-ben-tre,Galaxy CineO GO! Bến Tre,,2026-10-10T02:30:00.000Z,2026-10-10T04:45:00.000Z,TWO_D,Phụ Đề,2D Phụ Đề,SCHEDULED,MOCK,2026-10-05T14:56:17.735Z
cc13704b98f77c1d9de2daff23bcef2641ba92e9,trai-buon-nguoi,name:galaxy-cineo-go-ben-tre,Galaxy CineO GO! Bến Tre,,2026-10-10T05:00:00.000Z,2026-10-10T07:15:00.000Z,TWO_D,Phụ Đề,2D Phụ Đề,SCHEDULED,MOCK,2026-10-05T14:56:17.735Z
0bc99380276b544a173fe8a24a01e50c5fbb2685,trai-buon-nguoi,name:galaxy-cineo-go-ben-tre,Galaxy CineO GO! Bến Tre,,2026-10-10T07:30:00.000Z,2026-10-10T09:45:00.000Z,TWO_D,Phụ Đề,2D Phụ Đề,SCHEDULED,MOCK,2026-10-05T14:56:17.735Z
7579886dcd343430b0a326da1bd088455ddf5fed,trai-buon-nguoi,name:galaxy-cineo-go-ben-tre,Galaxy CineO GO! Bến Tre,,2026-10-10T10:00:00.000Z,2026-10-10T12:15:00.000Z,TWO_D,Phụ Đề,2D Phụ Đề,SCHEDULED,MOCK,2026-10-05T14:56:17.735Z
1e23154909826228e7b8fff799d0650435708da5,trai-buon-nguoi,name:galaxy-cineo-go-ben-tre,Galaxy CineO GO! Bến Tre,,2026-10-10T12:30:00.000Z,2026-10-10T14:45:00.000Z,TWO_D,Phụ Đề,2D Phụ Đề,SCHEDULED,MOCK,2026-10-05T14:56:17.735Z
9602220e78904d0cb4be8312c1ae1d8ea1836839,trai-buon-nguoi,name:galaxy-cineo-go-ben-tre,Galaxy CineO GO! Bến Tre,,2026-10-10T15:00:00.000Z,2026-10-10T17:15:00.000Z,TWO_D,Phụ Đề,2D Phụ Đề,SCHEDULED,MOCK,2026-10-05T14:56:17.736Z
6063daa6abab7242ae57b02b7cf486cd612c174a,trai-buon-nguoi,name:galaxy-cinema-sense-city-ben-tre,Galaxy Cinema Sense City Bến Tre,,2026-10-10T02:45:00.000Z,2026-10-10T05:00:00.000Z,TWO_D,Phụ Đề,2D Phụ Đề,SCHEDULED,MOCK,2026-10-05T14:56:17.736Z
6e38445d6c1699afc422c92fbc1e33dd61175c12,trai-buon-nguoi,name:galaxy-cinema-sense-city-ben-tre,Galaxy Cinema Sense City Bến Tre,,2026-10-10T05:15:00.000Z,2026-10-10T07:30:00.000Z,TWO_D,Phụ Đề,2D Phụ Đề,SCHEDULED,MOCK,2026-10-05T14:56:17.736Z
c5164380a3a5b27d1719129aa4f77009f9f84e96,trai-buon-nguoi,name:galaxy-cinema-sense-city-ben-tre,Galaxy Cinema Sense City Bến Tre,,2026-10-10T07:45:00.000Z,2026-10-10T10:00:00.000Z,TWO_D,Phụ Đề,2D Phụ Đề,SCHEDULED,MOCK,2026-10-05T14:56:17.736Z
f793cbdfdf34cbcc1fd5eee4d8fbe9112feeeeb9,trai-buon-nguoi,name:galaxy-cinema-sense-city-ben-tre,Galaxy Cinema Sense City Bến Tre,,2026-10-10T10:15:00.000Z,2026-10-10T12:30:00.000Z,TWO_D,Phụ Đề,2D Phụ Đề,SCHEDULED,MOCK,2026-10-05T14:56:17.736Z
fec3849443f64fe29864bbc4f7ff54e4eb411bfc,trai-buon-nguoi,name:galaxy-cinema-sense-city-ben-tre,Galaxy Cinema Sense City Bến Tre,,2026-10-10T12:45:00.000Z,2026-10-10T15:00:00.000Z,TWO_D,Phụ Đề,2D Phụ Đề,SCHEDULED,MOCK,2026-10-05T14:56:17.736Z
d10bfad17f2029accc82f13a82e6c0c4f2391544,trai-buon-nguoi,name:galaxy-cinema-sense-city-ben-tre,Galaxy Cinema Sense City Bến Tre,,2026-10-10T15:15:00.000Z,2026-10-10T17:30:00.000Z,TWO_D,Phụ Đề,2D Phụ Đề,SCHEDULED,MOCK,2026-10-05T14:56:17.736Z
0987026fd34e2fb668390d5da154405cab125977,trai-buon-nguoi,name:galaxy-cinema-sense-city-ca-mau,Galaxy Cinema Sense City Cà Mau,,2026-10-10T02:45:00.000Z,2026-10-10T05:00:00.000Z,TWO_D,Phụ Đề,2D Phụ Đề,SCHEDULED,MOCK,2026-10-05T14:56:17.736Z
33b334cfeac7e412a7c5ef55013db8085df9c575,trai-buon-nguoi,name:galaxy-cinema-sense-city-ca-mau,Galaxy Cinema Sense City Cà Mau,,2026-10-10T05:15:00.000Z,2026-10-10T07:30:00.000Z,TWO_D,Phụ Đề,2D Phụ Đề,SCHEDULED,MOCK,2026-10-05T14:56:17.736Z
dd67dc748c077d99805b2a02b46a48ba9f5393ed,trai-buon-nguoi,name:galaxy-cinema-sense-city-ca-mau,Galaxy Cinema Sense City Cà Mau,,2026-10-10T07:45:00.000Z,2026-10-10T10:00:00.000Z,TWO_D,Phụ Đề,2D Phụ Đề,SCHEDULED,MOCK,2026-10-05T14:56:17.736Z
ae266d59fd873431aa1dc2698278d7346cd825f4,trai-buon-nguoi,name:galaxy-cinema-sense-city-ca-mau,Galaxy Cinema Sense City Cà Mau,,2026-10-10T10:15:00.000Z,2026-10-10T12:30:00.000Z,TWO_D,Phụ Đề,2D Phụ Đề,SCHEDULED,MOCK,2026-10-05T14:56:17.736Z
275f2eb67f749356a47ac91e7b84ac6857c183ff,trai-buon-nguoi,name:galaxy-cinema-sense-city-ca-mau,Galaxy Cinema Sense City Cà Mau,,2026-10-10T12:45:00.000Z,2026-10-10T15:00:00.000Z,TWO_D,Phụ Đề,2D Phụ Đề,SCHEDULED,MOCK,2026-10-05T14:56:17.736Z
c084a05bedacd0841cdedfdce7eb62fd775b4689,trai-buon-nguoi,name:galaxy-cinema-sense-city-ca-mau,Galaxy Cinema Sense City Cà Mau,,2026-10-10T15:15:00.000Z,2026-10-10T17:30:00.000Z,TWO_D,Phụ Đề,2D Phụ Đề,SCHEDULED,MOCK,2026-10-05T14:56:17.736Z
11974dc495bee90058e70a13cb8d7dc4406ffaae,trai-buon-nguoi,name:galaxy-cinema-coop-buon-ma-thuot,Galaxy Cinema Coop Buôn Ma Thuột,,2026-10-10T02:45:00.000Z,2026-10-10T05:00:00.000Z,TWO_D,Phụ Đề,2D Phụ Đề,SCHEDULED,MOCK,2026-10-05T14:56:17.736Z
83c8e31cdd05e6b2bcc44f82ab65f28696f44541,trai-buon-nguoi,name:galaxy-cinema-coop-buon-ma-thuot,Galaxy Cinema Coop Buôn Ma Thuột,,2026-10-10T05:15:00.000Z,2026-10-10T07:30:00.000Z,TWO_D,Phụ Đề,2D Phụ Đề,SCHEDULED,MOCK,2026-10-05T14:56:17.736Z
53f4486a0b4396b052503f5188710aafa2750507,trai-buon-nguoi,name:galaxy-cinema-coop-buon-ma-thuot,Galaxy Cinema Coop Buôn Ma Thuột,,2026-10-10T07:45:00.000Z,2026-10-10T10:00:00.000Z,TWO_D,Phụ Đề,2D Phụ Đề,SCHEDULED,MOCK,2026-10-05T14:56:17.736Z
00ce527332827b6985121caab547c023559a32f4,trai-buon-nguoi,name:galaxy-cinema-coop-buon-ma-thuot,Galaxy Cinema Coop Buôn Ma Thuột,,2026-10-10T10:15:00.000Z,2026-10-10T12:30:00.000Z,TWO_D,Phụ Đề,2D Phụ Đề,SCHEDULED,MOCK,2026-10-05T14:56:17.737Z
dce946fdb178beb21c3dbdacff171e7c384abcf1,trai-buon-nguoi,name:galaxy-cinema-coop-buon-ma-thuot,Galaxy Cinema Coop Buôn Ma Thuột,,2026-10-10T12:45:00.000Z,2026-10-10T15:00:00.000Z,TWO_D,Phụ Đề,2D Phụ Đề,SCHEDULED,MOCK,2026-10-05T14:56:17.737Z
8e6f7a790aac1a90135075eaf0a6496d6d6394d0,trai-buon-nguoi,name:galaxy-cinema-coop-buon-ma-thuot,Galaxy Cinema Coop Buôn Ma Thuột,,2026-10-10T15:15:00.000Z,2026-10-10T17:30:00.000Z,TWO_D,Phụ Đề,2D Phụ Đề,SCHEDULED,MOCK,2026-10-05T14:56:17.737Z
cba805bad99820dbacce1f7d72b65e9105037585,trai-buon-nguoi,name:galaxy-cinema-long-xuyen,Galaxy Cinema Long Xuyên,,2026-10-10T02:45:00.000Z,2026-10-10T05:00:00.000Z,TWO_D,Phụ Đề,2D Phụ Đề,SCHEDULED,MOCK,2026-10-05T14:56:17.737Z
e28555511381fd2c45fa277c7b55afafbd2fbefa,trai-buon-nguoi,name:galaxy-cinema-long-xuyen,Galaxy Cinema Long Xuyên,,2026-10-10T05:15:00.000Z,2026-10-10T07:30:00.000Z,TWO_D,Phụ Đề,2D Phụ Đề,SCHEDULED,MOCK,2026-10-05T14:56:17.737Z
c26fc6b0caab6007c58d58215729d3785b51c3e4,trai-buon-nguoi,name:galaxy-cinema-long-xuyen,Galaxy Cinema Long Xuyên,,2026-10-10T07:45:00.000Z,2026-10-10T10:00:00.000Z,TWO_D,Phụ Đề,2D Phụ Đề,SCHEDULED,MOCK,2026-10-05T14:56:17.737Z
3c6fb9caa6e53dc9662cb84e24e9bd9f4db90143,trai-buon-nguoi,name:galaxy-cinema-long-xuyen,Galaxy Cinema Long Xuyên,,2026-10-10T10:15:00.000Z,2026-10-10T12:30:00.000Z,TWO_D,Phụ Đề,2D Phụ Đề,SCHEDULED,MOCK,2026-10-05T14:56:17.737Z
56b4e3c69224c67ed9f78111017ff97ef0768510,trai-buon-nguoi,name:galaxy-cinema-long-xuyen,Galaxy Cinema Long Xuyên,,2026-10-10T12:45:00.000Z,2026-10-10T15:00:00.000Z,TWO_D,Phụ Đề,2D Phụ Đề,SCHEDULED,MOCK,2026-10-05T14:56:17.737Z
7b96790bda90d30890470770f5d00c4b356e9c87,trai-buon-nguoi,name:galaxy-cinema-long-xuyen,Galaxy Cinema Long Xuyên,,2026-10-10T15:15:00.000Z,2026-10-10T17:30:00.000Z,TWO_D,Phụ Đề,2D Phụ Đề,SCHEDULED,MOCK,2026-10-05T14:56:17.737Z
41111075f46665286c3d6d449f5bdc1aa1f483f7,trai-buon-nguoi,name:galaxy-cinema-go-ba-ria,Galaxy Cinema GO! Bà Rịa,,2026-10-10T02:45:00.000Z,2026-10-10T05:00:00.000Z,TWO_D,Phụ Đề,2D Phụ Đề,SCHEDULED,MOCK,2026-10-05T14:56:17.737Z
972ebe632afc1bc094acc35158d1672e40c213a9,trai-buon-nguoi,name:galaxy-cinema-go-ba-ria,Galaxy Cinema GO! Bà Rịa,,2026-10-10T03:30:00.000Z,2026-10-10T05:45:00.000Z,TWO_D,Phụ Đề,2D Phụ Đề,SCHEDULED,MOCK,2026-10-05T14:56:17.737Z
3238d97dcdc760b30e9687e4cedca58170b3a71e,trai-buon-nguoi,name:galaxy-cinema-go-ba-ria,Galaxy Cinema GO! Bà Rịa,,2026-10-10T05:15:00.000Z,2026-10-10T07:30:00.000Z,TWO_D,Phụ Đề,2D Phụ Đề,SCHEDULED,MOCK,2026-10-05T14:56:17.737Z
f60853b3453b861619c4234506c36867d71ceacd,trai-buon-nguoi,name:galaxy-cinema-go-ba-ria,Galaxy Cinema GO! Bà Rịa,,2026-10-10T06:00:00.000Z,2026-10-10T08:15:00.000Z,TWO_D,Phụ Đề,2D Phụ Đề,SCHEDULED,MOCK,2026-10-05T14:56:17.737Z
86996ec61d4506cc30328ec395ebac48ad627f21,trai-buon-nguoi,name:galaxy-cinema-go-ba-ria,Galaxy Cinema GO! Bà Rịa,,2026-10-10T07:45:00.000Z,2026-10-10T10:00:00.000Z,TWO_D,Phụ Đề,2D Phụ Đề,SCHEDULED,MOCK,2026-10-05T14:56:17.737Z
67553c013e26e8d896091bb7b4aa144cc540c873,trai-buon-nguoi,name:galaxy-cinema-go-ba-ria,Galaxy Cinema GO! Bà Rịa,,2026-10-10T08:30:00.000Z,2026-10-10T10:45:00.000Z,TWO_D,Phụ Đề,2D Phụ Đề,SCHEDULED,MOCK,2026-10-05T14:56:17.737Z
af6d73dd85832d607a1af6ac34c73e5c9316e9bc,trai-buon-nguoi,name:galaxy-cinema-go-ba-ria,Galaxy Cinema GO! Bà Rịa,,2026-10-10T10:15:00.000Z,2026-10-10T12:30:00.000Z,TWO_D,Phụ Đề,2D Phụ Đề,SCHEDULED,MOCK,2026-10-05T14:56:17.737Z
3c7adc01aa7d82fcff32815eb73c53dc6d595dfa,trai-buon-nguoi,name:galaxy-cinema-go-ba-ria,Galaxy Cinema GO! Bà Rịa,,2026-10-10T11:00:00.000Z,2026-10-10T13:15:00.000Z,TWO_D,Phụ Đề,2D Phụ Đề,SCHEDULED,MOCK,2026-10-05T14:56:17.737Z
4b17574144a3fb87e52ee62acf1921e725046368,trai-buon-nguoi,name:galaxy-cinema-go-ba-ria,Galaxy Cinema GO! Bà Rịa,,2026-10-10T12:45:00.000Z,2026-10-10T15:00:00.000Z,TWO_D,Phụ Đề,2D Phụ Đề,SCHEDULED,MOCK,2026-10-05T14:56:17.737Z
3b77a25ad7a9c4569a22c9af6d2df5fa56bc9878,trai-buon-nguoi,name:galaxy-cinema-go-ba-ria,Galaxy Cinema GO! Bà Rịa,,2026-10-10T13:30:00.000Z,2026-10-10T15:45:00.000Z,TWO_D,Phụ Đề,2D Phụ Đề,SCHEDULED,MOCK,2026-10-05T14:56:17.737Z
b4bedd14f86dbfea3d7261e14a38878b3debe5d4,trai-buon-nguoi,name:galaxy-cinema-go-ba-ria,Galaxy Cinema GO! Bà Rịa,,2026-10-10T15:15:00.000Z,2026-10-10T17:30:00.000Z,TWO_D,Phụ Đề,2D Phụ Đề,SCHEDULED,MOCK,2026-10-05T14:56:17.738Z
ad08df5b395ac210aef849e10cbc20db9aba50f8,trai-buon-nguoi,name:galaxy-cinema-go-ba-ria,Galaxy Cinema GO! Bà Rịa,,2026-10-10T16:00:00.000Z,2026-10-10T18:15:00.000Z,TWO_D,Phụ Đề,2D Phụ Đề,SCHEDULED,MOCK,2026-10-05T14:56:17.738Z
8baa4f78270b19657fa3a0c98f443a3d0a928a22,trai-buon-nguoi,name:galaxy-cineo-go-ben-tre,Galaxy CineO GO! Bến Tre,,2026-10-11T02:30:00.000Z,2026-10-11T04:45:00.000Z,TWO_D,Phụ Đề,2D Phụ Đề,SCHEDULED,MOCK,2026-10-05T14:56:18.811Z
5dacd2ffc817c12e54306165f8be2b96b1ec6fcd,trai-buon-nguoi,name:galaxy-cineo-go-ben-tre,Galaxy CineO GO! Bến Tre,,2026-10-11T05:00:00.000Z,2026-10-11T07:15:00.000Z,TWO_D,Phụ Đề,2D Phụ Đề,SCHEDULED,MOCK,2026-10-05T14:56:18.811Z
7413b300815ac23dcb9390efbd521d0375e931d3,trai-buon-nguoi,name:galaxy-cineo-go-ben-tre,Galaxy CineO GO! Bến Tre,,2026-10-11T07:30:00.000Z,2026-10-11T09:45:00.000Z,TWO_D,Phụ Đề,2D Phụ Đề,SCHEDULED,MOCK,2026-10-05T14:56:18.811Z
ecaa5dd2275b477859f1e369d03e9cb88db70b3d,trai-buon-nguoi,name:galaxy-cineo-go-ben-tre,Galaxy CineO GO! Bến Tre,,2026-10-11T10:00:00.000Z,2026-10-11T12:15:00.000Z,TWO_D,Phụ Đề,2D Phụ Đề,SCHEDULED,MOCK,2026-10-05T14:56:18.811Z
63f227fc34997c2912ecd9487e4e1deb7ade8b13,trai-buon-nguoi,name:galaxy-cineo-go-ben-tre,Galaxy CineO GO! Bến Tre,,2026-10-11T12:30:00.000Z,2026-10-11T14:45:00.000Z,TWO_D,Phụ Đề,2D Phụ Đề,SCHEDULED,MOCK,2026-10-05T14:56:18.811Z
3cfba8f55d82931e04b7a2b69d6942549e4be058,trai-buon-nguoi,name:galaxy-cineo-go-ben-tre,Galaxy CineO GO! Bến Tre,,2026-10-11T15:00:00.000Z,2026-10-11T17:15:00.000Z,TWO_D,Phụ Đề,2D Phụ Đề,SCHEDULED,MOCK,2026-10-05T14:56:18.812Z
67b55f412be242a6daf512944a742fe14681a489,trai-buon-nguoi,name:galaxy-cinema-sense-city-ben-tre,Galaxy Cinema Sense City Bến Tre,,2026-10-11T02:45:00.000Z,2026-10-11T05:00:00.000Z,TWO_D,Phụ Đề,2D Phụ Đề,SCHEDULED,MOCK,2026-10-05T14:56:18.813Z
10647edf2383f231bfc630db9d58fe4b929f131c,trai-buon-nguoi,name:galaxy-cinema-sense-city-ben-tre,Galaxy Cinema Sense City Bến Tre,,2026-10-11T05:15:00.000Z,2026-10-11T07:30:00.000Z,TWO_D,Phụ Đề,2D Phụ Đề,SCHEDULED,MOCK,2026-10-05T14:56:18.814Z
7105b4cd2f2e341520bba38aceb0074dd99c9d1f,trai-buon-nguoi,name:galaxy-cinema-sense-city-ben-tre,Galaxy Cinema Sense City Bến Tre,,2026-10-11T07:45:00.000Z,2026-10-11T10:00:00.000Z,TWO_D,Phụ Đề,2D Phụ Đề,SCHEDULED,MOCK,2026-10-05T14:56:18.814Z
a6e571c38260215dc2d2dc41ee49facb2fc556f9,trai-buon-nguoi,name:galaxy-cinema-sense-city-ben-tre,Galaxy Cinema Sense City Bến Tre,,2026-10-11T10:15:00.000Z,2026-10-11T12:30:00.000Z,TWO_D,Phụ Đề,2D Phụ Đề,SCHEDULED,MOCK,2026-10-05T14:56:18.814Z
467e4701311335918f32b6bbacee8a0810ce7071,trai-buon-nguoi,name:galaxy-cinema-sense-city-ben-tre,Galaxy Cinema Sense City Bến Tre,,2026-10-11T12:45:00.000Z,2026-10-11T15:00:00.000Z,TWO_D,Phụ Đề,2D Phụ Đề,SCHEDULED,MOCK,2026-10-05T14:56:18.814Z
1243e52ef0fb2d1c48f9b6ac51ba0aedf11893d2,trai-buon-nguoi,name:galaxy-cinema-sense-city-ben-tre,Galaxy Cinema Sense City Bến Tre,,2026-10-11T15:15:00.000Z,2026-10-11T17:30:00.000Z,TWO_D,Phụ Đề,2D Phụ Đề,SCHEDULED,MOCK,2026-10-05T14:56:18.814Z
2b199907fb7420690b392b6835a73c928828dce1,trai-buon-nguoi,name:galaxy-cinema-sense-city-ca-mau,Galaxy Cinema Sense City Cà Mau,,2026-10-11T02:45:00.000Z,2026-10-11T05:00:00.000Z,TWO_D,Phụ Đề,2D Phụ Đề,SCHEDULED,MOCK,2026-10-05T14:56:18.814Z
b412cd0b648f0f3d7e301f61d19d16ac18a184c8,trai-buon-nguoi,name:galaxy-cinema-sense-city-ca-mau,Galaxy Cinema Sense City Cà Mau,,2026-10-11T05:15:00.000Z,2026-10-11T07:30:00.000Z,TWO_D,Phụ Đề,2D Phụ Đề,SCHEDULED,MOCK,2026-10-05T14:56:18.814Z
cc61137de7630fa42f9a3a220333fe26fdfe4608,trai-buon-nguoi,name:galaxy-cinema-sense-city-ca-mau,Galaxy Cinema Sense City Cà Mau,,2026-10-11T07:45:00.000Z,2026-10-11T10:00:00.000Z,TWO_D,Phụ Đề,2D Phụ Đề,SCHEDULED,MOCK,2026-10-05T14:56:18.814Z
8435da161795683be47104e046333eb099815285,trai-buon-nguoi,name:galaxy-cinema-sense-city-ca-mau,Galaxy Cinema Sense City Cà Mau,,2026-10-11T10:15:00.000Z,2026-10-11T12:30:00.000Z,TWO_D,Phụ Đề,2D Phụ Đề,SCHEDULED,MOCK,2026-10-05T14:56:18.814Z
2ec331238299fd68ade44bb85756cb18e65a5b65,trai-buon-nguoi,name:galaxy-cinema-sense-city-ca-mau,Galaxy Cinema Sense City Cà Mau,,2026-10-11T12:45:00.000Z,2026-10-11T15:00:00.000Z,TWO_D,Phụ Đề,2D Phụ Đề,SCHEDULED,MOCK,2026-10-05T14:56:18.815Z
73d2e823f52bd68a0cff26855137f9866e845ea0,trai-buon-nguoi,name:galaxy-cinema-sense-city-ca-mau,Galaxy Cinema Sense City Cà Mau,,2026-10-11T15:15:00.000Z,2026-10-11T17:30:00.000Z,TWO_D,Phụ Đề,2D Phụ Đề,SCHEDULED,MOCK,2026-10-05T14:56:18.815Z
f84c8eaf0d11199dd23fa554c316354fec0fa60d,trai-buon-nguoi,name:galaxy-cinema-coop-buon-ma-thuot,Galaxy Cinema Coop Buôn Ma Thuột,,2026-10-11T02:45:00.000Z,2026-10-11T05:00:00.000Z,TWO_D,Phụ Đề,2D Phụ Đề,SCHEDULED,MOCK,2026-10-05T14:56:18.815Z
4d7620f4f2b6f23ee78f77d51aca6d09f37c2ee4,trai-buon-nguoi,name:galaxy-cinema-coop-buon-ma-thuot,Galaxy Cinema Coop Buôn Ma Thuột,,2026-10-11T05:15:00.000Z,2026-10-11T07:30:00.000Z,TWO_D,Phụ Đề,2D Phụ Đề,SCHEDULED,MOCK,2026-10-05T14:56:18.815Z
cd5c22296dae685e54c68d0d70399d08c051eb34,trai-buon-nguoi,name:galaxy-cinema-coop-buon-ma-thuot,Galaxy Cinema Coop Buôn Ma Thuột,,2026-10-11T07:45:00.000Z,2026-10-11T10:00:00.000Z,TWO_D,Phụ Đề,2D Phụ Đề,SCHEDULED,MOCK,2026-10-05T14:56:18.815Z
c885336b4b421ea93416b27c5c7b436b55c8fc9e,trai-buon-nguoi,name:galaxy-cinema-coop-buon-ma-thuot,Galaxy Cinema Coop Buôn Ma Thuột,,2026-10-11T10:15:00.000Z,2026-10-11T12:30:00.000Z,TWO_D,Phụ Đề,2D Phụ Đề,SCHEDULED,MOCK,2026-10-05T14:56:18.815Z
897fcd62f1b7bec8df7564c532cbcce8f147f713,trai-buon-nguoi,name:galaxy-cinema-coop-buon-ma-thuot,Galaxy Cinema Coop Buôn Ma Thuột,,2026-10-11T12:45:00.000Z,2026-10-11T15:00:00.000Z,TWO_D,Phụ Đề,2D Phụ Đề,SCHEDULED,MOCK,2026-10-05T14:56:18.815Z
90e82b913bb806cf388714d5ce187cc5d9b6e765,trai-buon-nguoi,name:galaxy-cinema-coop-buon-ma-thuot,Galaxy Cinema Coop Buôn Ma Thuột,,2026-10-11T15:15:00.000Z,2026-10-11T17:30:00.000Z,TWO_D,Phụ Đề,2D Phụ Đề,SCHEDULED,MOCK,2026-10-05T14:56:18.815Z
1b5992af10de9645bfa4f91a437dfc0a4cbb7959,trai-buon-nguoi,name:galaxy-cinema-long-xuyen,Galaxy Cinema Long Xuyên,,2026-10-11T02:45:00.000Z,2026-10-11T05:00:00.000Z,TWO_D,Phụ Đề,2D Phụ Đề,SCHEDULED,MOCK,2026-10-05T14:56:18.815Z
11e37cd729f251c0de416e458f4ccc8843f8a6a0,trai-buon-nguoi,name:galaxy-cinema-long-xuyen,Galaxy Cinema Long Xuyên,,2026-10-11T05:15:00.000Z,2026-10-11T07:30:00.000Z,TWO_D,Phụ Đề,2D Phụ Đề,SCHEDULED,MOCK,2026-10-05T14:56:18.815Z
c8552b0a7701a1168313326d988f5af45883872c,trai-buon-nguoi,name:galaxy-cinema-long-xuyen,Galaxy Cinema Long Xuyên,,2026-10-11T07:45:00.000Z,2026-10-11T10:00:00.000Z,TWO_D,Phụ Đề,2D Phụ Đề,SCHEDULED,MOCK,2026-10-05T14:56:18.815Z
8faa74b1cedebabf743da90a60510ae2ba52947e,trai-buon-nguoi,name:galaxy-cinema-long-xuyen,Galaxy Cinema Long Xuyên,,2026-10-11T10:15:00.000Z,2026-10-11T12:30:00.000Z,TWO_D,Phụ Đề,2D Phụ Đề,SCHEDULED,MOCK,2026-10-05T14:56:18.815Z
eab84226e4b14f97c15698cdb3554d95b3f4bafc,trai-buon-nguoi,name:galaxy-cinema-long-xuyen,Galaxy Cinema Long Xuyên,,2026-10-11T12:45:00.000Z,2026-10-11T15:00:00.000Z,TWO_D,Phụ Đề,2D Phụ Đề,SCHEDULED,MOCK,2026-10-05T14:56:18.815Z
e69ced188e944cd201e048d6da4fb9c7d69d1cf3,trai-buon-nguoi,name:galaxy-cinema-long-xuyen,Galaxy Cinema Long Xuyên,,2026-10-11T15:15:00.000Z,2026-10-11T17:30:00.000Z,TWO_D,Phụ Đề,2D Phụ Đề,SCHEDULED,MOCK,2026-10-05T14:56:18.815Z
86a3f43c3297f123e3bf44bbcf70fcde461d7336,trai-buon-nguoi,name:galaxy-cinema-go-ba-ria,Galaxy Cinema GO! Bà Rịa,,2026-10-11T02:45:00.000Z,2026-10-11T05:00:00.000Z,TWO_D,Phụ Đề,2D Phụ Đề,SCHEDULED,MOCK,2026-10-05T14:56:18.815Z
f9e77fcdb657d605888117b40a844638103e66e6,trai-buon-nguoi,name:galaxy-cinema-go-ba-ria,Galaxy Cinema GO! Bà Rịa,,2026-10-11T05:15:00.000Z,2026-10-11T07:30:00.000Z,TWO_D,Phụ Đề,2D Phụ Đề,SCHEDULED,MOCK,2026-10-05T14:56:18.815Z
a07c126573d7f5d3eaea808888debff6e328c0d7,trai-buon-nguoi,name:galaxy-cinema-go-ba-ria,Galaxy Cinema GO! Bà Rịa,,2026-10-11T07:45:00.000Z,2026-10-11T10:00:00.000Z,TWO_D,Phụ Đề,2D Phụ Đề,SCHEDULED,MOCK,2026-10-05T14:56:18.815Z
5b075a90ec13c280379dcc2395a407731e172df5,trai-buon-nguoi,name:galaxy-cinema-go-ba-ria,Galaxy Cinema GO! Bà Rịa,,2026-10-11T10:15:00.000Z,2026-10-11T12:30:00.000Z,TWO_D,Phụ Đề,2D Phụ Đề,SCHEDULED,MOCK,2026-10-05T14:56:18.815Z
ac5c4b0077adf8b55c9028f574408868c2deab62,trai-buon-nguoi,name:galaxy-cinema-go-ba-ria,Galaxy Cinema GO! Bà Rịa,,2026-10-11T12:45:00.000Z,2026-10-11T15:00:00.000Z,TWO_D,Phụ Đề,2D Phụ Đề,SCHEDULED,MOCK,2026-10-05T14:56:18.815Z
eda1e1d2412beb811d093ed683543f42ccd34f4d,trai-buon-nguoi,name:galaxy-cinema-go-ba-ria,Galaxy Cinema GO! Bà Rịa,,2026-10-11T15:15:00.000Z,2026-10-11T17:30:00.000Z,TWO_D,Phụ Đề,2D Phụ Đề,SCHEDULED,MOCK,2026-10-05T14:56:18.815Z