slug,title,originalTitle,synopsis,durationMin,releaseDate,ageRating,status,posterUrl,backdropUrl,trailerUrl,language,country,ratingAvg,ratingCount
khoa-chat-cua-nao-suzume,Khóa Chặt Cửa Nào Suzume,,"Review Khóa Chặt Cửa Nào Suzume và lịch chiếu Khóa Chặt Cửa Nào Suzume xem tại Moveek. Khóa Chặt Cửa Nào Suzume kể câu chuyện khi Suzume vô tình gặp một chàng trai trẻ đến thị trấn nơi cô sinh sống với mục đích tìm kiếm ""một cánh cửa"". Để bảo vệ Nhật Bản khỏi thảm họa, những cánh cửa rải rác khắp nơi phải được đóng lại, và bất ngờ thay Suzume cũng có khả năng đóng cửa đặc biệt này. Từ đó cả hai cùng nhau thực hiện sự mệnh ""khóa chặt cửa""!",122,2023-03-10,,NOW_SHOWING,https://cdn.moveek.com/storage/media/cache/large/63ef1125221cc429097073.webp,,,,,97,162
ai-thuong-ai-men,Ai Thương Ai Mến,,"Lấy bối cảnh miền Tây sông nước, Ai Thương Ai Mến xoay quanh Hai Mến — người phụ nữ mất cha mẹ, một mình gồng gánh gia đình giữa nợ nần và những bi kịch dồn dập. Trong hành trình ấy, cô gặp cậu Khả (Ngọc Thuận) – công tử ăn chơi vô tình đem lòng thương mến, tạo nên mối tình vừa ngọt ngào vừa đau đớn. Song song đó, chuyện tình thơm lành của đôi trẻ Chờ – Thương trở thành điểm sáng trước khi cả ba tuyến nhân vật bước vào những thử thách chạm đến trái tim khán giả.",112,2026-01-01,,ENDED,https://cdn.moveek.com/storage/media/cache/large/6927cbd12a51b693724566.webp,,,,,88,17
gia-dinh-khung-long-mac-ket-ky-jura,Gia Đình Khủng Long: Mắc Kẹt Kỷ Jura,,"Cậu bé Phil Dino không có một cuộc sống bình thường khi có một người cha bị ám ảnh bởi hóa thạch khủng long và phải sống trong một viện bảo tàng. Cuộc sống của cậu chuyển hướng đột ngột khi bị lạc về 65 triệu năm trước, thời kỳ khủng long thống trị và phải tìm cách trở về thời hiện đại cùng với bạn bè và gia đình mình.",93,2026-01-01,,ENDED,https://cdn.moveek.com/storage/media/cache/large/694a6fd9e70b5816067180.webp,,,,,0,0
tom-jerry-chiec-la-ban-ky-bi,Tom & Jerry: Chiếc La Bàn Kỳ Bí,,"Một chiếc la bàn bí ẩn bất ngờ mở ra cánh cổng kỳ diệu - nơi đầy ắp thử thách, tiếng cười và những màn rượt đuổi “kinh điển” cộp mác Tom & Jerry. Để trở về nhà, cặp đôi oan gia buộc phải hợp tác trước khi chiếc la bàn phá vỡ trật tự của mọi thế giới. Một chuyến phiêu lưu mở vận may, mở tiếng cười, khởi đầu năm mới thật tưng bừng cho cả gia đình.",98,2026-01-01,,ENDED,https://cdn.moveek.com/storage/media/cache/large/693cfe7ed13e1794631511.webp,,,,,82,11
dai-thoai-tay-du-nguyet-quang-bao-hap,Đại Thoại Tây Du: Nguyệt Quang Bảo Hạp,,"Phiên bản ""độc"" nhất của Tây Du Ký. Câu chuyện được xem như tinh hoa của ""vua hài"" Châu Tinh Trì, khai mở quá khứ chấn động của Tề thiên Đại Thánh Tôn Ngộ Không. Trở thành ""Đấu chiến thắng Phật"" hay ở bên cạnh người mình yêu suốt đời suốt kiếp? Áng tình lãng mạn và khốc liệt nhất lần đầu ra rạp Việt Nam sau 30 năm chinh phục khán giả toàn cầu.",88,2026-01-01,,ENDED,https://cdn.moveek.com/storage/media/cache/large/6934f5e7cc32b302786117.webp,,,,,100,3
xac-me-hon-quy,Xác Mẹ Hồn Quỷ,,"Vira, người mẹ đơn thân vừa thực hiện được ước mơ mở tiệm làm tóc để lo cho 2 đứa con thơ. Hạnh phúc giản đơn tưởng mới bắt đầu đã hóa thành nỗi ám ảnh. Những hành vi ghê rợn, những nét mặt kinh khiếp… Thân xác người mẹ đã trở nên mục ruỗng và trở thành hiện thân cho quỷ dữ.",119,2026-01-09,,ENDED,https://cdn.moveek.com/storage/media/cache/large/695b5313359ca056423020.webp,,,,,0,0
dai-thoai-tay-du-2-tien-ly-ky-duyen,Đại Thoại Tây Du 2: Tiên Lý Kỳ Duyên,,"Phiên bản ""độc"" nhất của Tây Du Ký. Câu chuyện được xem như tinh hoa của ""vua hài"" Châu Tinh Trì, khai mở quá khứ chấn động của Tề Thiên Đại Thánh Tôn Ngộ Không. Đại Thánh Gia sẽ trở thành ""Đấu chiến thắng Phật"" hay chọn ở bên cạnh người mình yêu suốt đời suốt kiếp? Áng tình lãng mạn và bi thương lần đầu ra rạp tại Việt Nam sau 30 năm chinh phục khán giả toàn cầu.",100,2026-01-09,,ENDED,https://cdn.moveek.com/storage/media/cache/large/6951ff157f533937557567.webp,,,,,67,3
ac-linh-trung-tang,Ác Linh Trùng Tang,,"Sau nhiều năm xa cách, bốn anh chị em Jojo, Angga, Nindy và Momo trở về ngôi nhà cũ để gặp cha già và tưởng niệm em út Sofi – cô bé chết thảm trong tai nạn xe khi họ đi chơi thác nước.

Tuy nhiên khi cùng sống trong căn nhà thơ ấu, từng người bắt đầu bị ám ảnh bởi tội lỗi quá khứ – năm xưa họ đã giấu kín cái chết của một đứa trẻ hàng xóm. Sofi là người duy nhất muốn nói ra sự thật… và giờ linh hồn cô trở lại, buộc họ phải trả giá.

Khi màn đêm cuối cùng buông xuống, Jojo nhìn thấy Sofi bên bờ suối, mỉm cười gọi anh về.",87,2026-01-09,,ENDED,https://cdn.moveek.com/storage/media/cache/large/694a738acc256397415226.webp,,,,,0,0
be-ghe-ma-cung,Bé Ghệ Ma Cưng,,"Bé Ghệ Ma Cưng trở lại với phần 2 để viết tiếp mối tình còn dang dở ở phần phim đầu tiên giữa Jo và Anong - cô “bé ma” bị mắc kẹt trong ngôi nhà cổ. Tình yêu của họ khép lại trong bi kịch khi linh hồn Anong phải biến mất vĩnh viễn bởi sự trói buộc của định mệnh từ kiếp trước.

Giờ đây, Jo phát hiện mối liên kết giữa anh và Anong đã kéo dài qua nhiều kiếp luân hồi. Ngược dòng thời gian để chứng kiến những tiền kiếp của cả hai, Jo nhận ra rằng mỗi lần họ gặp nhau, yêu nhau đều phải kết thúc trong sự chia xa. Khi được trao cơ hội thay đổi “nghiệt duyên” này, đồng thời cứu lấy linh hồn Anong đã tan biến ở thì hiện tại, Jo buộc phải đối mặt với câu hỏi: nếu viết lại định mệnh, liệu anh và Anong còn có thể tìm thấy nhau ở bất kỳ kiếp sống nào nữa hay không?",116,2026-01-09,,ENDED,https://cdn.moveek.com/storage/media/cache/large/694220ed190ea989249100.webp,,,,,0,0
dai-ca-ha-ha-ha,Đại Ca Ha Ha Ha,,"Soon Tae nuôi mộng mở chuỗi nhà hàng tiếng tăm, quyết rửa tay gác kiếm nhưng bất đắc dĩ bị chỉ định làm đại ca xã đoàn. Anh nhanh chóng tìm cách đẩy trách nhiệm này cho Kang Pyo, cháu trai của ông trùm quá cố, nhưng đời không như mơ, Kang Pyo lại ôm ấp giấc mơ trở thành vũ công tango, chẳng buồn ngó lại nghiệp giang hồ. Chỉ riêng Pan Ho, kẻ chuyên gây rối lại là người duy nhất tha thiết muốn làm đại ca… nhưng tréo ngoe là chẳng ai tin tưởng. Thế là một cuộc ""đại chiến né chức"" nổ ra với mục tiêu tối thượng: Thua đường vote là thắng đường đời!",98,2026-01-09,,ENDED,https://cdn.moveek.com/storage/media/cache/large/693f82547d5aa289902290.webp,,,,,0,0
van-dam-yeu-em-love-in-vietnam,Vạn Dặm Yêu Em (Love In Vietnam),,Vạn Dặm Yêu Em là bộ phim hợp tác Ấn Độ - Việt Nam. Kể về chuyện tình xuyên biên giới kỳ diệu của chàng thiếu gia tỷ phú Ấn Độ và cô nghệ sĩ Việt Nam xinh đẹp: Từ cái nhìn đầu tiên mà tìm kiếm tình yêu suốt 8 năm trời.,122,2026-01-09,,ENDED,https://cdn.moveek.com/storage/media/cache/large/691d82b6a2c58659919138.webp,,,,,67,3
con-ke-ba-nghe,Con Kể Ba Nghe,,"Con Kể Ba Nghe theo chân một nghệ sĩ xiếc đi trên dây và cậu con trai khép kín trong hành trình tìm lại sự kết nối đã đánh mất. Giữa ánh đèn rực rỡ nhưng đầy mong manh của sân khấu xiếc, hai cha con dần mở lòng, chữa lành những tổn thương cũ. Bộ phim vừa tôn vinh nghề xiếc Việt Nam, vừa nhắc nhớ những giá trị gia đình trong nhịp sống hiện đại.",111,2026-01-16,,ENDED,https://cdn.moveek.com/storage/media/cache/large/695b4d7d44685365292412.webp,,,,,73,37
28-years-later-the-bone-temple,28 Năm Sau: Ngôi Đền Tử Thần,,"Lấy bối cảnh 28 năm sau đại dịch virus khiến nước Anh sụp đổ, giữa thế giới bị phong tỏa nghiêm ngặt. Cậu bé Spike sau khi vào đất liền tìm cách chữa ung thư cho mẹ nhưng bất thành, đã không trở về với ngôi làng của mình nữa. Trong lúc phải tự sinh tồn, cậu bị buộc phải gia nhập giáo phái bạo lực của Jimmy, vốn đang trên đà xung đột với Tiến sĩ Kelson và Samson, kẻ mang virus Alpha.",107,2026-01-16,,ENDED,https://cdn.moveek.com/storage/media/cache/large/692d6a1a224c7185465393.webp,,,,,83,6
stitch-head,Tí Sẹo Và Lâu Đài Quái Vẹo,,"Stitch Head là câu chuyện về một sinh vật nhỏ bé được một Giáo sư điên tạo ra và đánh thức trong tòa lâu đài u ám. Cậu trở thành người canh giữ, bảo vệ những tạo vật kỳ lạ khác của vị giáo sư khỏi sự truy đuổi của dân làng Grubbers Nubbin.",92,2026-01-16,,ENDED,https://cdn.moveek.com/storage/media/cache/large/695a5aa46f1c8188661640.webp,,,,,0,0
chuyen-tinh-siam,Chuyện Tình Siam,,"Chuyện tình Siam là tác phẩm BL kinh điển của thế hệ 8X–9X. Phim kể về Mew và Tong, hai người bạn thuở ấu thơ với tình cảm trong sáng, bị chia cắt bởi bi kịch gia đình – sau cái chết của chị gái Tong.

Nhiều năm sau, họ tái ngộ tại Quảng trường Siam, nơi tình cảm năm xưa được khơi lại và dần trở nên sâu sắc hơn. Mew tìm thấy cảm hứng âm nhạc từ Tong. Nhưng mối quan hệ này bị mẹ Tong kịch liệt phản đối vì bà khao khát một “cuộc đời bình thường” cho người con trai duy nhất còn lại.

Trước áp lực gia đình và nỗi đau mất mát, Tong và Mew buộc phải đối diện với một quyết định đầy day dứt. Cái kết để lại những vết thương lòng khó nguôi, biến bộ phim thành biểu tượng của sự hy sinh và một tình yêu vĩnh cửu – tuy không trọn vẹn nhưng đau đớn, đẹp đến nghẹt thở. Chuyện tình Siam được xem là tác phẩm mở đường cho dòng phim BL tại Thái Lan, trở thành cột mốc điện ảnh về tình yêu, mất mát và hành trình trưởng thành, để lại dấu ấn sâu đậm trong ký ức nhiều thế hệ khán giả.",157,2026-01-16,,ENDED,https://cdn.moveek.com/storage/media/cache/large/69573a637a6fd692088175.webp,,,,,0,0
5-centimet-tren-giay-live-action,5 Centimet Trên Giây live action,,"Mùa xuân năm 1991, Takaki và Akari gặp nhau khi còn học tiểu học và nhanh chóng trở nên thân thiết. Dù Akari phải chuyển nhà, họ vẫn duy trì liên lạc bằng những lá thư chân thành. Trước khi Takaki chuyển đi xa hơn, hai người đã hẹn nhau sẽ gặp lại. Năm 2008, cả hai đã trưởng thành và sống những cuộc đời riêng. Những ký ức ngày xưa và linh cảm về lời hẹn năm nào vẫn âm ỉ trong họ. Những lời hứa ấy vẫn lặng lẽ trôi đi như cánh hoa anh đào rơi với vận tốc 5 centimet mỗi giây.",122,2026-01-16,,ENDED,https://cdn.moveek.com/storage/media/cache/large/694b72a4bc9c1111519749.webp,,,,,100,1
kisaragi-station-2,Nhà Ga Nuốt Người: Đăng Xuất,,"Ba năm trước, Asuka Miyazaki đã trở về một cách kỳ diệu từ nhà ga bí ẩn, kỳ lạ ""Kisaragi"". Tuy nhiên, dáng vẻ cô vẫn trông như khi vừ mới mất tích vào thờ điểm 20 năm trước, điều đó khiến người ta nghi ngờ và xa lánh cô. Khi gặp một đạo diễn phim tài liệu đầy nhiệt huyết, cô quyết tâm cứu Haruna Tsutsumi - người từng liều mạng vì cô - và những người khác vẫn còn mắc kẹt ở đó. Asuka lên tàu một lần nữa và đoàn tụ với Haruna, vẫn không thay đổi so với ba năm trước, và bước trở lại Ga Kisaragi.",82,2026-01-16,,ENDED,https://cdn.moveek.com/storage/media/cache/large/695e3228cb367215150955.webp,,,,,0,1
mercy,Bằng Chứng Sinh Tử,,"Phim lấy bối cảnh tương lai, khi xã hội vận hành tòa án Mercy – một hệ thống xét xử do AI điều khiển, dựa trên dữ liệu từ camera và thiết bị điện tử để đưa ra phán quyết. Thanh tra Raven bị tình nghi sát hại vợ và chỉ có 90 phút, cùng dữ liệu từ Mercy để chứng minh mình vô tội.",100,2026-01-23,,ENDED,https://cdn.moveek.com/storage/media/cache/large/696de993c25f5949521638.webp,,,,,100,3
detective-conan-movie-1-the-time-bombed-skyscraper,Conan Movie 1: Quả Bom Chọc Trời,,"Phim Điện Ảnh Thám Tử Lừng Danh Conan: Quả Bom Chọc Trời là bộ phim điện ảnh đầu tiên của chuỗi phim điện ảnh Thám Tử Lừng Danh Conan. Phim được chuyển thể dựa trên nguyên tác của Gosho Aoyama, do Kenji Kodama đạo diễn. Kudo Shinichi được kiến trúc sư nổi tiếng Moriya Teiji mời đến buổi tiệc trà tại dinh thự tư nhân. Tuy nhiên, do đã bị thu nhỏ, Shinichi vốn không thể tham gia buổi tiệc này. Thay vào đó, thám tử Mori, Ran và Conan đã cùng nhau đến dự thay cho Shinichi. Cùng lúc đó, Shinichi bất ngờ bị một kẻ ẩn danh thách thức qua điện thoại: cậu phải tìm ra những quả bom được đặt rải rác khắp Tokyo trước khi chúng phát nổ. Liệu cậu ấy có thể tìm thấy và vô hiệu hóa tất cả số bom trước khi quá muộn?",95,2026-01-23,,ENDED,https://cdn.moveek.com/storage/media/cache/large/695b53d372555787693239.webp,,,,,0,0
return-to-silent-hill,Đồi Câm Lặng: Ác Mộng Trong Sương,,"Sau khi nhận được lá thư bí ẩn từ người bạn gái đã mất, James Sunderland cảm thấy bị thu hút bởi thị trấn Silent Hill và quyết định đặt chân đến đó, một thị trấn từng quen thuộc nay đã chìm trong bóng tối. Hàng loạt những thực thể quái quỷ như Kim Tự Tháp Đỏ, Y Tá Quỷ đang chờ đợi anh ta.",106,2026-01-23,,ENDED,https://cdn.moveek.com/storage/media/cache/large/695dc387cabac881469131.webp,,,,,26,19
nha-tran-quy,Nhà Trấn Quỷ,,"Nhà Trấn Quỷ xoay quanh Win (Teeradetch Metawarayut thủ vai) và Pat  (Sarunrat Puagpipat thủ vai) - một đôi vợ chồng trẻ mua được căn biệt thự rộng lớn với mức giá rẻ như mơ. Thế nhưng, chỉ sau thời gian ngắn, những dấu hiệu bất thường dần xuất hiện: Từ bà hàng xóm thực hiện các nghi thức kỳ quái, người phụ nữ bí ẩn ở sát bên thường xuyên nhìn trộm qua cửa sổ, cho đến nhân viên bảo vệ có những hành vi khó lý giải. Những chi tiết tưởng chừng vụn vặt ấy ngày một chồng chất, trở thành nỗi ám ảnh tâm lý đè nặng lên người vợ đang mang thai, trong khi người chồng vẫn cố bám víu vào giấc mơ sở hữu căn nhà của riêng mình. Khi sự thật ghê rợn dần được phơi bày, cả gia đình bị cuốn vào chuỗi sự kiện làm méo mó hoàn toàn cuộc sống bình yên.",117,2026-01-23,,ENDED,https://cdn.moveek.com/storage/media/cache/large/6953491a3c792694265024.webp,,,,,81,16
grand-prix-of-europe,Chuột Nhí Siêu Tốc Độ,,"Edda, cô chuột trẻ đầy tham vọng, có được cơ hội tham gia Giải Đua xe Công thức khi cải trang thành người hùng của mình - tay đua Ed cừ khôi. Trên đường đua đầy thử thách, Edda phải vượt qua mọi âm mưu phá hoại từ đối thủ, chứng minh rằng ngày cả tay đua nhỏ bé nhất cũng có thể làm nên những điều phi thường.",98,2026-01-23,,ENDED,https://cdn.moveek.com/storage/media/cache/large/694b7177ea529647799568.webp,,,,,0,0
tieu-yeu-quai-nui-lang-lang,Tiểu Yêu Quái Núi Lãng Lãng,,"Giữa thế đạo mà ""kẻ mạnh làm vua"", một nhóm tiểu yêu quái vô danh và tầm thường gồm Heo, Ếch, Chồn và Khỉ Đột vốn chỉ quen bị bắt nạt và xua đuổi, đã quyết tâm hợp lực thay đổi số phận. Chúng quyết định thực hiện một phen đánh cược điên rồ khi giả danh đoàn thỉnh kinh, vượt vạn dặm tới Tây Thiên để cầu xin Phật Tổ sự bất tử và vang danh. Hành trình hài hước và đầy tính nhân văn đã chinh phục trái tim người xem, đưa “Tiểu yêu quái núi Lãng Lãng” trở thành tác phẩm phim hoạt hình 2D đạt doanh thu cao nhất Trung Quốc mọi thời đại.",118,2026-01-23,,ENDED,https://cdn.moveek.com/storage/media/cache/large/692fdfdc6ebb5804407646.webp,,,,,100,23
primate,Linh Trưởng,,Khi kì nghỉ của nhóm bạn bỗng hóa cơn ác mộng kinh hoàng về nỗi sợ và bản năng sinh tồn.,89,2026-01-23,,ENDED,https://cdn.moveek.com/storage/media/cache/large/691bdf753bbce100589478.webp,,,,,0,0
jaws,Hàm Cá Mập 2026,,"Sau sự cố một người phụ nữ trẻ bị cá mập sát hại khi đang bơi gần bãi tắm của thị trấn du lịch Amity thuộc New England, cảnh sát trưởng Martin Brody đã muốn đóng cửa các bãi biển. Thế nhưng, thị trưởng Larry Vaughn lại ngăn cản vì lo sợ thị trấn sẽ kiệt quệ do mất nguồn doanh thu từ du khách. Nhà ngư học Matt Hooper cùng thuyền trưởng lão luyện Quint đã đề nghị hỗ trợ Brody truy bắt con quái vật khát máu. Bộ ba dấn thân vào cuộc chiến kịch tính giữa con người và thiên nhiên.",124,2026-01-23,,ENDED,https://cdn.moveek.com/storage/media/cache/large/69660c3feae34029824808.webp,,,,,0,0
running-man-viet-nam-mua-3-con-roi-tu-do,Running Man Việt Nam Mùa 3: Con Rối Tự Do,,"Để tồn tại trên thế gian này, ta buộc phải chạy và tự trói mình vào những giá trị Tiền - Tài - Sắc - Danh. Chúng như những kẻ giật dây vô hình, biến mỗi người thành một con rối trên sân khấu phù hoa. Thế nhưng, ngay cả khi đôi tay bị buộc chặt bởi những quy luật của xã hội, bạn vẫn có quyền chọn cách nhảy múa theo vũ điệu của riêng mình. Nếu đã là con rối, hãy là những con rối tự do.",161,2026-01-24,,ENDED,https://cdn.moveek.com/storage/media/cache/large/695dc29f9667e289990054.webp,,,,,67,3
le-doat-hon,Lễ Đoạt Hồn,,"Tham vọng trở thành Youtuber triệu view, Carla quyết định chuyển vào sống trong một tòa nhà bị ma ám có tiếng tại Thành phố Mexico để quay các video tâm linh nhằm thu hút sự tò mò thông qua loạt hiện tượng kỳ lạ và rùng rợn trong chính ngôi nhà mình đang sống.  Đúng như dự tính, mức độ phổ biến và các nội dung về loạt nghi lễ gọi hồn của cô nhanh chóng viral trên mọi nền tảng. Song, đây cũng chính là lúc Carla phải trả giá khi buộc phải đánh đổi linh hồn cho quỷ dữ vì lợi dụng mê tín để trục lợi cá nhân. Chọn đối diện với tử thần, Carla thiết lập giao ước chết, bất chấp hậu quả đang đón đợi có thể huỷ hoại thực tại hoàn toàn.",88,2026-01-29,,ENDED,https://cdn.moveek.com/storage/media/cache/large/697383891c010015888542.webp,,,,,0,0
bo-gia-tro-lai,Bố Già Trở Lại,,"Bộ phim kể về ông Đằng, một trinh sát ngầm tưởng chừng được khép lại quá khứ đầy máu lửa – buộc phải dấn thân vào một cuộc chiến khốc liệt khi con gái ông, Yến, bất ngờ bị bắt cóc. Cuộc giải cứu con gái không chỉ là một hành trình đầy kịch tính, kết hợp giữa yếu tố hành động chống lại cái ác một cách không khoan nhượng mà còn là một hành trình hàn gắn tình cảm gia đình của ông sau những rạn nứt, đổ vỡ.",95,2026-01-30,,ENDED,https://cdn.moveek.com/storage/media/cache/large/695dc17716c6c435660205.webp,,,,,0,0
chien-nam-ve-sau-thoat-xac,Chiến Nam: Ve Sầu Thoát Xác,,"Khi nữ phóng viên Ngọc biến mất cùng bằng chứng chống lại tập đoàn Thái Minh Legend, chiếc USB định mệnh rơi vào tay người bạn thân là Kim. Bị biến thành mục tiêu của đế chế tội phạm, Kim chỉ còn một người bảo vệ bí mật: Chiến sĩ cảnh sát Chiến Nam. Từ bảo vệ thành thâm nhập. Giữa lúc đồng đội K52 mất tích và Kim bị bắt cóc, Chiến Nam dấn thân vào mạng lưới âm mưu của Thái Minh. Tưởng chừng công lý đã thắng thế, nhưng kẻ cầm đầu lại thực hiện kế hoạch """"Ve Sầu Thoát Xác"""". Cuộc chiến khốc liệt giờ mới thực sự bắt đầu. Chiến Nam phải đi đến tận cùng bóng tối để truy tìm chân tướng kẻ đứng sau màn kịch hoàn hảo.",90,2026-01-30,,ENDED,https://cdn.moveek.com/storage/media/cache/large/694b70b035a49681235996.webp,,,,,100,1
panor-ta-thuat-huyet-ngai-2,Panor: Tà Thuật Huyết Ngải 2,,"Lời nguyền trở lại. Chương tiếp theo của tiền truyện ""Chơi ngải"" về cô giáo Panor sẽ bước lên màn ảnh tháng 1 này",125,2026-01-30,,ENDED,https://cdn.moveek.com/storage/media/cache/large/695dc2ceb92ec940835416.webp,,,,,100,1
send-help,CỨU,,"Sẽ ra sao nếu bạn mắc kẹt trên đảo hoang với tay sếp đáng ghét sau khi trở thành những người sống sót duy nhất trong một vụ rơi máy bay? Bỏ qua hiềm khích để cùng sinh tồn hay tiếp tục mang chuyện cũ ra khơi, câu chuyện sẽ được bật mí trong CỨU - một tác phẩm hài đen từ nhà 20th Century Studios sẽ ra mắt 30.01.2026",113,2026-01-30,,ENDED,https://cdn.moveek.com/storage/media/cache/large/695f6f073d434580299659.webp,,,,,100,1
finnick-quai-xu-tinh-nghich,Finnick: Quái Xù Tinh Nghịch,,"Finnick bất cẩn đánh mất khả năng tàng hình sau khi đánh thức phép thuật của một cây trượng cổ xưa. Giờ đây, tất cả các Finn đều đang gặp nguy hiểm. Cậu và Christine phải dấn thân vào một cuộc phiêu lưu để khôi phục khả năng tàng hình của mình và cứu lấy các Finn.",85,2026-01-30,,ENDED,https://cdn.moveek.com/storage/media/cache/large/696a12ef73f8d456285708.webp,,,,,0,0
shelter,Kẻ Ẩn Dật,,"Trên một hòn đảo hẻo lánh, một người đàn ông ở ẩn đã cứu mạng một cô gái trẻ khỏi cơn bão dữ dội, tuy nhiên điều này lại vô tình kéo cả hai vào hành trình nguy hiểm. Bị buộc phải rời khỏi nơi trú ẩn, người đàn ông phải đối mặt với quá khứ đầy sóng gió trong khi cứu lấy cô bé; đưa cả 2 vào hành trình sinh tồn, chuộc lỗi đầy căng thẳng.",107,2026-01-30,,ENDED,https://cdn.moveek.com/storage/media/cache/large/696b503e0c05b117465059.webp,,,,,50,2
nguoi-dep-va-quai-la,Người Đẹp Và Quái Lạ,,"Người Đẹp Và Quái Lạ xoay quanh câu chuyện về Plaifun (do Jackie thủ vai) - một diva huyền thoại của thập niên 90, từng được mệnh danh là “em gái quốc dân Thái Lan”. Ở đỉnh cao sự nghiệp, Plaifun từng bán được hơn 2 triệu bản album và sở hữu một bản hit tiếng Anh gây tiếng vang khắp châu Á. Tuy nhiên, những tin đồn và thị phi xoay quanh đời sống tình cảm đã nhanh chóng đẩy cô chạm đáy sự nghiệp. Sau thời gian dài vắng bóng, Plaifun quyết tâm trở lại sân khấu để giành lại ánh hào quang năm xưa. Trong concert tái xuất, cô mời nhóm nhạc TAKHLI (NuNew, Pingpong, Ninew)- những thần tượng Gen Z mới nổi - cùng biểu diễn, với hy vọng sức hút của họ sẽ giúp cô hồi sinh sự nghiệp ở tuổi 41. Cuộc đối đầu đầy trớ trêu trên sân khấu concert trở thành “trận chiến” quyết định ai mới là diva thực thụ, mở ra hàng loạt tình huống dở khóc dở cười, vừa châm biếm vừa giàu tính giải trí.",117,2026-01-30,,ENDED,https://cdn.moveek.com/storage/media/cache/large/696dea15455f2635136764.webp,,,,,0,1
gundik,Siêu Lừa Gặp Siêu Thoát,,"Một phi vụ trộm tưởng chừng hoàn hảo bỗng biến thành cơn ác mộng khi bốn tên trộm đột nhập vào căn nhà của người tình một quan chức cấp cao. Thứ chờ đợi họ không chỉ là tiền bạc, mà là một thực thể tâm linh đáng sợ, khiến lòng tham phải trả giá bằng nỗi kinh hoàng vượt ngoài sức tưởng tượng.",110,2026-01-30,,ENDED,https://cdn.moveek.com/storage/media/cache/large/696e1f88091d8669594977.webp,,,,,100,1
tinh-dau-kho-noi,Tình Đầu Khó Nói,,"Tình đầu không rủ, bỗng dưng quay về khiến Seung Min (Kwone Sang Woo) tá hỏa khi 1 cuộc đời phải sống 2 số phận nhằm che giấu điều thầm kín nhất trước mặt “crush”.",99,2026-01-30,,ENDED,https://cdn.moveek.com/storage/media/cache/large/6971c0d053483558920120.webp,,,,,0,0
tam-tan-ky,Tầm Tần Ký,,"“TẦM TẦN KÝ” là phim điện ảnh kể về câu chuyện của hơn 20 năm sau, kể từ tập cuối bộ phim truyền hình mang tên Cỗ Máy Thời Gian (tựa phim ở Việt Nam). Sau khi Tần Thuỷ Hoàng đã thống nhất 6 nước, màn tái ngộ sau nhiều thập kỷ và cuộc xuyên không đi vào lịch sử hứa hẹn sẽ tạo nên cơn địa chấn tại rạp Việt. Một án oan từ nhiều năm trước đã châm ngòi cho cuộc khủng hoảng làm thay đổi vận mệnh lịch sử! Ken (do Miêu Kiều Vĩ thủ vai) thề sẽ xuyên không trở về thời nhà Tần để xưng vương, bù đắp cho cuộc đời đã bị cướp mất vì oan ngục. Ở thời Tần, gia đình Hạng Thiếu Long (do Cổ Thiên Lạc thủ vai) tuy đã lui về ẩn cư, nhưng mọi hành động vẫn không thể qua mắt đồ đệ của mình – Tần Vương (do Lâm Phong thủ vai). Đúng lúc Tần Vương tưởng rằng mình đã thống nhất lục quốc, xưng bá thiên hạ, thì bất ngờ đối mặt với cuộc tập kích của Ken. Bất đắc dĩ, Tần Vương phải đi tìm vị sư phụ mà mình vừa kính trọng vừa e sợ là Hạng Thiếu Long để xin cứu viện. Sau hơn hai mươi năm xa cách, thầy trò cuối cùng cũng gặp lại. Sự xuất hiện của Ken khiến vận mệnh của ba người bị trói chặt vào nhau, sóng gió lại nổi lên nơi triều Tần, và những ân oán chồng chất cuối cùng cũng phải đi đến hồi kết.",107,2026-02-06,,ENDED,https://cdn.moveek.com/storage/media/cache/large/697a0d3f874d0574500862.webp,,,,,100,11
oan-thai-doi-me,Kumanthong Đài Loan: Oán Thai Đòi Mẹ,,"Oán Thai Đòi Mẹ kể câu chuyện tâm linh bí ẩn xoay quanh gia đình Trương Húc Xuyên (Dương Hữu Ninh thủ vai) - nhà thiết kế trò chơi thực tế ảo. Trong lúc khảo sát một ngôi nhà hoang để thực hiện dự án trò chơi kinh dị mới, anh vô tình nhặt được một tượng búp bê đất sét bị hỏng và mang về nhà. Từ khi món đồ xuất hiện, vợ anh là Hứa Mộ Hoa (Thái Tư Vận thủ vai) - hiện mang thai và làm nghề phục chế cổ vật tại nhà - bắt đầu cảm thấy bị thôi thúc phải sửa chữa lại con búp bê bị hỏng này.

 

Nhưng càng chạm vào nó, Hứa Mộ Hoa càng rơi vào những ảo giác đáng sợ, liên tục trải qua các hiện tượng kỳ bí không lời giải trong chính căn nhà của mình. Việc phục chế tưởng chừng vô hại dần kéo cô vào một lời nguyền kinh hoàng gắn với oan hồn của một thai nhi, khiến thể trạng và tinh thần suy sụp nghiêm trọng. Bất lực trước tình trạng ngày càng tệ đi của vợ, Trương Húc Xuyên buộc phải tìm đến một nhà trừ tà ngoại cảm. Từ đây, sự thật kinh hoàng đằng sau tượng búp bê đất sét và bi kịch chôn giấu suốt nhiều năm dưới bùn lầy bắt đầu được phơi bày.",109,2026-02-06,,ENDED,https://cdn.moveek.com/storage/media/cache/large/693793ed89a1a379040180.webp,,,,,62,13
huyen-tinh-da-trach,Huyền Tình Dạ Trạch,,"Huyền Tình Dạ Trạch không chỉ là bản tình ca về một mối duyên vượt qua mọi khuôn phép của chàng trai hiếu trung Chử Đồng Tử và Tiên Dung công chúa, mà còn là thiên sử thi đưa khán giả ngược dòng thời gian, trở về nền văn hóa Đông Sơn rực rỡ. Cuộc gặp gỡ giữa đầm Dạ Trạch mênh mông của hai tâm hồn xa lạ không chỉ là biểu tượng của một mối tình bất tử mà còn là sự đồng hành của hành trình từ lập nghiệp - đấu tranh sinh tồn - làm chủ thiên nhiên của cư dân Văn Lang.",,2026-02-10,,ENDED,https://cdn.moveek.com/storage/media/cache/large/696e22b6caccc530133147.webp,,,,,0,0
the-moogai,Tế Lễ Quỷ Linh Nhi,,"Một cặp vợ chồng thổ dân trẻ đón đứa con thứ hai về nhà. Niềm vui chưa kịp trọn vẹn thì mọi thứ dần trở nên u ám, khi người mẹ liên tục nhìn thấy một linh hồn độc ác mà cô tin rằng đang tìm cách cướp đi đứa con của mình.",84,2026-02-13,,ENDED,https://cdn.moveek.com/storage/media/cache/large/698aa51449802283439819.webp,,,,,0,0
ma-guong-goi-hon,Ma Gương Gọi Hồn,,"Arini vừa chuyển đến một thị trấn nhỏ để bắt đầu cuộc sống mới, nhưng tại đây cô lại phải đối mặt với nỗi kinh hoàng khủng khiếp sau khi tìm thấy một chiếc gương cổ trong một nhà kho bí mật.",92,2026-02-13,,ENDED,https://cdn.moveek.com/storage/media/cache/large/6981879c165b3652513997.webp,,,,,0,0
nha-ba-toi-mot-phong,Nhà Ba Tôi Một Phòng,,"Lấy bối cảnh một khu chung cư cũ với căn nhà chỉ vỏn vẹn một phòng, Nhà Ba Tôi Một Phòng khắc họa mối quan hệ “lệch pha” giữa người cha bảo thủ và cô con gái Gen Z đầy mơ ước. Khi những khác biệt thế hệ va chạm trong không gian chật chội, tình thân dần được thử thách và hàn gắn. Bộ phim mang đến một lát cắt gần gũi về gia đình Việt hiện đại, nơi yêu thương đôi khi bắt đầu từ sự thấu hiểu.",126,2026-02-17,,ENDED,https://cdn.moveek.com/storage/media/cache/large/698449daa3a43794195828.webp,,,,,75,194
mui-pho,Mùi Phở,,"Câu chuyện về sự xung đột thế hệ và những va chạm giữa quan niệm cũ và lối sống hiện đại, xoay quanh món Phở - biểu tượng ẩm thực Việt. Đằng sau những mâu thuẫn và tranh cãi ấy, từng bí mật dần được hé lộ, mở ra hành trình tìm lại sự ấm áp của tình thân qua những tình tiết hài hước, dí dỏm và đầy duyên dáng.",111,2026-02-17,,ENDED,https://cdn.moveek.com/storage/media/cache/large/699084a2c419f608229094.webp,,,,,77,70
bau-vat-troi-cho,Báu Vật Trời Cho,,"Ngọc (Phương Anh Đào) là mẹ đơn thân, có con nhờ thụ tinh nhân tạo từ tinh trùng hiến tặng. Trong chuyến đi biển để đổi gió và trốn chạy quá khứ, cô & Tô chạm mặt Hồng (Tuấn Trần) – chàng trai làng chài phóng khoáng, cũng chính là người góp phần tạo nên sự ra đời của Tô. Cuộc gặp gỡ tréo ngoe ấy kéo ba con người xa lạ vào hàng loạt tình huống dở khóc dở cười lẫn căng thẳng, khi mọi thứ bắt đầu vượt ngoài kế hoạch.

Liệu người cha “trời cho” này là món quà bất ngờ của số phận, hay chỉ là một “trò chơi” oái oăm cuộc đời?""",124,2026-02-17,,ENDED,https://cdn.moveek.com/storage/media/cache/large/693bc2449a319142006735.webp,,,,,77,103
tho-oi,Thỏ Ơi,,"Lấy cảm hứng từ những câu chuyện có thật, Thỏ Ơi!! phơi bày mặt tối của tình yêu và hôn nhân, nơi những chiếc ""mặt nạ"" sự thật dần bị tháo bỏ.",127,2026-02-17,,ENDED,https://cdn.moveek.com/storage/media/cache/large/6981a05ae7556660770206.webp,,,,,81,619
tho-ga-du-xuan-dai-nao-dia-dao,Thỏ Gà Du Xuân: Đại Náo Địa Đạo,,"Theo truyền thuyết, sâu trong một ngọn núi bí mật tồn tại một chú marmot thần bí sở hữu năng lực xoay ngược thời gian. Khi Chickenhare phát hiện tạo vật huyền thoại này có thể là hy vọng duy nhất để cứu lấy giống loài của mình, cậu không ngần ngại dấn thân vào hành trình đầy hiểm nguy để tìm kiếm sức mạnh cổ xưa ấy. Thế nhưng con đường phía trước chẳng hề dễ dàng. Bởi dường như Chickenhare và các người bạn của cậu không phải là những kẻ duy nhất truy tìm bí mật của chú marmot quyền năng này.",88,2026-02-17,,ENDED,https://cdn.moveek.com/storage/media/cache/large/69537a1a63196713554235.webp,,,,,100,4
tuyen-thu-de-mui-vi-chien-thang,Tuyển Thủ Dê: Mùi Vị Chiến Thắng,,"Câu chuyện xoay quanh Will, một chú dê nhỏ bé với những ước mơ lớn, người có cơ hội ngàn năm có một để gia nhập giải đấu chuyên nghiệp roarball – một môn thể thao đồng đội, đối kháng, cường độ cao, nơi những loài vật nhanh nhẹn và hung hãn nhất thống trị. Các đồng đội của Will không mấy hào hứng khi có một chú dê nhỏ trong đội hình, nhưng Will quyết tâm thay đổi cả môn thể thao này và chứng minh một lần và mãi mãi rằng: “Nhỏ mà có võ!”",100,2026-02-17,,ENDED,https://cdn.moveek.com/storage/media/cache/large/688a17dd84824378861538.webp,,,,,100,8
biet-doi-thu-cung-cuoc-chien-tren-duong-ray,Biệt Đội Thú Cưng: Cuộc Chiến Trên Đường Ray,,"Bộ phim xoay quanh Chim Ưng, một “đạo chích” gấu mèo tốt bụng chuyên lục lọi thùng rác và đánh cắp thức ăn của con người để nuôi sống bản thân cùng những người bạn. Cậu chàng quyết định bắt tay cùng Hans đột nhập vào một chuyến tàu đông đúc chở đầy thực phẩm, với hy vọng mang về nguồn lương thực dồi dào để cả nhóm có một mùa Giáng sinh ấm no.

 

Thế nhưng, phía sau kế hoạch ấy lại là một âm mưu khác. Sau khi Chim Ưng xâm nhập hệ thống điều khiển tàu, Hans mới “lật mặt”, bộc lộ động cơ chính mà anh ta muốn là trả thù chú chó cảnh sát Rex. Giữa cuộc chạy đua nghẹt thở với thời gian, Chim Ưng, Rex và những người bạn mới buộc phải hợp sức để giành lại sự sống, ngăn chặn Hans trước khi mọi thứ trở nên quá muộn.",87,2026-02-20,,ENDED,https://cdn.moveek.com/storage/media/cache/large/697c2ee339229879928580.webp,,,,,100,1
nha-minh-thoi-di,Nhà Mình Đi Thôi,,"Phương - chủ Startup trẻ đầy tham vọng, buộc phải thực hiện một chuyến du lịch tuyệt hảo giả tạo cho gia đình bất ổn của mình, để giành lấy khoản đầu tư cho dự án khởi nghiệp. Liệu cô có thể chinh phục thử thách, hàn gắn tình cảm gia đình và nắm bắt cơ hội thành công?",115,2026-02-26,,ENDED,https://cdn.moveek.com/storage/media/cache/large/696f5e5896183236646339.webp,,,,,83,12
khung-long-don-tet,Khủng Long Đón Tết,,"Chỉ vì lạc vào một cánh cổng thời gian bị bỏ quên, nhóm bạn động vật rừng châu Phi bỗng dưng trở về tận thời tiền sử. Muốn về lại hiện tại, họ không còn cách nào khác là buộc phải hợp tác với những chú khủng long thời tiền sử đồ sộ và cùng nhau đối phó với băng nhóm người ngoài hành tinh lầy lội.

Đó là hành trình đầy ắp tiếng cười, những pha rượt đuổi ngộ nghĩnh và hơn hết là tình bạn ấm áp vượt qua mọi khoảng cách thời gian.

Khủng Long Đón Tết mang đến không khí giao thời rộn ràng với hình ảnh rực rỡ, nhân vật đáng yêu và câu chuyện vừa vui nhộn chạm đến trái tim khán giả ở bất kì độ tuổi nào.",91,2026-02-26,,ENDED,https://cdn.moveek.com/storage/media/cache/large/69783d0d6e213450939775.webp,,,,,100,2
cam-on-nguoi-da-thuc-cung-toi,Cảm Ơn Người Đã Thức Cùng Tôi,,"Cảm Ơn Người Đã Thức Cùng Tôi là một hành trình cảm xúc của những người trẻ đi tìm đáp án cho câu hỏi “Ước mơ của bạn là gì?”, để rồi chính họ khi bước vào thế giới trưởng thành dần nhận ra câu hỏi quan trọng nhất là “Mình muốn thực hiện ước mơ đó cùng ai?”",137,2026-02-27,,ENDED,https://cdn.moveek.com/storage/media/cache/large/6982b4bb7ff70788390163.webp,,,,,86,87
wuthering-heights,Đồi Gió Hú,,"Một chuyện tình say đắm và đầy giông bão, diễn ra giữa khung cảnh hoang dã của vùng đồng hoang Yorkshire, khắc họa mối quan hệ mãnh liệt nhưng đầy hủy diệt giữa Heathcliff và Catherine Earnshaw.",136,2026-02-27,,ENDED,https://cdn.moveek.com/storage/media/cache/large/68f852bbc2e86867766772.webp,,,,,71,7
chuyen-kinh-di-gioi-sieu-giau,Chuyện Kinh Dị Giới Siêu Giàu,,"Sabdo và Intan là 2 anh em mồ côi, tuy nghèo khó nhưng sống hạnh phúc. Bi kịch xảy ra khi ngôi nhà của cha mẹ họ bị thiêu rụi hoàn toàn. Trong sự bế tắc và bơ vơ, họ đã được cưu man bởi Arjo Kuncoro, chú của họ - một thương gia giàu có. Họ được đưa đến dinh thự của gia đình Kuncoro, nhưng hóa ra Arjo là một kẻ tà đạo, hắn có một kế hoạch nham hiểm mà Sabdo và Inta là trung tâm của kế hoạch đó.",94,2026-02-27,,ENDED,https://cdn.moveek.com/storage/media/cache/large/698f10af1810c928221888.webp,,,,,0,2
tai,TÀI,,"Tài bất ngờ rơi vào vòng xoáy nguy hiểm vì một khoản nợ tiền khổng lồ. Bị dồn vào đường cùng, Tài buộc phải dấn thân vào những lựa chọn sai lầm khiến gia đình trở thành mục tiêu bị đe dọa. Đằng sau những hành động liều lĩnh ấy là nỗi ám ảnh về người mẹ mà Tài luôn muốn bảo vệ và bù đắp bằng mọi giá. 

Khi ranh giới giữa đúng và sai ngày càng mong manh, Tài phải đối mặt với câu hỏi lớn nhất của đời mình: liệu lòng hiếu thảo có đủ để biện minh cho con đường anh đang đi.",101,2026-03-06,,ENDED,https://cdn.moveek.com/storage/media/cache/large/69844d5b9d0dc938196635.webp,,,,,89,126
loi-nguyen-thu-vien-mikura,Lời Nguyền Thư Viện Mikura,,"Mikura Mifuyu rất ghét đọc sách lại là con gái của ""gia tộc"" nhiều đời quản lý một thư viện khổng lồ. Khi những cuốn sách bị đánh cắp, cô bị nuốt chửng vào thế giới của những câu chuyện. Mifuyu buộc phải truy tìm kẻ trộm sách, tìm hiểu về ""lời nguyền"" cũng như ""gia tộc"" mà ngay cả cô cũng không hề hay biết. Hành trình phiêu lưu qua ""Thế giới sách"" chính thức bắt đầu!",,2026-03-06,,ENDED,https://cdn.moveek.com/storage/media/cache/tall/69a14b3ce9542584189985.webp,,,,,100,2
khong-con-chung-ta,Không Còn Chúng Ta,,"Jeong-won và Eun-ho yêu nhau chân thành và sâu đậm bằng những tất cả những gì họ có ở khoảng thời gian đẹp nhất của thanh xuân. Nhưng tình yêu của tuổi trẻ không tránh khỏi sự non nớt, bồng bột để rồi họ chọn rời xa nhau. Nhiều năm sau gặp lại, họ nhận ra: chính những tháng năm đã yêu và đã đau ấy đã giúp họ trưởng thành hơn, hiểu được tình yêu và biết cách yêu thương hơn. Chỉ tiếc rằng khi ấy, yêu thương này họ không dành cho nhau được nữa…",114,2026-03-06,,ENDED,https://cdn.moveek.com/storage/media/cache/large/69a149b53046c507423139.webp,,,,,75,4
stray-kids-the-dominate-experience,Stray Kids: The dominATE Experience,,"Với sự xuất hiện của hiện tượng K-Pop toàn cầu Stray Kids, cùng những màn trình diễn bùng nổ từ tour diễn thế giới phá kỷ lục, hình ảnh hậu trường độc quyền và những cuộc trò chuyện gần gũi, chân thật với các thành viên, Stray Kids: The dominATE Experience là một phim concert hoành tráng, đưa người hâm mộ đến sát sân khấu như ngồi hàng ghế đầu và mở ra góc nhìn đặc biệt, chưa từng có về ban nhạc mà họ yêu mến.",146,2026-03-06,,ENDED,https://cdn.moveek.com/storage/media/cache/large/69844ff3a0b53734950650.webp,,,,,0,0
kokuho,Quốc Bảo,,"Kikuo, con trai của một tay xã hội đen, được một diễn viên kịch Kabuki nổi tiếng nhận nuôi và trở thành một diễn viên Onnagata tài năng. Kikuo đi cùng chặng đường nhiều thập kỷ cùng Shunsuke, con ruột của người cha nuôi. Cả hai nếm trải tình huynh đệ, ganh đua và tai tiếng để khẳng định vị trí trên sân khấu Kabuki. Trong bối cảnh Nhật Bản hậu chiến đầy biến động, họ phải đối mặt áp lực gìn giữ nghệ thuật truyền thống và theo đuổi danh hiệu “Báu vật sống của quốc gia”.",174,2026-03-06,,ENDED,https://cdn.moveek.com/storage/media/cache/large/694cd54442d7b014071066.webp,,,,”.,100,10
quy-nhap-trang-2,Quỷ Nhập Tràng 2,,"Quỷ Nhập Tràng 2 là tiền truyện của nhân vật Minh Như, trở về xưởng nhuộm gia đình sau nhiều năm bị xua đuổi. Tại đây, cô phải đối mặt với những hiện tượng ma quái cùng sự thật tàn khốc về cái chết của mẹ và giao ước đẫm máu năm xưa. Ác giả ác báo, liệu Minh Như có thoát khỏi vòng vây của quỷ dữ?",126,2026-03-13,,ENDED,https://cdn.moveek.com/storage/media/cache/large/694a5795836a3510657799.webp,,,,,66,114
co-dau,Cô Dâu,,"Một Frankenstein cô đơn (Bale thủ vai) du hành đến Chicago những năm 1930 để nhờ nhà khoa học tiên phong Dr. Euphronious (do Annette Bening – người từng 5 lần được đề cử Oscar – thủ vai) tạo ra một người bạn đồng hành cho mình. Họ hồi sinh một phụ nữ trẻ bị sát hại, và The Bride (do Buckley thủ vai) được ""tái sinh"". Những gì xảy ra sau đó đã vượt xa mọi tưởng tượng: Sát nhân! Ám ảnh! Một phong trào văn hóa hoang dại và cấp tiến! Và những kẻ tình nhân ngoài vòng pháp luật trong một mối tình dữ dội và bùng nổ!",126,2026-03-13,,ENDED,https://cdn.moveek.com/storage/media/cache/large/6776af29112ff883883428.webp,,,,,100,1
greenland-2-migration,Greenland 2: Đại Di Cư,,"Bom tấn thảm họa thiên thạch trở lại! 5 năm sau cú va chạm tuyệt diệt, nhân loại một lần nữa đứng trước bờ vực bị xóa sổ. Buộc phải rời khỏi hầm trú ẩn, gia đình Garrity bắt đầu cuộc đại di cư khẩn thiết đầy khắc nghiệt. Một hành trình không đường lui, nơi mỗi bước chân đều là cuộc chiến giành lấy cơ hội tồn tại trong một thế giới đã lụi tàn.",97,2026-03-13,,ENDED,https://cdn.moveek.com/storage/media/cache/large/699c46aebd368653012364.webp,,,,,0,0
crime-101,Tội Phạm 101,,"Lấy bối cảnh thành phố Los Angeles đầy nắng và bụi đường, Tội Phạm 101 kể về một tên trộm nữ trang bí ẩn (Chris Hemsworth) với hàng loạt phi vụ táo bạo khiến cảnh sát phải đau đầu. Trong lúc chuẩn bị cho phi vụ lớn nhất của mình, hắn gặp gỡ một nữ nhân viên bảo hiểm (Halle Berry), người cũng đang vật lộn với những lựa chọn trong đời mình. Trong khi đó, một thanh tra (Mark Ruffalo) đã tìm ra quy luật trong chuỗi các vụ án và đang ráo riết truy đuổi tên trộm, khiến cuộc chơi trở nên căng thẳng hơn bao giờ hết. Khi phi vụ định mệnh đến gần, ranh giới giữa kẻ săn đuổi và con mồi dần trở nên mờ nhạt và cả ba buộc phải đối mặt với những lựa chọn khó khăn và không còn cơ hội để quay đầu lại. Bộ phim được chuyển thể từ tiểu thuyết ngắn nổi tiếng cùng tên của Don Winslow, do Bart Layton (tác giả của American Animals, The Imposter) viết kịch bản và đạo diễn. Dàn diễn viên có sự tham gia của Barry Keoghan, Monica Barbaro, Corey Hawkins, Jennifer Jason Leigh và Nick Nolte.",140,2026-03-13,,ENDED,https://cdn.moveek.com/storage/media/cache/large/6964887620ef2192715604.webp,,,,,0,0
cu-nhay-ky-dieu,Cú Nhảy Kỳ Diệu,,"Hoppers xoay quanh Mabel, một cô gái yêu động vật, vô tình tiếp cận công nghệ cho phép chuyển ý thức con người vào cơ thể robot động vật. Nhờ đó, Mabel “nhảy” vào thế giới tự nhiên dưới hình dạng một con hải ly và có thể giao tiếp trực tiếp với các loài khác. Trong hành trình này, cô dần khám phá cách động vật nhìn nhận con người, đồng thời phát hiện những mối nguy đang đe dọa môi trường sống của chúng. Tận dụng công nghệ Nhảy, Mabel đã trở thành cầu nối, mang lại cuộc sống cân bằng cho cả con người và động vật.",105,2026-03-13,,ENDED,https://cdn.moveek.com/storage/media/cache/large/6880635633174218970020.webp,,,,,85,27
bus-chuyen-xe-mot-chieu,Bus: Chuyến Xe Một Chiều,,"Một chuyến xe buýt trở thành hành trình định mệnh khi những hành khách không còn thuộc về thế giới này, họ buộc phải đối diện với quá khứ và lựa chọn của mình trước khi chiếc xe đến điểm cuối – nơi không phải ai cũng có thể đến nếu chưa buông bỏ cõi trần.",94,2026-03-20,,ENDED,https://cdn.moveek.com/storage/media/cache/large/69b1736e0fdd0338034103.webp,,,,,83,6
dem-ngay-xa-me,Đếm Ngày Xa Mẹ,,"Đếm Ngày Xa Mẹ xoay quanh cặp mẹ con Eun-sil (Jang Hye-jin) và Ha-min (Choi Woo-shik). Mỗi lần ăn một món do mẹ nấu, Ha-min lại nhìn thấy một con số khó lý giải. Sau mỗi bữa ăn, con số ấy giảm đi một đơn vị. Ha-min sớm nhận ra một sự thật kinh hoàng: khi con số chạm về 0, mẹ anh sẽ qua đời. Kể từ đó, cuộc sống bình thường của Ha-min bị đảo lộn hoàn toàn. Để bảo vệ quãng thời gian còn lại của mẹ, Ha-min bắt đầu tránh xa những bữa cơm nhà, viện đủ mọi lý do để không phải ngồi vào bàn ăn và dần trở nên xa cách với mẹ. Liệu thời gian để Hamin ở bên mẹ còn được bao lâu nữa?",109,2026-03-20,,ENDED,https://cdn.moveek.com/storage/media/cache/large/69818a1ec84ed956475312.webp,,,,,83,30
omukade-con-ret-nguoi,Omukade: Con Rết Người,,"Bắt nguồn từ lời nguyền nổi tiếng về quái vật ăn thịt người có thật, Omukade: Con Rết Người gây chấn động phòng vé Thái Lan vì lần đầu xuất hiện trên màn ảnh rộng đã gây sang chấn với những phân đoạn rùng rợn, tái hiện loạt tai ương từng bị chôn vùi có liên quan đến các xác chết bí ẩn.",95,2026-03-20,,ENDED,https://cdn.moveek.com/storage/media/cache/large/69b15f8002bf9031114257.webp,,,,,100,1
thoat-khoi-tan-the,Thoát Khỏi Tận Thế,,"Ryland Grace một giáo viên khoa học nhận ra anh chính là hy vọng cuối cùng của Trái Đất. Nhiệm vụ của anh: cứu lấy Mặt Trời khỏi một sinh thể bí ẩn đang hút cạn năng lượng ánh sáng, đẩy cả hệ Mặt Trời vào bóng tối vĩnh viễn. Nếu thất bại, sự sống trên Trái Đất sẽ lụi tàn theo ánh sáng cuối cùng của mặt trời. Giữa không gian vũ trụ cô độc và áp lực của thời gian đang cạn dần, mọi phép tính, mọi quyết định của anh đều gánh trên vai số phận của toàn nhân loại. Nhưng trong hành trình tưởng chừng chỉ có một mình giữa khoảng không vô tận ấy, một tình bạn bất ngờ với một sinh vật ngoài hành tinh đã xuất hiện. Và có lẽ, để cứu Trái Đất, anh sẽ không phải chiến đấu một mình.",157,2026-03-20,,ENDED,https://cdn.moveek.com/storage/media/cache/large/68628eef16062677616184.webp,,,,,67,3
sentimental-values,Căn Nhà Ký Ức,,"Nội dung xoay quanh Gustav, một đạo diễn nổi tiếng đã rời xa gia đình trong nhiều năm. Khi ông bất ngờ quay trở lại với dự án điện ảnh mới, quá khứ giữa ông và hai cô con gái bắt đầu trỗi dậy.

Nhân vật người cha do Stellan Skarsgård thủ vai là một nghệ sĩ tài năng nhưng có nhiều khiếm khuyết trong đời sống gia đình. Ông mong muốn thực hiện một bộ phim mới như một cách đối diện với quá khứ và tìm cơ hội hàn gắn với các con. Tuy nhiên chính dự án này lại khiến những vết thương cũ bị khơi lại.",,2026-03-20,,ENDED,https://cdn.moveek.com/storage/media/cache/tall/69abc2bd5dc98217951825.webp,,,,,100,1
the-last-whale-singer,Cá Voi Nhỏ Chu Du Đại Dương,,"Vincent – chú cá voi lưng gù nhút nhát, con trai của huyền thoại “ca sĩ đại dương” cuối cùng – chưa bao giờ tin mình đủ dũng cảm. Nhưng khi quái vật Leviathan thoát khỏi tảng băng tan và đe dọa mọi sinh vật biển, Vincent buộc phải lên đường.

Giữa hành trình chu du khắp đại dương cùng những người bạn, cậu dần học cách vượt qua nỗi sợ và tìm ra tiếng hát của riêng mình.",92,2026-03-20,,ENDED,https://cdn.moveek.com/storage/media/cache/large/69a51150383a0159108142.webp,,,,,0,0
the-mortuary-assistant,Trợ Lý Nhà Xác,,"Rebecca Owens, một sinh viên mới tốt nghiệp ngành khoa học tang lễ, nhận công việc ca đêm tại Nhà Tang Lễ River Fields. Ban đầu, công việc có vẻ khá đơn giản: ướp xác, hoàn tất giấy tờ và giữ cho mọi thứ ngăn nắp. Nhưng khi Rebecca bắt đầu làm ca đêm, mọi chuyện dần trở nên quái dị và cô buộc phải đối mặt với những thế lực siêu nhiên đáng sợ.",90,2026-03-20,,ENDED,https://cdn.moveek.com/storage/media/cache/large/69a511133fa58989772167.webp,,,,,0,0
a-pale-view-of-hills,Cảnh Đồi Mờ Xám,,"Câu chuyện xoay quanh bà Etsuko, một người phụ nữ Nhật Bản đang sống tại nước Anh vào năm 1982. Bà hồi tưởng về quá khứ & ký ức đau buồn tại Nagasaki sau Thế chiến Thứ Hai thông qua cuộc trò chuyện với cô con gái Niki. Phim khai thác sâu sắc các chủ đề về ký ức, sự mất mát, và những bóng ma tâm lý của con người sau các biến cố lịch sử lớn lao.",123,2026-03-20,,ENDED,https://cdn.moveek.com/storage/media/cache/large/69a1632f15792030137532.webp,,,,,0,0
la-tieu-hac-chien-ky-2,La Tiểu Hắc Chiến Ký 2,,"Sau một cuộc tấn công bí ẩn, mọi nghi ngờ về cái chết của trưởng môn đổ dồn vào Vô Hạn - xuất thân là con người nhưng lại sở hữu phép thuật mạnh mẽ. Không chấp nhận sự thật ấy, Tiểu yêu tinh La Tiểu Hắc (học trò của Vô Hạn) cùng Lộc Dã (đệ tử kỳ cựu của Vô Hạn) bắt đầu một hành trình mạo hiểm để truy tìm kẻ đứng sau âm mưu đen tối này. Trên hành trình đó, họ phát hiện những bí mật nguy hiểm có thể thao túng cả hai phe, đẩy yêu tinh và con người vào vòng xoáy thù hận.",120,2026-03-20,,ENDED,https://cdn.moveek.com/storage/media/cache/large/69a50eb85a6f3141385111.webp,,,,,100,1
scream-7,Tiếng Thét 7,,"Sidney Evans (Neve Campbell), nạn nhân sống sót của một vụ thảm sát nhiều năm trước, giờ đang sống hạnh phúc cùng chồng và con gái ở một thị trấn khác thì tên sát nhân Ghostface mới lại xuất hiện. Những nỗi sợ hãi đen tối nhất của cô trở thành hiện thực khi con gái cô Tatum Evans (Isabel May) trở thành mục tiêu tiếp theo. Quyết tâm bảo vệ gia đình, Sidney buộc phải đối mặt với những kinh hoàng trong quá khứ để chấm dứt cuộc đổ máu một lần và mãi mãi.",113,2026-03-20,,ENDED,https://cdn.moveek.com/storage/media/cache/large/69a5097eb49a3245389213.webp,,,,,0,0
hen-em-ngay-nhat-thuc,Hẹn Em Ngày Nhật Thực,,"Năm 1995, khi đang đứng trước một quyết định quan trọng của cuộc đời, Ân bất ngờ bị kéo trở lại quá khứ bởi những bức thư tình chưa từng trao tay. Hành trình tìm gặp Thiên - mối tình đầu từng khắc sâu trong tim - đưa cô về lại thôn xóm Trà Mây năm xưa, nơi những ký ức ngọt ngào xen lẫn tổn thương vẫn chưa hề nguôi ngoai. Trong khoảnh khắc định mệnh khi hai người bất ngờ chạm mặt, những bí mật bị che giấu suốt nhiều năm dần hé lộ, buộc Ân phải đối diện với sự thật và lựa chọn con đường cho riêng mình.

Hẹn Em Ngày Nhật Thực là câu chuyện tình yêu đầy cảm xúc về những điều chưa nói, về tình yêu vĩnh cửu và câu hỏi day dứt: nếu còn cơ hội, ta có dám tin vào trái tim mình một lần nữa?",118,2026-03-27,,ENDED,https://cdn.moveek.com/storage/media/cache/large/69aea2522da4d047697277.webp,,,,,91,128
vung-dat-luan-hoi,Vùng Đất Luân Hồi,,"Lấy bối cảnh tại Cõi Ngoại – cõi trung gian giữa cái chết và sự tái sinh, VÙNG ĐẤT LUÂN HỒI kể về hành trình xuyên suốt ngàn năm của Tiểu Quỷ - kẻ mang nhiệm vụ dẫn dắt các linh hồn để giúp họ buông bỏ ký ức và cảm xúc còn sót lại từ kiếp trước để bước vào vòng luân hồi.",110,2026-03-27,,ENDED,https://cdn.moveek.com/storage/media/cache/large/69b8028d5838a267394523.webp,,,,,0,0
they-will-kill-you,Chúng Sẽ Đoạt Mạng,,"Đến từ New Line Cinema và Nocturna, CHÚNG SẼ ĐOẠT MẠNG (tựa gốc: THEY WILL KILL YOU) là một tác phẩm kinh dị - hành động - hài hước đẫm máu và đầy kịch tính xoay quanh cuộc chiến sống còn của một người phụ nữ tại tòa nhà xa hoa The Virgil - hang ổ của một giáo phái ma quỷ. Khi màn đêm buông xuống, những cạm bẫy được giăng ra, kẻ không thể sống sót sẽ trở thành vật tế tiếp theo. Một trận chiến chết chóc mãn nhãn cùng phong cách hài đen đầy mê hoặc sẽ sớm bắt đầu trên màn ảnh rộng.",95,2026-03-27,,ENDED,https://cdn.moveek.com/storage/media/cache/large/695cf1ea1672b375723237.webp,,,,,0,0
mat-na-da-nguoi,Mặt Nạ Da Người,,"Ki Mangun Suroto là một nghệ nhân múa rối Wayang nổi tiếng và đầy tham vọng, ông khao khát nắm giữ tà thuật cổ xưa để đạt được sự giàu có và bất tử. Năm 2021, ông mời Citra làm nghệ sĩ hát Sinden trong một buổi lễ, nhưng thực chất là muốn cô trở thành vật tế cuối cùng. Trong khi cố gắng kiếm tiền chữa bệnh cho em gái, Citra dần bị cuốn vào những nghi lễ kinh hoàng và phải tìm cách thoát khỏi số phận đáng sợ của mình.",86,2026-03-27,,ENDED,https://cdn.moveek.com/storage/media/cache/large/69a506a704da4519760054.webp,,,,,100,1
coraline,Cô Bé Coraline,,"Khi gia đình chuyển đến một lâu đài cổ, Coraline vô tình mở ra cánh cửa dẫn tới một thế giới song song, nơi mọi thứ rực rỡ và hoàn hảo một cách đáng ngờ. Nhưng càng đắm mình trong sự “hoàn hảo” ấy, cô càng nhận ra phía sau lớp vỏ dịu dàng là một vực sâu nguy hiểm đang chực chờ nuốt chửng tất cả. Thế giới kia không phải phép màu, mà là chiếc bẫy được giăng bằng những bí mật đen tối. Để cứu gia đình và chính mình, Coraline buộc phải đối diện với thực thể tà ác đang ẩn sau vẻ ngoài rực rỡ và đôi mắt trống rỗng vô hồn.",101,2026-03-27,,ENDED,https://cdn.moveek.com/storage/media/cache/large/kmc8Q6Ae11.webp,,,,,100,1
project-y-gai-ngoan-doi-doi,Project Y: Gái Ngoan Đổi Đời,,"Mất hết tất cả, hai chị em Mi Sun và Do Kyung đưa ra quyết định táo bạo nhất cuộc đời: Đánh cắp số vàng của băng đảng xã hội đen lớn nhất Hàn Quốc. Giờ đây, trên con đường mà cả hai không thể quay đầu nhìn lại, bỏ chạy hay đối đầu với những kẻ xem mạng người là cỏ rác.",109,2026-03-27,,ENDED,https://cdn.moveek.com/storage/media/cache/large/69a14a307c1e3328413261.webp,,,,,50,2
kung-fu-quai-chuong,Kung Fu Quải Chưởng,,"Hai nam sinh chuyên bị bắt nạt bỗng chốc nắm giữ tuyệt kỹ công phu sau khi bái một lão ăn mày làm sư phụ. Tuyệt đỉnh võ công đó cũng kéo theo sự trỗi dậy của Ma Vương và những vụ thảm sát đẫm máu, Yuan (Kha Chấn Đông) và Ah-yi (Chu Hiên Dương) phải đối mặt với trận chiến sinh tử để tìm ra bí mật thực sự của “Kung Fu”. 

Tác phẩm bom tấn của đạo diễn Cửu Bả Đao đã chiếm lĩnh top 1 doanh thu phim Tết xứ Đài!",127,2026-03-27,,ENDED,https://cdn.moveek.com/storage/media/cache/large/699c49201510b832466265.webp,,,,,100,1
tu-ho-dai-nao,Tứ Hổ Đại Náo,,"Trong Thế Chiến II, 9 tấn vàng của chính phủ Thái Lan đột ngột bị thất lạc - Châm ngòi cho cuộc truy lùng đẫm máu khắp cả nước. Bốn tên cướp khét tiếng, mỗi người sở hữu một năng lực tà thuật riêng, bị lôi kéo vào trò chơi tử thần. Giữa thời đại mà công lý sụp đổ và người dân không còn nơi nương tựa, một huyền thoại hùng mạnh đã ra đời: Tứ Hổ.",122,2026-03-27,,ENDED,https://cdn.moveek.com/storage/media/cache/large/698f1272d2b6f149833801.webp,,,,,0,0
the-super-mario-galaxy-movie,Super Mario Thiên Hà,,"Phim Super Mario Thiên Hà là một bộ phim hoạt hình được lấy bối cảnh trong thế giới của Anh Em Super Mario và là phần tiếp theo của Phim Anh Em Super Mario – tác phẩm ra mắt năm 2023 và đạt doanh thu hơn 1,3 tỷ đô la trên toàn cầu. Cả hai bộ phim Phim Anh Em Super Mario (2023) và Phim Super Mario Thiên Hà đều do Chris Meledandri (hãng Illumination) và Shigeru Miyamoto (từ Nintendo) đồng sản xuất.",99,2026-04-01,,ENDED,https://cdn.moveek.com/storage/media/cache/large/691a84271dcb4855399542.webp,,,,,50,4
song-hy-lam-nguy,Song Hỷ Lâm Nguy,,"Hai lễ cưới, một sang trọng sa hoa, một đạm bạc dân dã, đáng lý sẽ được tổ chức đối diện nhau. Rắc rối bắt đầu khi đội ngũ tổ chức của hai lễ cưới phát hiện ra danh sách khách mời của hai bên là giống nhau.",113,2026-04-03,,ENDED,https://cdn.moveek.com/storage/media/cache/large/69a14c08a4c03270917276.webp,,,,,80,5
phi-vu-cuoi-cung,Phi Vụ Cuối Cùng,,"Petch là một tay súng đánh thuê, người đã dành phần lớn cuộc đời sống giữa thế giới bạo lực, nơi những phi vụ đẫm máu diễn ra như một phần công việc thường nhật. Sau nhiều năm lún sâu vào tội lỗi, Petch bắt đầu khao khát rời bỏ con đường cũ để tìm lại tự do và một cuộc sống bình thường. Thế nhưng quá khứ không dễ dàng buông tha anh. Khi những người thân cận bị cuốn vào cuộc thanh trừng giữa các băng nhóm, Petch buộc phải quay lại thế giới mà anh từng cố gắng trốn chạy. Anh chấp nhận thực hiện một nhiệm vụ cuối cùng đầy nguy hiểm, với hy vọng có thể xóa bỏ mọi ân oán trong quá khứ. Nhưng cũng từ đây, Petch bị đẩy vào cuộc đối đầu nghẹt thở với những thế lực từng tạo nên anh. Trong trận chiến sinh tử ấy, mỗi viên đạn đều mang theo cái giá phải trả, và chỉ một sai lầm cũng có thể khiến anh đánh đổi bằng chính mạng sống của mình.",113,2026-04-03,,ENDED,https://cdn.moveek.com/storage/media/cache/large/69c9f5fa1e0d0193399089.webp,,,,,0,0
anh-duong-cua-me,Ánh Dương Của Mẹ,,"Trong không gian ngột ngạt của một nhà tù nữ, một mầm sống mới đã nảy mầm: một bé gái chào đời giữa tiếng hát mừng sinh nhật và vòng tay của bốn nữ tù nhân. Mỗi người phụ nữ ấy đều mang một bản án và một quá khứ đầy vết sẹo, nhưng sự xuất hiện của đứa trẻ đã trở thành tia sáng duy nhất sưởi ấm tâm hồn họ. Mọi chuyện trở nên xáo trộn khi một tù nhân mới đầy nổi loạn gia nhập nhóm. Từ những va chạm, mâu thuẫn nảy lửa ban đầu, sự hiện diện ngây thơ của bé gái đã dần xóa tan khoảng cách, biến những con người xa lạ thành một gia đình đặc biệt. Hạnh phúc ngắn chẳng được bao lâu khi đứa trẻ được chẩn đoán mắc một căn bệnh hiểm nghèo về mắt, đe dọa sẽ lấy đi ánh sáng vĩnh viễn. Để dành tặng em một kỷ niệm cuối cùng thật trọn vẹn, những người mẹ ""không cùng huyết thống"" đã quyết định thành lập một dàn đồng ca ngay sau song sắt. Dựa trên câu chuyện có thật đầy xúc động, đạo diễn Gavin Lin đã nhào nặn nên một thước phim tâm lý đầy cảm xúc, đan xen khéo léo giữa tiếng cười rộn rã, âm nhạc chữa lành và hành trình tìm lại bản ngã, hướng thiện của những con người từng lầm lỗi.",135,2026-04-03,,ENDED,https://cdn.moveek.com/storage/media/cache/large/69c2511ff3e8b524761899.webp,,,,,0,0
bay-tien-cu-lua-tien-ty,Bẫy Tiền: Cú Lừa Tiền Tỷ,,"Khi một vụ lừa đảo qua điện thoại bất ngờ ập đến, Đăng Thức tưởng chừng nắm trong tay cuộc sống ổn định bỗng bị cuốn vào vòng xoáy nguy hiểm giữa tiền bạc, tình thân và niềm tin — nơi mỗi lựa chọn không chỉ đánh đổi bằng tiền, mà còn bằng chính những người anh yêu thương.",113,2026-04-10,,ENDED,https://cdn.moveek.com/storage/media/cache/large/68f8583747532134401399.webp,,,,,0,0
quy-du-tu-luyen-nguc,Quỷ Dữ Từ Luyện Ngục,,"Kingkaew lấy cảm hứng từ vụ án có thật năm 1978, tại nhà tù Bang Kwang khét tiếng. Một người phụ nữ mắc bệnh tâm thần bị buộc tội bắt cóc và sát hại trẻ em gây chấn động. Dù chứng cứ dồn dập, cô vẫn khẳng định “Tôi vô tội”. Cuối cùng, tòa tuyên án tử hình, Kingkaew chết trong oán hận tột cùng.  Sau cái chết, hàng loạt hiện tượng kinh hoàng bắt đầu xảy ra. Oan hồn Kingkaew quay lại, gieo rắc nỗi ám ảnh lên tất cả những người liên quan. Khi nỗi sợ dâng cao, họ buộc phải đối mặt với sự thật đen tối phía sau vụ án… và thứ tà ác vẫn chưa chịu ngủ yên.",101,2026-04-10,,ENDED,https://cdn.moveek.com/storage/media/cache/large/69cfbccd4f5a2738802378.webp,,,,,50,2
tro-choi-cua-quy-2,Trò Chơi Của Quỷ 2,,"Chỉ ít phút sau khi sống sót qua cuộc tấn công từ gia tộc Le Domas, Grace (Samara Weaving) phát hiện mình đã bước sang cấp độ tiếp theo của trò chơi ác mộng - và lần này, cô có người em gái xa cách Faith (Kathryn Newton) đồng hành. Grace chỉ có một cơ hội để sống sót, bảo vệ em gái và giành lấy Vị Trí Tối Cao của Hội Đồng - thế lực kiểm soát cả thế giới. Bốn gia tộc đối địch đang săn lùng cô vì chiếc ngai vàng, và kẻ chiến thắng sẽ nắm quyền lực tuyệt đối.",108,2026-04-10,,ENDED,https://cdn.moveek.com/storage/media/cache/large/69cf76b6c2990786777164.webp,,,,,100,1
sirat,Sirat: Chuyến Đi Bão Cát,,"“Sirāt"" là tên của cây cầu được tương truyền là kết nối giữa địa ngục và thiên đường, là con đường tâm linh thúc đẩy ta ""chết trước khi thực sự lìa đời"" - giống như những gì xảy đến với nhân vật chính trong bộ phim. 

Sirat: Chuyến Đi Bão Cát gợi mở một lát cắt về văn hóa “rave”, đặt cạnh một hành trình mang màu sắc tâm linh và chiêm nghiệm. Một trải nghiệm điện ảnh giàu cảm xúc và để lại dư âm dài lâu sau khi kết thúc. (Một Lít Phim)",115,2026-04-10,,ENDED,https://cdn.moveek.com/storage/media/cache/large/69d4d43b8cb54168126661.webp,,,,,0,0
takhon-quy-doi-lot-nguoi,Takhon Quỷ Đội Lốt Người,,"Khi ngôi nhà mới được xây trên mảnh đất của thần linh, gia đình Joi đã phải lập tức đối mặt với cơn thịnh nộ của Phi Ta Khon (Quỷ Đội Lốt Người). Để giải cứu chính mình và em gái khỏi lời nguyền nghiệt ngã, Joi quyết tâm lật mở sự thật. Thế nhưng, đằng sau chiếc mặt nạ quỷ lại là một bí mật đen tối mà cậu không bao giờ ngờ tới.",99,2026-04-10,,ENDED,https://cdn.moveek.com/storage/media/cache/large/69cdbcbd2ee6f525579767.webp,,,,,100,3
dich-vu-giao-hang-cua-phu-thuy-kiki,Dịch Vụ Giao Hàng Của Phù Thuỷ Kiki,,"Theo truyền thống, khi tròn 13 tuổi, con gái của các phù thủy phải rời xa quê hương để học cách tự lập . Kiki cũng thế, cô lên đường cùng chú mèo đen Jiji, bay đến thị trấn ven biển Koriko xa lạ. Tại đây, cô được một bà chủ tiệm bánh tốt bụng cưu mang và bắt đầu làm phụ tá cho bà, đồng thời cũng bắt đầu mở dịch vụ giao hàng mới bằng chổi bay. Cuộc sống mới mang đến cho Kiki những niềm vui, thất bại và thử thách đầu đời. Xen giữa hành trình ấy là tình bạn với Tombo - cậu bé có đam mê mãnh liệt với máy bay chạy bằng sức người. Tất cả đã giúp Kiki từng bước trưởng thành và hòa nhập với thị trấn biển đầy gió này.",103,2026-04-10,,ENDED,https://cdn.moveek.com/storage/media/cache/large/69c0b41653530712594241.webp,,,,,0,0
duoi-bong-dien-ha,Dưới Bóng Điện Hạ,,"Lấy mốc năm 1457 dưới triều đại Joseon, Dưới Bóng Điện Hạ khắc họa số phận nghiệt ngã của vua Danjong - vị quân vương thứ sáu của triều đại (Park Ji-hoon thủ vai). Lên ngôi khi tuổi đời còn non trẻ, Danjong nhanh chóng trở thành quân cờ trong vòng xoáy quyền lực tàn khốc. Bị chính người chú lật đổ, phế truất và đày đến vùng Cheongnyeongpo heo hút, cuộc đời của vị vua trẻ rẽ sang một ngã rẽ đầy u uất. Tại chốn lưu đày, ông gặp trưởng làng Eom Heung Do (Yoo Hai-jin thủ vai) - người đã chủ động biến ngôi làng nghèo thành nơi giam giữ nhà vua, đổi lại hy vọng cứu vãn sinh kế cho dân làng. Từ hai thân phận tưởng chừng đối lập, một cựu đế vương và một thường dân, bộ phim dần hé mở mối liên kết lặng lẽ nhưng sâu sắc - nơi lòng trung thành, sự che chở âm thầm và những phận người nhỏ bé cùng trôi dạt giữa cơn sóng lớn của lịch sử.",117,2026-04-10,,ENDED,https://cdn.moveek.com/storage/media/cache/large/69c2059a65dea320689939.webp,,,,,100,15
the-drama,Cú Sốc,,"Dưới lớp vỏ bọc ngôn tình lộng lẫy kia là hạnh phúc thật sự, hay một cái bẫy tâm lý tăm tối đang chực chờ nuốt chửng cả hai?",105,2026-04-10,,ENDED,https://cdn.moveek.com/storage/media/cache/large/69c91dd15baf4865080310.webp,,,,,0,0
sieu-dao-chich-lupin-de-tam-huyet-thong-bat-diet,Siêu Đạo Chích Lupin Đệ Tam: Huyết Thống Bất Diệt,,"Siêu Đạo Chích Lupin Đệ Tam: Huyết Thống Bất Diệt kể câu chuyện về việc gã đạo chích huyền thoại Lupin Đệ Tam cùng đồng đội được mời đến một hòn đảo hoang để săn tìm kho báu, thế nhưng lại nhanh chóng bị cuống vào một trận chiến sinh tồn với những cư dân bí ẩn nơi đây. Cuộc đối đầu mở ra bí mật về dòng máu bất tử đã bị chôn giấu hàng thế kỷ. Trước những kẻ thù tàn bạo và sự thật đen tối, Lupin liều lĩnh khám phá sự thật về huyết thống, và tìm cách bảo toàn mạng sống của mình cùng các đồng đội.",93,2026-04-14,,ENDED,https://cdn.moveek.com/storage/media/cache/large/69ca2dc76a017691307719.webp,,,,,0,0
rufus-thuy-quai-hoc-boi,Rufus: Thuỷ Quái Học Bơi,,"Bộ phim kể về Rufus, một chú rắn biển nhỏ sống trên một hòn đảo bí mật cùng các sinh vật biển huyền bí. Không giống những sinh vật khác, Rufus không thể bơi, điều này khiến cậu luôn bị xem là khác biệt và gặp nhiều khó khăn trong cuộc sống. Hòn đảo nơi Rufus sinh sống được bảo vệ bởi chú Ludvig (nửa rồng nửa rắn), người có khả năng che giấu sự tồn tại của hòn đảo khỏi con người. Khi Ludvig mất đi năng lực bảo vệ, hòn đảo đứng trước nguy cơ bị loài người phát hiện. Trong tình thế đó, Rufus buộc phải đối mặt với nỗi sợ lớn nhất của mình và tìm cách vượt qua giới hạn bản thân là học bơi để bảo vệ gia đình, bạn bè và ngôi nhà mà cậu yêu quý.",82,2026-04-17,,ENDED,https://cdn.moveek.com/storage/media/cache/large/69d4818fe7e76671367299.webp,,,,,0,0
mot-bo-phim-cua-lee-cronin-xac-uop,Một Bộ Phim Của Lee Cronin: Xác Ướp,,"Ngay sau sự trở lại và thành công vang dội của bộ phim EVIL DEAD RISE, biên kịch/đạo diễn Lee Cronin tiếp tục khai thác một trong những câu chuyện kinh dị kinh điển nhất mọi thời đại với phiên bản đầy kịch tính: MỘT BỘ PHIM CỦA LEE CRONIN: XÁC ƯỚP. Phim khai thác câu chuyện về cô con gái nhỏ của một nhà báo biến mất không dấu vết trong sa mạc. Tám năm sau, gia đình đã tan vỡ bỗng bàng hoàng khi cô bé trở về, và điều lẽ ra phải là một cuộc hội ngộ hạnh phúc lại biến thành một cơn ác mộng kinh hoàng.",,2026-04-17,,ENDED,https://cdn.moveek.com/storage/media/cache/large/6976ea79d076a812349063.webp,,,,,71,7
tuyet-ky-tau-hai,Tuyệt Kỹ Tấu Hài,,"Quá ám ảnh với việc bị gắn mác ""diễn viên tấu hài"", Lee Dong-Hwi nhận vai cổ trang để chứng minh thực lực. Nhưng khi anh nhập vai đến mức cực đoan, những sự cố kỳ quặc liên tiếp xảy ra biến trường quay thành một mớ hỗn loạn, và chẳng còn ai biết đâu là diễn, đâu là thật. Giữa lúc chênh vênh nhất, mẹ và anh trai vẫn lặng lẽ ở phía sau, nâng đỡ anh bằng những yêu thương không nói thành lời. Một câu chuyện về góc khuất của ngành điện ảnh và hành trình tìm lại chính mình từ gia đình. Thu gọn",92,2026-04-17,,ENDED,https://cdn.moveek.com/storage/media/cache/large/69dc4a1dd9240205742134.webp,,,,,0,0
michael,Michael,,"Michael là bức chân dung điện ảnh khắc họa cuộc đời và di sản của một trong những nghệ sĩ có sức ảnh hưởng lớn nhất mà thế giới từng biết đến. Bộ phim kể về cuộc đời của Michael Jackson ngoài âm nhạc, theo dấu hành trình từ khi tài năng phi thường của ông được phát hiện trong vai trò giọng ca chính của nhóm Jackson Five, cho đến khi ông trở thành một nghệ sĩ có tầm nhìn xa, với khát vọng sáng tạo không ngừng để vươn tới danh hiệu “ngôi sao giải trí vĩ đại nhất thế giới”. Cho thấy cuộc sống phía sau hào quang sân khấu lẫn những màn trình diễn mang tính biểu tượng nhất trong giai đoạn đầu sự nghiệp solo, bộ phim mang đến cho khán giả một góc nhìn chân thực hơn bao giờ hết về Michael Jackson. Đây chính là nơi câu chuyện của ông bắt đầu.",127,2026-04-22,,ENDED,https://cdn.moveek.com/storage/media/cache/large/6976eae13e04b092940992.webp,,,,,100,3
heo-nam-mong,Heo Năm Móng,,"Truyền thuyết Cô Năm Hợi được truyền miệng qua nhiều thế hệ, như một lời nhắc về sự tái sinh đầy nghiệt ngã: linh hồn chết oan hoặc mang nhiều nghiệp quả nên mắc kẹt trong thân xác loài vật, mang theo ký ức và oán lệnh chưa thể hóa giải. Và giữa những hoa văn Khmer cổ kính và ánh đỏ linh thiêng, Sa - nữ chính của Heo Năm Móng hiện lên như một linh hồn đang đứng giữa hai cõi, như thể hai số phận đang chồng lên nhau. Liệu Sa còn điều gì vướng mắc ở cõi trần? Hay chính cô là kẻ từng gây nên tội lỗi, để rồi phải gánh chịu nghiệp báo?",103,2026-04-24,,ENDED,https://cdn.moveek.com/storage/media/cache/large/69a14979ae0b2897937255.webp,,,,,75,116
trum-so,Trùm Sò,,"Ở Làng Sứa Đỏ - một ngôi làng nhỏ xa xôi heo hút, hạn hán triền miên, người dân ai cũng nghèo cũng khổ, chỉ riêng Trùm Sò là giàu nứt đố đổ vách. Ghét nỗi là gã sống không tình không nghĩa, chỉ biết đến tiền, tiền và tiền. Gã còn ki bo, bủn xỉn với cả chính bản thân mình: ăn không dám ăn, mặc không dám mặc, chẳng chơi chẳng yêu cũng chẳng chịu cưới ai. Ngoài bà mẹ già lú lẫn thì chớ hòng ai bòn được của gã một cắc nào. 

Một ngày nọ, Trùm Sò bị mất số vàng lớn. Từ đây, cũng vì tiếc tiền mà Trùm Sò dần bị cuốn vào một vụ cướp kinh thiên động địa chưa từng có cùng với hai người bạn thuở nhỏ là góa phụ Thị Hến và lãng tử giang hồ Tôm Hùm.",105,2026-04-24,,ENDED,https://cdn.moveek.com/storage/media/cache/large/69e8b886bab4e412767045.webp,,,,,86,22
phi-phong-quy-mau-rung-thieng,Phí Phông: Quỷ Máu Rừng Thiêng,,"Phí Phông, loài quỷ khát máu trong truyền thuyết dân gian của đồng bào miền núi gây ám ảnh bao đời nay. Phim xoay quanh Còn (Kiều Minh Tuấn) và Dương (Minh Anh), hai pháp sư tập sự lên núi cứu người mẹ đang bị lời nguyền Phí Phông đánh gục. Cùng lúc đó, trong bản sâu cũng xảy ra nhiều cái chết ghê rợn. Mọi nghi ngờ đổ dồn về hai mẹ con Mon (Diệp Bảo Ngọc) và Lua (Nina Nutthacha), những người mang đặc tính y hệt Phí Phông. Thế nhưng, vẫn còn những bí mật động trời bị chôn vùi trong chốn rừng thiêng nước độc, cuốn hai anh em Còn và Dương vào cuộc truy lùng “Phí Phông” không hồi kết.",120,2026-04-24,,ENDED,https://cdn.moveek.com/storage/media/cache/large/69d4908c3d1bf626564233.webp,,,,,92,154
anh-hung,Anh Hùng,,Câu chuyện phim theo chân Hùng (Thái Hòa) - người cha đơn thân kiêm tài xế taxi và đồng nghiệp hãng xe là Tuấn (Võ Tấn Phát) bị cuốn vào một phi vụ lừa đảo từ thiện tiền tỉ trong khi sinh mạng cô con gái nhỏ của anh đang nằm gọn trong tay tử thần.,122,2026-04-24,,ENDED,https://cdn.moveek.com/storage/media/cache/large/699d2088d065d631927531.webp,,,,,94,34
dai-tiec-trang-mau-8,Đại Tiệc Trăng Máu 8,,"Đại Tiệc Trăng Máu 8 theo chân một vị đạo diễn hay bị coi thường (Vân Sơn đóng) trong dự án thử thách nhất đời ông: thực hiện một bộ phim dài 35 phút chỉ với một cú máy. Hàng loạt tình huống dở khóc dở cười xảy ra khi các diễn viên liên tục gây chuyện “khó đỡ”. Thế nhưng, việc hoàn thành tác phẩm là cơ hội cuối cùng để ông giành lại sự tôn trọng từ cô con gái đam mê nghệ thuật.",130,2026-04-24,,ENDED,https://cdn.moveek.com/storage/media/cache/large/69801f0126df8042066521.webp,,,,,77,22
koty-ermitaza-2-tajna-egipetskogo-zala,Mèo Siêu Quậy Ở Viện Bảo Tàng 2: Đại Náo Kim Tự Tháp,,"Hai năm đã trôi qua kể từ khi bảo tàng Hermitage được giải cứu thành công, còn bức tranh Mona Lisa bị đánh cắp. Chú chuột Maurice vẫn luôn mơ mộng về những cuộc phiêu lưu mới, trong khi cặp đôi Vincent và Cleopatra đã có thêm hai chú mèo con hiếu động và cũng đang khao khát những chuyến hành trình đầy thú vị",90,2026-04-24,,ENDED,https://cdn.moveek.com/storage/media/cache/large/69d5d33334050412538917.webp,,,,,0,0
ca-con-cau-co,Cá Con Cau Có,,"Giữa lòng đại dương nhộn nhịp, chú cá cô độc Mr. Fish sống tách biệt khỏi thế giới cho đến khi cuộc đời anh bị đảo lộn bởi Pip - một “cô rồng biển” nhỏ hiếu động vô tình gây ra thảm họa khiến cả hai cùng mất nhà. Bị cuốn vào hành trình sửa sai, họ quyết định tìm đến Shimmer - sinh vật huyền thoại được cho là có thể ban điều ước, trong khi đồng thời phải chạy đua với Benji, một chú mực trẻ đang tuyệt vọng cứu lấy cộng đồng của mình. Nhưng khi sự thật được hé lộ rằng Shimmer không thể thực hiện điều ước, cả ba buộc phải đối mặt với chính mình, học cách tin tưởng và hợp lực, để nhận ra rằng phép màu thực sự luôn nằm trong chính họ.",92,2026-04-24,,ENDED,https://cdn.moveek.com/storage/media/cache/large/69d32781d2861383002042.webp,,,,,0,0
da-mumbo-jumbo-blev-kaempestor,Mumbo Giải Cứu Bé Bự,,"Bộ phim kể về Mumbo, một chú hà mã nhỏ bé luôn khao khát giúp đỡ mọi người. Sau khi ăn nhầm nấm thần, Mumbo bỗng hóa khổng lồ nhưng trái tim lại vô cùng nhút nhát, khiến cậu lóng ngóng và hoảng sợ với thân hình mới. Để tìm lại vóc dáng cũ, Mumbo cùng ba người bạn thân đánh liều xuyên rừng sâu, đi tìm mụ phù thủy hắc ám Baba Jaga. Liệu Mumbo sẽ tìm được phép thuật thu nhỏ, hay khám phá ra sức mạnh kỳ diệu khác ẩn sâu bên trong?",83,2026-04-30,,ENDED,https://cdn.moveek.com/storage/media/cache/large/69e6dd8b93620583204712.webp,,,,,0,0
phi-vu-thanh-toan-hao-mon,Phi Vụ Thanh Toán Hào Môn,,"Bị gia đình giàu có từ mặt ngay từ khi chào đời, Becket Redfellow — một người lao động bình dân — sẵn sàng làm mọi thứ để giành lại quyền thừa kế của mình, bất chấp có bao nhiêu người thân đứng chắn đường.",105,2026-05-01,,ENDED,https://cdn.moveek.com/storage/media/cache/large/69e8a7b93cf89884376761.webp,,,,,100,1
xiong-chu-mei-nian-nian-you-xiong,Gấu Boonie Kungfu Ẩn Sĩ,,"Loạt phim hoạt hình thiếu nhi ăn khách nhất mọi thời đại tại Trung Quốc!

Bộ phim kể về hành trình phiêu lưu đầy cảm xúc của Hùng Đại, Hùng Nhị và Cường đầu trọc trong những ngày cận Tết. Khi không khí năm mới đang rộn ràng khắp nơi, Hùng Nhị vô tình bị cuốn vào một giao kèo bí ẩn với Niên Thú và phải thay thế chiến đấu với “Sát” – thế lực mang đến tai ương và bất hạnh.

Hành trình tưởng chừng hỗn loạn lại mở ra một bí mật lớn đang âm thầm đe dọa mùa xuân. Với tình bạn, lòng dũng cảm và tinh thần không bỏ cuộc, cả nhóm đã cùng nhau vượt qua thử thách, phá giải âm mưu và mang bình yên trở lại.

Một câu chuyện hoạt hình đầy cảm xúc, hài hước và ấm áp – nơi phép màu, tình thân và hy vọng hòa quyện, mang đến một mùa Xuân trọn vẹn cho tất cả mọi người.",113,2026-05-01,,ENDED,https://cdn.moveek.com/storage/media/cache/large/69e1bc936e62c990791281.webp,,,,,0,1
phim-shin-cau-be-but-chi-quay-tung-vuong-quoc-nguech-ngoac-va-4-dung-si-bat-on,Shin Cậu Bé Bút Chì: Quậy Tung Vương Quốc Nguệch Ngoạc Và 4 Dũng Sĩ Bất Ổn,,"Bộ phim xoay quanh một vương quốc lơ lửng mang tên Rakuga, tồn tại nhờ nguồn năng lượng đến từ những nét vẽ của con người. Nhưng khi thế giới loài người dần đánh mất sự sáng tạo, Rakuga đứng bên bờ sụp đổ. Giữa thời khắc hỗn loạn, Shin vô tình nắm giữ cây bút chì màu kỳ diệu – có thể biến mọi hình vẽ thành hiện thực. Từ những nét vẽ ngây ngô nhất, bốn “vị anh hùng bất ổn” ra đời, đồng hành cùng cậu trong chuyến phiêu lưu vừa hài hước vừa kịch tính. Khi ranh giới giữa tưởng tượng và thực tại bị xóa nhòa, Shin không chỉ chiến đấu để cứu một vương quốc, mà còn để bảo vệ điều quý giá nhất: khả năng mơ mộng và sáng tạo của trẻ em.",104,2026-05-01,,ENDED,https://cdn.moveek.com/storage/media/cache/large/69d9ea26a16aa767073358.webp,,,,,100,4
tham-my-vien-am-phu,Thẩm Mỹ Viện Âm Phủ,,"Khi cái đẹp trở thành nỗi ám ảnh.

Để cứu người yêu đang hôn mê, Thanh chấp nhận làm việc tại một thẩm mỹ viện hẻo lánh. Nhưng nơi đây nhanh chóng biến thành cơn ác mộng với những nghi lễ ma quái, những hồn ma vất vưởng và một bí mật kinh hoàng phía sau vẻ hào nhoáng.

Khi bị cuốn vào nghi lễ “đi thiếp”, Thanh phải đối diện lựa chọn sinh tử: ở lại cõi âm bên người mình yêu, hay chiến đấu để thoát khỏi thế lực hắc ám.",100,2026-05-08,,ENDED,https://cdn.moveek.com/storage/media/cache/large/69ba40f9de8a4475158034.webp,,,,,18,11
phoi-sat,Phổi Sắt,,"IRON LUNG - Từ tựa game indie kinh dị trở thành phim điện ảnh TOP 1 PHÒNG VÉ thị trường nội địa ngay từ ngày đầu công chiếu! Khi Trái Đất bỗng bốc hơi chỉ sau vài giây, một tù nhân không gian buộc phải khám phá biển máu trên hành tinh còn sót lại cùng con tàu ""Iron Lung"" để tìm kiếm hy vọng sống cuối cùng cho nhân loại cũng như tìm được tự do cho chính mình.",125,2026-05-08,,ENDED,https://cdn.moveek.com/storage/media/cache/large/69f0b614726a7606763253.webp,,,,,100,1
luc-do-toi-da-chuyen-sinh-thanh-smile-nuoc-mat-dai-duong,Lúc Đó Tôi Đã Chuyển Sinh Thành Smile: Nước Mắt Đại Dương,,"Lúc đó tôi đã chuyển sinh thành Slime: Nước Mắt Đại Dương là phần phim điện ảnh thứ 2 thuộc franchise anime nổi tiếng ""Lúc đó tôi đã chuyển sinh thành Slime"". Lấy bối cảnh sau Lễ hội Khai quốc Tempest, Rimuru cùng những người bạn đồng hành quyết định ghé thăm một khu nghỉ dưỡng sang trọng do Elmesia, người đứng đầu Đế chế Pháp Thuật Sarion, cai quản, để tận hưởng thời gian thư giãn hiếm hoi sau những biến cố. Tuy nhiên, chuyến nghỉ dưỡng nhanh chóng bị xáo trộn khi nhân vật bí ẩn tên Yura xuất hiện, kéo theo một chuỗi những sự kiện bí ẩn và mối nguy đang âm thầm trỗi dậy dưới đại dương.",105,2026-05-08,,ENDED,https://cdn.moveek.com/storage/media/cache/large/69d86652a7ea0807022409.webp,,,,,100,4
doi-tham-tu-cuu-an-mang-luc-nua-dem,Đội Thám Tử Cừu: Án Mạng Lúc Nửa Đêm,,"Trong bộ phim trinh thám hài hước, độc đáo này, George (Hugh Jackman) là một người chăn cừu, mỗi tối đều đọc tiểu thuyết trinh thám cho đàn cừu yêu quý nghe, nghĩ rằng chúng không thể hiểu được. Nhưng khi George bất ngờ qua đời trong một sự cố bí ẩn trên trang trại, đàn cừu quyết định tự mình trở thành thám tử. Lần theo manh mối và điều tra các nghi phạm là con người, chúng chứng minh rằng ngay cả cừu cũng có thể phá án xuất sắc.",109,2026-05-08,,ENDED,https://cdn.moveek.com/storage/media/cache/large/69d8633a221b7008257757.webp,,,,,75,4
the-devil-wears-prada-2,Yêu Nữ Thích Hàng Hiệu 2,,"Hai mươi năm sau màn hóa thân kinh điển vào các vai diễn Miranda, Andy, Emily và Nigel — Meryl Streep, Anne Hathaway, Emily Blunt và Stanley Tucci sẽ chính thức trở lại với những con phố thời thượng của New York và văn phòng sang trọng của Tạp chí Runway trong ""The Devil Wears Prada 2"" (Yêu Nữ Thích Hàng Hiệu 2). Đây là phần phim tiếp theo cực kỳ được mong đợi từ 20th Century Studios, kế thừa sức hút từ hiện tượng điện ảnh năm 2006 từng định hình phong cách cho cả một thế hệ.",119,2026-05-08,,ENDED,https://cdn.moveek.com/storage/media/cache/large/691d97099d7a1163822819.webp,,,,,100,3
mortal-kombat-2-cuoc-chien-sinh-tu,Mortal Kombat 2: Cuộc Chiến Sinh Tử,,"Hãng phim New Line Cinema, phần tiếp theo đầy kịch tính trong loạt phim bom tấn chuyển thể từ trò chơi điện tử đình đám – Mortal Kombat II – trở lại với tất cả sự tàn bạo vốn có. Lần này, những nhà vô địch được yêu thích – nay có sự góp mặt của chính Johnny Cage – sẽ đối đầu với nhau trong trận chiến đẫm máu, không khoan nhượng, nhằm đánh bại thế lực đen tối của Shao Kahn đang đe dọa đến sự tồn vong của Earthrealm và các chiến binh bảo vệ nó.",116,2026-05-08,,ENDED,https://cdn.moveek.com/storage/media/cache/large/6976eb64a4051621540313.webp,,,,,100,6
mot-thoi-ta-da-yeu,Một Thời Ta Đã Yêu,,"Quốc Trường & Quốc Huy lần đầu “đối đầu” trong phim mới với bộ phim mang đậm màu sắc hoài niệm. Một Thời Ta Đã Yêu với bối cảnh của một vùng ven biển đầy nắng gió, bộ phim đặt ra câu hỏi về tình yêu, thời gian và cách mỗi người đối diện với quá khứ của chính mình.",119,2026-05-15,,ENDED,https://cdn.moveek.com/storage/media/cache/large/69d343dc6a883258868465.webp,,,,,60,5
mobile-suit-gundam-tia-chop-hathaway,Mobile Suit Gundam Tia Chớp Hathaway,,"Lấy bối cảnh U.C. 0105, Liên bang Trái Đất ngày càng tham nhũng và áp dụng chính sách đàn áp dân thường. Hathaway Noa bí mật trở thành thủ lĩnh tổ chức kháng chiến “Mafty”, chuyên ám sát các quan chức cấp cao để chống lại chính quyền độc tài. Trong phần phim 2026, Hathaway tiếp tục chuẩn bị kế hoạch tấn công hội nghị Adelaide — nơi tập trung giới lãnh đạo Liên bang. Đồng thời, lực lượng Liên bang dưới quyền Kenneth Sleg mở chiến dịch truy lùng và tiêu diệt Mafty.",95,2026-05-15,,ENDED,https://cdn.moveek.com/storage/media/cache/large/6a002266a381a480801544.webp,,,,,100,3
lang-quy-quai,Làng Quỷ Quái,,"Làng Quỷ Quái – hay còn được gọi là Làng Tai Ương – là cái tên rùng rợn dành cho Kokaloak, vùng cấm địa nơi hội tụ hàng trăm loại oan hồn chưa siêu thoát. Bất chấp hiểm nguy, một nhóm thanh niên liều lĩnh xâm nhập nơi này để lần theo một bí mật kinh hoàng… nhưng trớ trêu thay lại dở khóc dở cười. Khi mọi thứ dần vượt khỏi tầm kiểm soát, kế hoạch ban đầu bị đảo lộn hoàn toàn, đẩy cả nhóm vào những tình huống “khóc không ra nước mắt”. Giữa ranh giới mong manh của sợ hãi và ""ối giời ơi"", liệu họ sẽ đối mặt và thoát ra khỏi cơn ác mộng này bằng cách nào?",90,2026-05-15,,ENDED,https://cdn.moveek.com/storage/media/cache/large/69fb4bd27e12e270622253.webp,,,,,100,2
mother-mary,Mother Mary: Hào Quang Đơn Độc,,"Một ngôi sao nhạc Pop đang ở đỉnh cao danh vọng nhưng bất ngờ rơi vào khủng hoảng hiện sinh. Sau khi hủy bỏ chuyến lưu diễn, cô tìm đến Sam Anselm, một người bạn cũ và cũng là nhà thiết kế thời trang từng góp phần xây dựng hình ảnh giúp cô thành công như hiện tại. Cuộc tái ngộ này khơi lại những tổn thương bị chôn giấu từ lâu, đồng thời mở ra hành trình đối diện với bản thân, quá khứ và bản ngã.",112,2026-05-15,,ENDED,https://cdn.moveek.com/storage/media/cache/large/69f95d7a9ace0902085112.webp,,,,,100,1
ma-da-han-quoc-ho-nuot-nguoi,Ma Da Hàn Quốc: Hồ Nuốt Người,,"Bên dưới vẻ tĩnh lặng của hồ Salmokji là nơi trú ngụ của một thực thể tà ma. Bị thu hút bởi những vụ án tại hồ Salmokji, một nhóm phóng viên dấn thân vào cuộc điều tra đưa tin. Thế nhưng, họ không ngờ chính mình đang bước vào bẫy tử thần. Con ác ma dưới đáy hồ sâu không chỉ trực chờ đoạt mạng, mà còn thao túng tâm lý nạn nhân bằng những lời thì thầm ám ảnh. Khi cả nhóm chính thức lọt vào tầm ngắm của ám ma hồ Salmokji, mặt nước tĩnh lặng kia khi về đêm sẽ trở thành mồ chôn không lối thoát.",95,2026-05-15,,ENDED,https://cdn.moveek.com/storage/media/cache/large/69f0b755c73f5336260080.webp,,,,,69,16
tam-biet-gohan,Tạm Biệt Gohan,,"Suốt mười năm đằng đẵng, chú chó hoang lông trắng với chiếc mũi đỏ mang tên 'GOHAN' cứ thế phiêu dạt giữa cuộc đời, ôm trọn những ký ức chẳng thể phai nhòa. Đó là sự ấm áp bình lặng bên người chủ đầu tiên – một kỹ sư ô tô người Nhật sắp sửa nghỉ hưu. Là những ngày tháng rộn ràng bên người chủ thứ hai – cô giúp việc trẻ người Miến Điện làm việc tại trạm cứu hộ thú cưng. Và cuối cùng, là những bài học thầm lặng chú dạy cho người chủ hiện tại – một sinh viên mỹ thuật, người lần đầu tiên trong đời học cách định nghĩa thế nào là tình yêu. Một câu chuyện về thời gian, về những cuộc hội ngộ và chia ly, và về một chú chó ghi nhớ tất cả",140,2026-05-15,,ENDED,https://cdn.moveek.com/storage/media/cache/large/69e842779472a352585209.webp,,,,,84,32
star-wars-the-mandalorian-and-grogu,Star Wars Mandalorian Và Grogu,,"Đế Chế tàn bạo đã sụp đổ, nhưng những lãnh chúa chiến tranh của phe Đế Chế vẫn còn rải rác khắp thiên hà. Khi Nền Cộng hòa Mới nỗ lực bảo vệ những gì Quân Nổi Loạn đã chiến đấu để giành lấy, họ đã nhờ đến sự trợ giúp của thợ săn tiền thưởng Mandalorian - huyền thoại Din Djarin (Pedro Pascal) và cậu bé học việc Grogu. “Star Wars: The Mandalorian and Grogu” của đạo diễn Jon Favreau, với sự tham gia của Sigourney Weaver và sản xuất bởi Jon Favreau, Kathleen Kennedy, Dave Filoni, và Ian Bryce; cùng với phần nhạc được sáng tác bởi Ludwig Göransson.",132,2026-05-22,,ENDED,https://cdn.moveek.com/storage/media/cache/large/69e8447a94b99297230761.webp,,,,,0,0
doraemon-movie-45-2026-nobita-va-lau-dai-duoi-day-bien,Doraemon Movie 45 (2026): Nobita Và Lâu Đài Dưới Đáy Biển,,"Bước vào kì nghỉ hè, Nobita và các bạn tranh cãi chí chóe về địa điểm cắm trại. Theo đề xuất của Doraemon, cả nhóm quyết định cắm trại giữa lòng đại dương! Sử dụng bảo bối thần kì “xe Buggy chạy dưới nước” và “đèn pin thích nghi”, 5 bạn nhỏ tận hưởng chuyến cắm trại dưới đáy biển, gặp gỡ vô vàn sinh vật lí thú trên đường đi. Sau khi phát hiện một chiếc tàu đắm, nhóm bạn đã gặp chàng thanh niên bí ẩn El. Thật bất ngờ, anh ta lại là cư dân đáy biển, sống tại “liên bang Mu”, một vùng biển rộng lớn! Vốn căm ghét người mặt đất, cư dân đáy biển không thể nào tin tưởng Nobita và các bạn. Đúng lúc đó, lời thông báo “lâu đài quỷ... đã bắt đầu phục sinh!!” được truyền tới. “Lâu đài quỷ” khiến cư dân đáy biển khiếp sợ, rốt cuộc là gì? Đặt trọn niềm tin vào bè bạn trong lồng ngực, chuyến phiêu lưu vĩ đại quyết định số phận của trái đất, bắt đầu!",101,2026-05-22,,ENDED,https://cdn.moveek.com/storage/media/cache/large/694394ad7e98f155578211.webp,,,,,84,133
lang-trung-tang,Làng Trùng Tang,,"Làng Trùng Tang theo chân Fitri (Wavi Zihan) – một nữ tư vấn viên quyết tâm làm sáng tỏ vụ bạo lực học đường liên quan đến cậu học sinh nghèo Jaya (Ali Fikry), giữa bối cảnh những lời kêu cứu bị phớt lờ và sự thật dần chìm trong im lặng. Thế nhưng, càng đào sâu, Fitri càng đối mặt với những hiện tượng rùng rợn: những người liên quan lần lượt gặp kết cục bí ẩn, rồi lại xuất hiện như chưa từng có chuyện gì xảy ra. Một thế lực siêu nhiên đang thao túng dân làng, khiến họ đối diện với “bản thể bóng tối” của chính mình – Qorin.",107,2026-05-22,,ENDED,https://cdn.moveek.com/storage/media/cache/large/6a0188513fa0c420888118.webp,,,,,36,11
bai-trung-pha-an,Bài Trùng Phá Án,,"Cựu cảnh sát trọng án Jae-hyuk ""bị ép buộc"" phải hợp tác cùng tân binh Joong-ho để điều tra một vụ trộm nhỏ trong thị thấn, nhưng lại mở ra hàng loạt manh mối liên quan đến vụ án mạng đã đóng hồ sơ tại Seoul. Bất chấp sự cản trở từ cảnh sát Gangnam, cả hai quyết tâm truy tìm hung thủ thật sự trong cuộc điều tra đầy những bí ẩn về 2 kẻ tình nghi trong cùng 1 vụ án.",97,2026-05-22,,ENDED,https://cdn.moveek.com/storage/media/cache/large/6a02da0a9cbee303795842.webp,,,,,0,0
lang-khat-mau,Làng Khát Máu,,"Biên tập viên tạp chí chuyên điều tra hiện tượng kỳ bí bỗng nhiên mất tích. Người đồng nghiệp trẻ Ozawa Yūki và nhà báo Seno Chihiro bắt đầu lần theo những dấu vết còn sót lại.  Những manh mối họ tìm thấy liên quan đến nhiều sự kiện bí ẩn: trẻ em mất tích, các vụ hoảng loạn tập thể, video livestream rùng rợn… Tất cả đều dẫn đến “một nơi nào đó ở vùng Kinki” – một địa điểm đầy ám ảnh mà dường như không ai muốn nhắc tới.",102,2026-05-22,,ENDED,https://cdn.moveek.com/storage/media/cache/large/6a0a819d2e456852398359.webp,,,,,100,1
mobile-suit-gundam-tia-chop-hathaway-ma-thuat-nu-than-circe,Mobile Suit Gundam Tia Chớp Hathaway: Ma Thuật Nữ Thần Circe,,"Năm U.C.0105, mười hai năm sau cuộc nổi loạn của Char. Tổ chức “Mafty” bắt đầu đứng lên chống lại sự cai trị độc tài của chính phủ Liên bang bằng cách ám sát các quan chức cấp cao. Thủ lĩnh của tổ chức này thực chất là Hathaway Noa — con trai của Bright Noa, người từng chiến đấu trong cuộc Chiến tranh Một Năm cùng Amuro Ray. Một cô gái tên Gigi Andalusia, sở hữu những năng lực kỳ lạ khó lý giải, đã khiến Hathaway nhớ lại một chấn thương trong quá khứ. Dù bối rối trước những lời nói đầy ẩn ý của cô, anh vẫn chuẩn bị tiến hành cuộc không kích nhằm vào Hội nghị Adelaide, quyết tâm hoàn thành mục tiêu của Mafty và khép lại quá khứ của chính mình. Trong khi bị dao động bởi những lời tiên tri bí ẩn ấy, Hathaway vẫn tiếp tục chuẩn bị cho chiến dịch của Mafty — cuộc tấn công vào Hội nghị Adelaide. Trong khi đó, Kenneth Sleg thuộc Lực lượng Liên bang đang lên kế hoạch phòng thủ cho Hội nghị Adelaide, đồng thời chuẩn bị chiến dịch tiêu diệt Mafty, thì bất ngờ được Handley Yoxon của Tổ chức Cảnh sát Hình sự tiếp cận với một đề nghị mật. Khi Hathaway và Kenneth theo đuổi những mục tiêu riêng của mình, Gigi cũng lên đường tới Hồng Kông để hoàn thành vai trò mà cô mang trên vai.",108,2026-05-27,,ENDED,https://cdn.moveek.com/storage/media/cache/large/6a156b083efb5169810667.webp,,,,,100,1
passenger,KHÁCH,,"Sau khi chứng kiến một vụ tai nạn kinh hoàng trên đường cao tốc, một cặp đôi trẻ sớm nhận ra họ không rời khỏi hiện trường một mình. “Khách”, một thực thể quỷ ám bám theo và sẽ không dừng lại cho đến khi đoạt mạng cả hai, biến chuyến hành trình van life của họ thành cơn ác mộng.",94,2026-05-29,,ENDED,https://cdn.moveek.com/storage/media/cache/large/69df50fda00da520955258.webp,,,,,0,0
ba-tron,Ba Trợn,,"Một nhà văn viết tiểu thuyết kinh dị đến một quán trọ ở Ireland để rải tro cốt cha mẹ mình, mà không biết rằng nơi đó được đồn đại là bị ma ám.",102,2026-05-29,,ENDED,https://cdn.moveek.com/storage/media/cache/large/6a007f6511848517849116.webp,,,,,100,2
ngoi-den-ky-quai-5,Ngôi Đền Kỳ Quái 5,,"Thương hiệu Kinh dị - Hài Thái Lan ăn khách nhất đã trở lại. Một năm sau khi đánh bại hồn ma Nak Tinn, nhóm bạn của Balloon và First chưa kịp tận hưởng cuộc sống bình yên thì một linh hồn báo thù bất ngờ quay trở lại và săn đuổi họ. Nhưng lần này mục tiêu của Pee Nak không phải là Balloon hay First mà là chú tiểu Nott và những người thân của cậu. Để phá giải lời nguyền “Kẻ nào được yêu thương thì phải chết”, cả nhóm buộc phải quay lại ngôi đền bí ẩn và đối mặt với thế lực tàn ác hơn bao giờ hết!",118,2026-05-29,,ENDED,https://cdn.moveek.com/storage/media/cache/large/6a02aa92c50d4828421902.webp,,,,,79,14
kumanthong-ac-quy-dan-duong,Kumanthong Ác Quỷ Dẫn Đường,,"Một người mẹ đơn thân, vì tương lai của đứa con trai gần như mù lòa, quyết liều mình băng qua khu rừng ma ám trong đêm tối. Nhưng khi một tà linh từ Alas Roban bắt đầu chiếm hữu đứa trẻ, cô buộc phải đối mặt với những thế lực siêu nhiên kinh hoàng và bước vào hành trình tìm kiếm sự cứu rỗi tâm linh trước khi mất đi tất cả.",110,2026-05-29,,ENDED,https://cdn.moveek.com/storage/media/cache/large/6a0a8274861d8592964206.webp,,,,,67,3
tay-du-ky-dai-nao,Tây Du Ký Đại Náo,,"Bộ phim Tây Du Ký Đại Náo mang đến một góc nhìn hoàn toàn đột phá: Tôn Ngộ Không bị quạt Ba Tiêu thổi bay... xuyên không rơi thẳng xuống một bãi rác tại Thái Lan hiện đại. Sự va chạm giữa phép thuật thần thông và nhịp sống đô thị nhộn nhịp, trần trụi chính là chất xúc tác tạo nên chuỗi tình huống dở khóc dở cười mang đậm phong cách ""nhây - bựa - lầy”.",117,2026-05-29,,ENDED,https://cdn.moveek.com/storage/media/cache/large/6a0e75970af18948913732.webp,,,,,100,1
oc-muon-hon,Ốc Mượn Hồn,,"Câu chuyện kể về Quân – một người chồng đau khổ khi vợ qua đời trong một tai nạn bất ngờ. Hạnh phúc tưởng chừng được hồi sinh khi linh hồn vợ anh ""trở về"" trong thân xác của cô đồng nghiệp, người gặp tai nạn chung với vợ Quân nhưng may mắn sống sót. Giống như những con ốc mượn hồn, họ đều bám víu - lệ thuộc vào chiếc vỏ khác để tồn tại cũng như cố lẩn tránh nỗi đau của cuộc đời. Niềm vui ngắn ngủi tan biến khi một bí mật kinh hoàng liên quan đến cái chết của vợ anh được hé lộ, đặt Quân trước lựa chọn giữa việc tiếp tục bám víu, chấp nhận chiếc vỏ của hạnh phúc tự tạo hay phanh phui sự thật kinh hoàng bên trong chính chiếc vỏ này.",109,2026-06-01,,ENDED,https://cdn.moveek.com/storage/media/cache/large/6a05811b1e575501184790.webp,,,,,50,4
ma-xo,Ma Xó,,"Trong cái nghèo cùng cực và nỗi sợ mất con sau một lần sảy thai, cuộc sống của vợ chồng Phú và Thảo (đang mang thai) trở nên tăm tối hơn bao giờ hết khi bà Thuận (mẹ Phú) qua đời vì không có tiền chữa bệnh. Giữa lúc tuyệt vọng, Thảo nghe lời bà Tánh – một người hàng xóm làm nghề cúng – quyết định thực hiện nghi thức thỉnh “vong cô hồn” về làm ma xó để trấn giữ ngôi nhà và bảo vệ thai nhi. Khi thực thể trong xó nhà bắt đầu ""đòi nợ"", Thảo mới bàng hoàng nhận ra: thứ cô rước về để bảo vệ gia đình, thực chất là một cơn ác mộng không có đường lui.",102,2026-06-05,,ENDED,https://cdn.moveek.com/storage/media/cache/large/69d87846a49ea067059740.webp,,,,,83,117
your-name,Tên Cậu Là Gì?,,"Bộ phim kể về Mitsuha – nữ sinh trung học sống ở một thị trấn nhỏ của vùng Itomori. Luôn chán chường với cuộc sống tẻ nhạt ở vùng thôn quê, Mitsuha ao ước kiếp sau được làm một anh chàng đẹp trai sống ở thủ đô Tokyo sôi động. Trong khi đó ở Tokyo, anh chàng Taki rất hài lòng với cuộc sống và công việc làm thêm ở một nhà hàng Italy sau giờ học. Tuy vậy, hằng đêm cậu vẫn mơ thấy mình trong cơ thể một cô gái thôn quê. Đến một hôm khi sự kiện nghìn năm có một là Sao Chổi tiến gần tới Trái đất, Taki và Mitsuha bỗng bị hoán đổi cơ thể. Cứ cách một ngày, Taki lại trở thành Mitsuha khám phá cuộc sống vùng quê và ngược lại, Mitsuha làm anh chàng nam sinh Tokyo háo hức với cuộc sống nơi đô thị ồn ào. Cứ thế, câu chuyện của Mitsuha và Taki diễn ra dẫn dắt khán giả đến những tình huống đặc biệt, dù cả hai chưa bao giờ gặp mặt hay thậm chí là biết tên của nhau.",110,2026-06-05,,ENDED,https://cdn.moveek.com/storage/media/cache/large/f5949c665c6f76f8d811e88573d81abecbb75632.webp,,,,,96,638
the-amazing-digital-circus-hoi-ket,The Amazing Digital Circus: Hồi Kết,,"Loạt phim đình đám ""The Amazing Digital Circus"" sẽ khép lại với phiên bản chiếu rạp được chờ mong nhất mùa hè. ""Hồi Kết"" của loạt phim bao gồm tập 8 cùng tập cuối chưa từng được công bố - tập phim thứ 9, và các fans sẽ là những người đầu tiên trên thế giới thưởng thức thước phim này! Khi Caine ra đi và ánh đèn rạp xiếc vụt tắt, chỉ còn lại những ám ảnh và tội lỗi trong quá khứ dằn vặt các thành viên. Khi viễn cảnh về sự vĩnh cửu dần trở nên mờ nhòa, các thành viên cũng phát hiện ra sự thật về The Amazing Digital Circus và lịch sử đằng sau nó. Liệu họ sẽ chấp nhận hiện thực này, hay sẽ đưa ra một lựa chọn mạo hiểm nào khác?",95,2026-06-05,,ENDED,https://cdn.moveek.com/storage/media/cache/large/6a1659671af4d205002455.webp,,,,,50,6
lop-hoc-am-sat-gio-cua-chung-ta,Lớp Học Ám Sát: Giờ Của Chúng Ta,,"Phim điện ảnh phiên bản hoàn toàn mới của “Lớp Học Ám Sát” nhân dịp kỷ niệm 10 năm ra mắt! Một sinh vật mang vận tốc Mach 20 đe dọa hủy diệt Trái Đất nhưng lại trở thành một thầy giáo? Một lớp học bị coi là ""phế thải"" bỗng chốc trở thành hy vọng cuối cùng của nhân loại? Những câu chuyện mới toanh chưa từng được kể trên màn ảnh sẽ mang đến cho fan hâm mộ những thước phim bùng nổ cùng ký ức rực rỡ nhất về thầy Koro và tập thể lớp 3-E. Bạn đã sẵn sàng cho buổi tốt nghiệp đặc biệt này chưa?",86,2026-06-05,,ENDED,https://cdn.moveek.com/storage/media/cache/large/6a0e8c7fb410b067266274.webp,,,,,100,14
marsupilami,Siêu Quậy Marsupilami,,"Để cứu lấy công việc, David Ticoule chấp nhận vận chuyển một kiện hàng bí ẩn từ Nam Mỹ về Pháp. Anh đưa con trai Léo và vợ cũ Tess đi cùng, vô tình kéo họ vào một phi vụ nguy hiểm mà chính anh cũng chưa kịp hiểu rõ. Mọi thứ nhanh chóng vượt khỏi tầm kiểm soát khi kiện hàng bị mở ra ngoài ý muốn. Bên trong là một sinh vật nhỏ bé, đáng yêu nhưng kéo theo hàng loạt rắc rối không tưởng. Từ một chuyến đi tưởng chừng đơn giản, hành trình trên biển bỗng biến thành chuỗi tình huống dở khóc dở cười. Giữa đại dương, họ phải học cách tin tưởng và sát cánh bên nhau để vượt qua hỗn loạn, đồng thời bảo vệ chính gia đình mình.",99,2026-06-05,,ENDED,https://cdn.moveek.com/storage/media/cache/large/69d5d2c7247dd631961542.webp,,,,,100,4
ac-quy-ma-so,Ác Quỷ Ma Sơ,,"Phim gồm 3 câu chuyện với những thảm án lần lượt tại 3 thời điểm khác nhau. Năm 1775, trong thời kỳ thuộc địa Tây Ban Nha ở Philippines, các nữ tu cố gắng sống sót qua đêm sau khi một thế lực tà ác vô danh được giải phóng trong tu viện của họ. Trong khi đó, vào năm 2025, một nhóm bạn tham dự dạ tiệc hóa trang Halloween thì bị một kẻ giết người hàng loạt tấn công. Đến tương lai, vào năm 2050, Philippines rơi vào hỗn độn trong bối cảnh hậu tận thế bị loài Aswang cai trị.",148,2026-06-05,,ENDED,https://cdn.moveek.com/storage/media/cache/large/69a5071e1acd2756788424.webp,,,,,0,0
he-man-va-nhung-chien-binh-vu-tru,He-Man Và Những Chiến Binh Vũ Trụ,,"Thương hiệu huyền thoại trở lại màn ảnh rộng. Sau 15 năm thất lạc, Thanh Gươm Quyền Năng đưa Hoàng tử Adam (Nicholas Galitzine) trở về hành tinh Eternia và phát hiện quê hương đã rơi vào sự cai trị tàn bạo của Skeletor (Jared Leto). Để cứu gia đình và thế giới của mình, Adam phải sát cánh cùng những đồng minh thân cận như Teela (Camila Mendes) và Duncan/Man-At-Arms (Idris Elba), đồng thời chấp nhận định mệnh thật sự của mình: trở thành He-Man - người đàn ông mạnh nhất vũ trụ.",140,2026-06-05,,ENDED,https://cdn.moveek.com/storage/media/cache/tall/6a0e8d02b312b237957543.webp,,,,,100,1
lau-chu-hoa,Lầu Chú Hoả,,"Để câu view, một nhóm streamer livestream khám phá Lầu Chú Hỏa, dinh thự bỏ hoang gắn với truyền thuyết về con ma nhà họ Hứa.

Nhưng ngay từ những phút đầu, mọi thứ đã vượt khỏi tầm kiểm soát. Hiện tượng siêu nhiên liên tiếp xảy ra, kéo cả nhóm vào vòng xoáy ám ảnh không lối thoát.

Buổi livestream nhanh chóng biến thành nơi “tạo nghiệp – trả nghiệp”, khi từng người phải trả giá cho lòng tham và sự báng bổ trước linh hồn oan khuất của cô tiểu thư họ Hứa.",94,2026-06-12,,ENDED,https://cdn.moveek.com/storage/media/cache/large/6a0e74941fe4f316907713.webp,,,,,77,88
bay-xac-song,Bầy Xác Sống,,"Nội dung xoay quanh một hội nghị công nghệ sinh học trong tòa nhà lớn thì bất ngờ xảy ra sự cố rò rỉ virus đột biến. Chính quyền lập tức phong tỏa toàn bộ khu vực, khiến những người còn sống bị mắc kẹt bên trong cùng các sinh vật nhiễm bệnh đang tiến hóa liên tục. Điểm khác biệt của phim là zombie không chỉ chạy nhanh mà còn có khả năng “học hỏi” theo dạng ý thức bầy đàn (colony hive mind).",122,2026-06-12,,ENDED,https://cdn.moveek.com/storage/media/cache/large/6a0e894203601842920498.webp,,,,,91,78
con-thinh-no,Cơn Thịnh Nộ,,"Phim xoay quanh Wang Wei (Xie Miao), một người bán hàng bị câm, đang sinh sống ở Hồng Kông cùng con gái Rainy (Yang Enyou). Một ngày nọ, Rainy bị một đường dây buôn bán trẻ em bắt cóc. Wei tìm đến cảnh sát giúp đỡ nhưng bị từ chối vì cảnh sát ở đây đều đã bị tha hóa. Vì vậy, Wei bắt đầu một cuộc trả thù không ngừng nghỉ để giải cứu con gái. Anh liên minh với Navin (Joe Taslim), một nhà báo có vợ mất tích khi đang điều tra cùng một đường dây buôn người.",110,2026-06-12,,ENDED,https://cdn.moveek.com/storage/media/cache/large/6a0e8d591aecc131175473.webp,,,,,100,2
co-be-ponyo,Cô Bé Ponyo,,"Cốt truyện xoay quanh một cô bé cá vàng tên Ponyo muốn trở thành người, cô đã kết bạn với một cậu bé năm tuổi tên Sōsuke.",101,2026-06-12,,ENDED,https://cdn.moveek.com/storage/media/cache/large/8JgqtqOijE.webp,,,,,0,0
yen-chi-khau,Yên Chi Khâu,,"Lấy bối cảnh Hồng Kông thập niên 1930, Yên Chi Khâu kể về mối tình đầy ngang trái giữa Trần Chấn Bang - Thập Nhị Thiếu Gia (Trương Quốc Vinh thủ vai) — vị thiếu gia ăn chơi của một gia tộc quyền thế — và Như Hoa (Mai Diễm Phương thủ vai), một kỹ nữ nổi tiếng. Vì bị gia đình ruồng bỏ và ngăn cản quyết liệt, cặp đôi tuyệt vọng đã cùng nhau lập một lời thề tự sát để được bên nhau mãi mãi. Tuy nhiên, định mệnh trớ trêu khi Chấn Bang lại không đủ can đảm để thực hiện lời hứa đó.

50 năm sau, linh hồn Như Hoa vẫn mòn mỏi đợi chờ và quay trở lại một Hồng Kông hiện đại, phồn hoa để tìm kiếm người tình. Tại đây, cô bàng hoàng nhận ra Chấn Bang giờ chỉ còn là một ông lão tiều tụy, sống kiếp tầm gửi, nghèo khổ và tẻ nhạt. Khi thời gian sắp cạn kiệt, Như Hoa phải đối mặt với cơ hội cuối cùng để kiểm chứng sự thủy chung và lòng tận hiến của người đàn ông cô từng hết mực yêu thương.

Đầy đam mê, cảm động và được thực hiện một cách tinh tế, Yên Chi Khâu là tác phẩm kinh điển không thể bỏ qua đối với những khán giả của điện ảnh nghệ thuật.",97,2026-06-12,,ENDED,https://cdn.moveek.com/storage/media/cache/large/6a16f3f537e63760711829.webp,,,,,100,1
mesdames-thanh-sac,Mesdames Thanh Sắc,,"Mesdames Thanh Sắc xoay quanh cuộc đời của đại mỹ nhân Cầm Thanh (Thanh Hằng) và Madame Sắc (Hồng Ánh) - bà chủ vũ trường Kim Đô vô cùng giàu có và sở hữu nhiều kim cương. Dù ở dưới trướng của bà Sắc và từng bước trở thành vũ nữ đình đám nhất Sài Gòn những năm 1960, nhưng Cầm Thanh luôn muốn nổi loạn. Từ đó, hai người phụ nữ bắt đầu cuộc giằng co căng thẳng dẫn đến những sự kiện gây rúng động.",128,2026-06-19,,ENDED,https://cdn.moveek.com/storage/media/cache/large/695dcebfed8e1900145950.webp,,,,,59,17
truong-he-2001,"Trường Hè, 2001",,"Lấy bối cảnh mùa hè năm 2001, phim theo chân Kiên - cậu thanh niên 17 tuổi từ Việt Nam trở về đoàn tụ với gia đình tại khu chợ nhộn nhịp ở thị trấn Cheb sau 10 năm xa cách. Chuyến trở về mở ra nhiều mâu thuẫn liên thế hệ, cảm giác lạc lõng và nỗi khao khát được thấu hiểu trong gia đình nhập cư.",103,2026-06-19,,ENDED,https://cdn.moveek.com/storage/media/cache/large/6a22432b4b712173233810.webp,,,,,100,3
obsession-am-anh,Ám Ảnh,,"Bear, một chàng trai si tình, đã bẻ gãy món đồ chơi bí ẩn mang tên ""Liễu Ước Nguyện"" để đổi lấy tình yêu của cô gái mình thầm thương. Điều ước nhanh chóng trở thành hiện thực, nhưng hạnh phúc mà anh hằng mong đợi lại dần biến thành cơn ác mộng. Bear dần nhận ra một sự thật rùng rợn: cái giá phải trả cho món quà kỳ diệu đó kinh hoàng và đen tối hơn bất cứ điều gì anh có thể tưởng tượng.",108,2026-06-19,,ENDED,https://cdn.moveek.com/storage/media/cache/large/6a30c7b98b97e596019829.webp,,,,,82,34
bach-xa-mot-kiep-nhan-gian,Bạch Xà: Một Kiếp Nhân Gian,,"Bạch Tố Trinh, một xà yêu đã tu luyện hàng nghìn năm, bước vào thế giới loài người với mục đích duy nhất: báo đáp ân tình trong quá khứ. Nàng gặp Hứa Tiên, người phàm mang linh hồn tái sinh của ân nhân năm xưa nhưng không hề hay biết về mối liên kết định mệnh giữa họ. Bị cuốn vào nhau bởi sợi dây vô hình của số phận, tình cảm giữa hai người nhanh chóng nảy nở thành tình yêu sâu sắc. Nhưng hạnh phúc ấy chỉ thoáng qua khi Pháp Hải, một nhà sư tuyệt đối tin vào trật tự tự nhiên phát hiện thân phận thật của nàng. Liệu Bạch Tố Trinh có sẵn sàng đánh đổi ngàn năm tu luyện tinh lực để được sống như một người phàm trần và bảo vệ người mình yêu?",133,2026-06-19,,ENDED,https://cdn.moveek.com/storage/media/cache/large/6a26aee99156b951672308.webp,,,,,0,0
ma-lu,Ma Lu,,"Rusmiati, một cô gái quê giản dị, kết hôn với Badri, một người đàn ông đáng kính, mặc cho lời tiên tri rằng mối quan hệ của họ sẽ mang đến tai họa.",98,2026-06-19,,ENDED,https://cdn.moveek.com/storage/media/cache/large/6a16f1da0fb04043593472.webp,,,,,0,3
toy-story-5,Câu Chuyện Đồ Chơi 5,,"Các món đồ chơi đã trở lại trong Toy Story 5 của Disney và Pixar, và lần này sẽ là cuộc đối đầu giữa đồ chơi và công nghệ. Buzz, Woody, Jessie cùng cả nhóm sẽ phải đối mặt với thử thách khó khăn hơn gấp bội khi chạm trán một mối đe dọa hoàn toàn mới đối với niềm vui vui chơi. Bộ phim được đạo diễn bởi Andrew Stanton, đồng đạo diễn bởi Kenna Harris và sản xuất bởi Lindsey Collins. Toy Story 5 sẽ khởi chiếu tại rạp vào ngày 19 tháng 6 năm 2026.",102,2026-06-19,,ENDED,https://cdn.moveek.com/storage/media/cache/large/66bad396c3cc4356437407.webp,,,,,100,10
tung-hoanh-tu-hai,Tung Hoành Tứ Hải,,"Dưới bàn tay nhào nặn của đạo diễn Ngô Vũ Sâm (người đứng sau siêu phẩm Face/Off), bộ phim là một cuộc phiêu lưu hài hước, kịch tính với nhịp độ nhanh, xoay quanh bộ ba siêu trộm đầy liều lĩnh.

Tung hoành tứ hải (Once a Thief - 1991) kể về ba đứa trẻ mồ côi: A Hải (Châu Nhuận Phát), A Chiêm (Trương Quốc Vinh), Hồng Đậu (Chung Sở Hồng). Cả ba được một tên siêu trộm nhận nuôi dưỡng (Tăng Giang) và đào tạo thành những tên trộm khét tiếng nhất Hong Kong.
Họ cùng nhau tạo nên một phi vụ ""đánh cắp bức tranh nghệ thuật bị nguyền rủa ở Pháp"" đầy ngẫu hứng và kịch tính.",108,2026-06-26,,ENDED,https://cdn.moveek.com/storage/media/cache/large/6a1d1ff2da08e199402600.webp,,,,,100,1
minh-hon-trong-long-buom,Minh Hôn Trong Lồng Bướm,,"Biệt thự nhà họ Lục, hay còn gọi là Điệp phủ, từ lâu nổi tiếng là một căn nhà ma ám đầy bí ẩn. Sau khi Lý Hàm – một nữ chuyên viên vật lý trị liệu – cùng gã đàn ông tham lam A Vỹ chuyển đến đây, hàng loạt hiện tượng kinh hoàng liên tiếp xảy ra, kéo theo những bí mật đen tối của gia tộc họ Lục dần bị phơi bày.",91,2026-06-26,,ENDED,https://cdn.moveek.com/storage/media/cache/large/6a2bb9d99d495687578844.webp,,,,,0,1
thuc-the-quy-quyet-backrooms,Thực Thể Quỷ Quyệt,,"Backrooms theo chân Clark (Chiwetel Ejiofor), một chủ cửa hàng nội thất, vô tình phát hiện cánh cửa bí ẩn dưới tầng hầm. Bước qua đó, anh bị cuốn vào một chiều không gian vô tận với những căn phòng màu vàng méo mó, liên tục lặp lại. Khi Clark ngày càng lún sâu và ám ảnh, nhà trị liệu tâm lý của anh là Mary (Renate Reinsve) quyết định bước vào không gian đó để tìm và giải cứu anh.",110,2026-06-26,,ENDED,https://cdn.moveek.com/storage/media/cache/large/6a2b7a85a15fb863575014.webp,,,,,50,12
linh-mieu-bao-thu,Linh Miêu Báo Thù,,Ba người bạn trong Câu lạc bộ Yêu Mèo lên đường đến làng Vách Đá Mèo Đen – địa điểm cuối cùng mà Candy từng ghé qua trước khi mất tích một cách đầy bí ẩn.,87,2026-06-26,,ENDED,https://cdn.moveek.com/storage/media/cache/large/6a2d2434684a9402866782.webp,,,,,0,1
supergirl,Supergirl,,"Supergirl – bom tấn mới nhất từ DC Studios – sẽ chính thức đổ bộ các rạp chiếu toàn cầu vào mùa hè này, với Milly Alcock đảm nhận vai kép Supergirl/Kara Zor-El. Khi một kẻ thù bất ngờ và tàn nhẫn giáng đòn ngay tại nơi cô gọi là nhà, Kara Zor-El – hay còn được biết đến với cái tên Supergirl – buộc phải bắt tay với một đồng minh không ai ngờ tới, bắt đầu chuyến hành trình xuyên dải ngân hà đầy sử thi, nơi vừa là cuộc trả thù, vừa là hành trình đi tìm công lý.",108,2026-06-26,,ENDED,https://cdn.moveek.com/storage/media/cache/large/693f829322980904182068.webp,,,,,100,2
lieu-trai-lan-nhuoc-tu,Liêu Trai: Lan Nhược Tự,,"Siêu phẩm thứ 10 với kỹ xảo tuyệt đỉnh từ nhà sản xuất Light Chaser làm sống dậy tuyển tập truyện kỳ ảo Liêu Trai Chí Dị của tác giả Bồ Tùng Linh. Những câu chuyện siêu thực đầy cảm động về chữ “Tình” cách biệt cõi âm dương, mối duyên người và yêu đầy day dứt sẽ được thể hiện sống động qua nét vẽ uyển chuyển và sống động. 3 câu chuyện được làm mới hoàn toàn: Họa Bì, Nhiếp Tiểu Thiến, Cô Nương Họ Lỗ sẽ khiến khán giả ngây ngất trong thế giới huyền ảo của Liêu Trai: Lan Nhược Tự.",112,2026-06-26,,ENDED,https://cdn.moveek.com/storage/media/cache/large/6a391127dcebe234187423.webp,,,,,0,0
minions-quai-vat,Minions & Quái Vật,,"Minions & Quái Vật là câu chuyện vừa náo loạn, vừa ngớ ngẩn nhưng “hoàn toàn có thật” về cách Minions chinh phục Hollywood, trở thành ngôi sao điện ảnh, rồi mất tất cả, vô tình thả quái vật ra khắp thế giới và sau đó phải cùng nhau hợp sức để cứu lấy hành tinh khỏi chính mớ hỗn loạn mà mình tạo ra.",90,2026-07-01,,ENDED,https://cdn.moveek.com/storage/media/cache/large/69899a152905f662370456.webp,,,,,82,82
dong-dao-ma-quai,Đồng Dao Ma Quái,,"Mỗi lần gieo xúc xắc là mỗi lần quỷ xuất hiện. Trong lúc dọn dẹp một ngôi đền bỏ hoang, một nhóm trẻ vô tình tìm thấy bàn cờ cổ bị phong ấn từ lâu. Sau khi gieo viên xúc xắc bí ẩn và đọc lên những câu đồng dao kỳ lạ, chúng nhận ra mình đã bắt đầu một trò chơi chết chóc. Mỗi lượt chơi đều kéo theo sự xuất hiện của những linh hồn đáng sợ, buộc cả nhóm phải tìm cách phá giải lời nguyền trước khi trời sáng.",123,2026-07-03,,ENDED,https://cdn.moveek.com/storage/media/cache/large/6a2b76e3cfbae021300865.webp,,,,,67,3
sheep-in-the-box,Ngày Con Sống Lại,,"Một cặp vợ chồng đau đớn trải qua nỗi đau mất con. Để lấp đầy khoảng trống trong tổ ấm nhỏ, cả hai quyết định nhận nuôi một rô-bốt hình người hiện đại, chăm sóc nó như con trai ruột. Nếu một cỗ máy có khả năng biểu đạt cảm xúc, trao đi và nhận lại tình yêu, liệu sợi dây kết nối này có kém phần thiêng liêng hơn huyết thống?",126,2026-07-03,,ENDED,https://cdn.moveek.com/storage/media/cache/large/6a322d008911d868371202.webp,,,,,0,0
leviticus-bong-quy,Leviticus: Bóng Quỷ,,"Trong một cộng đồng Cơ Đốc giáo bảo thủ tại thị trấn nhỏ biệt lập ở Úc, hai thiếu niên Naim và Ryan bị ép tham gia các liệu pháp “chuyển đổi giới tính”. Nhưng càng cố chối bỏ khao khát thật sự của mình, họ càng bị một thế lực tà ác truy đuổi — mang hình dạng của chính người mà họ khao khát nhất: đối phương....",88,2026-07-03,,ENDED,https://cdn.moveek.com/storage/media/cache/large/6a34bb6d31f65023840696.webp,,,,,50,6
den-la-sat,Đền La Sát,,"Dự án kinh dị tâm linh giao thoa tín ngưỡng tâm linh Hàn - Nhật điên rồ và quỷ dị! Nhóm sinh viên quốc tế đang làm khảo sát tại ngôi đền bỏ hoang ở Kobe (Nhật Bản) thì một thành viên bỗng chốc hóa rồ rồi đột ngột mất tích bí ẩn kéo theo chuỗi sự kiện kinh hoàng sau đó. Người quản lý dự án - Yu-mi, đành cầu cứu tiền bối cũ Myung-jin - một pháp sư có khả năng nghe thấy tiếng nói của quỷ dữ. Tại hiện trường, Myung-jin đã chạm trán với một thực thể tà ác vô cùng tàn bạo mà anh chưa từng nghĩ tới. Liệu Myung-jin có thể đánh bại được thế lực tà ác ấy và hạ gục được con quỷ đang ngự trị ngay bên trong mình?",96,2026-07-03,,ENDED,https://cdn.moveek.com/storage/media/cache/large/6a3b5629017a6991580343.webp,,,,,0,2
me-oi-ve-nha,Mẹ Ơi Về Nhà,,"Bị bỏ rơi tại Hàn Quốc từ nhỏ, Huy Hoàng (Lee Yi Kyung) quyết định ôm tro cốt người mẹ nuôi quá cố - Diễm Hạnh (Minh Hà) trở về Việt Nam tìm lại cội nguồn. Tại đây, anh tình cờ giải cứu Diễm My (Hoàng Yến Chibi), một nữ ca sĩ trẻ đang chật vật mưu sinh. Trốn chạy khỏi những hiểm nguy do gã bạn thân giang hồ Park Ha (Choi Daniel) kéo đến, cả hai bước vào hành trình trốn chạy đầy kịch tính để tự chữa lành và tìm lại chính mình.",98,2026-07-10,,ENDED,https://cdn.moveek.com/storage/media/cache/tall/6a41fb771346c894833871.webp,,,,,0,0
running-man-vietnam-2026-chua-te-thoi-gian,Running Man Vietnam 2026 - Chúa Tể Thời Gian,,"Con người chúng ta luôn cố gắng chạy đua, mơ một ngày trở thành Chúa tể Thời gian để được tự do trong dòng đời hối hả. Nhưng đâu biết rằng, ngay cả những Thần thú tối cao nắm giữ quyền cai quản vòng xoay của vạn vật cũng đang bất lực khi đặc ân nay hóa thành chiếc lồng trách nhiệm. Một cuộc đua siêu năng lực nghẹt thở sắp bắt đầu. Rốt cuộc, vương miện Chúa Tể Thời Gian có thực sự tồn tại?",125,2026-07-10,,ENDED,https://cdn.moveek.com/storage/media/cache/tall/6a4dbd56bdcc7550651937.webp,,,,,0,0
quy-bat-hon,Quỷ Bắt Hồn,,"Quang Tuấn tái xuất trong phim kinh dị Quỷ Bắt Hồn, nơi một gia đình tưởng chừng bình thường dần bị bao vây bởi những hiện tượng quỷ dị. Khi nỗi sợ không còn dừng lại ở cảm giác… mà trở thành thứ có thể nghe thấy, có thể gọi tên: “Đúng tháng đúng ngày, hồn về theo quỷ”.",103,2026-07-10,,ENDED,https://cdn.moveek.com/storage/media/cache/large/6a4dd99bcc52b142531347.webp,,,,,84,112
moana-live-action,Moana live action,,"Trong Moana, phiên bản live-action tái hiện lại cuộc phiêu lưu của Moana (Catherine Lagaʻaia) đáp lại tiếng gọi của đại dương và lần đầu tiên rời xa rạn san hô bao quanh hòn đảo Motunui để lên đường cùng á thần huyền thoại Maui (Dwayne Johnson) trong một hành trình phi thường nhằm khôi phục sự thịnh vượng cho dân tộc mình.",116,2026-07-10,,ENDED,https://cdn.moveek.com/storage/media/cache/large/691d98de235f2043644581.webp,,,,,100,7
ma-nu-oan-tinh,Ma Nữ Oán Tình,,"Mang theo những ám ảnh từ quá khứ, Malee - do Engfa thủ vai, trở về khu căn hộ gắn liền với tuổi thơ và tìm thấy tình yêu bên Pran – một nhà thực vật học đam mê nghệ thuật pha trà. Thế nhưng, sự xuất hiện của những mối quan hệ xung quanh Pran cùng những bí mật tưởng đã bị chôn vùi từ lâu dần làm xáo trộn mọi thứ. Khi một cái chết bất ngờ xảy ra, những sự thật đen tối dần dần được phơi bày.",96,2026-07-10,,ENDED,https://cdn.moveek.com/storage/media/cache/large/6a3b4d274b266451449629.webp,,,,,67,3
bang-dream-it-s-mygo-hou-bian-utau-puraninareruuta-film-live,BanG Dream It's MyGO Part 2: Giai Điệu Của Chúng Ta,,"Khi các thành viên dần hội tụ dưới cái tên MyGO!!!!!, những vết thương từ quá khứ vẫn chưa hoàn toàn khép lại. Những mâu thuẫn, lựa chọn và cảm xúc chưa thể gọi thành lời tiếp tục thử thách mối liên kết mong manh giữa họ. Liệu năm cô gái có thể tìm thấy nơi mình thuộc về và cất lên giai điệu thực sự của riêng mình?",120,2026-07-10,,ENDED,https://cdn.moveek.com/storage/media/cache/large/6a4bcfbf01b46330422463.webp,,,,,0,0
the-odyssey,The Odyssey,,"Bộ phim tiếp theo của Christopher Nolan, The Odyssey, là một sử thi hành động mang màu sắc thần thoại, được quay tại nhiều địa điểm trên khắp thế giới bằng công nghệ phim IMAX® hoàn toàn mới.

Phim The Odyssey theo chân Odysseus trong hành trình trở về nhà sau cuộc chiến thành Troy, tràn ngập thử thách như cuộc chạm trán của ông với Polyphemus, các nàng tiên cá, Circe và kết thúc bằng cuộc đoàn tụ với vợ mình, Penelope.",173,2026-07-17,,ENDED,https://cdn.moveek.com/storage/media/cache/large/68823ad21a1ee223926521.webp,,,,,97,62
guna-guna-istri-muda,Huyết Ngải Ái Tình,,"Angel, vợ lẻ trong gia đình tỉ phú Burhan, vì ghen tị với vợ chính là Vivian mà lên kế hoạch phá hoại cả gia đình Burhan.

Angel bắt cóc Leo, bạn trai cũ của ả, và uy hiếp mẹ của anh là thầy pháp Sumi phải luyện bùa ngải để phục vụ cho mục đích bệnh hoạn.

Lần lượt, từng thành viên trong nhà Burhan gặp những sự việc quái dị. Cháu trai của Burhan bị ả dùng bùa yêu mà quay lưng với Vivan; Burhan bị chơi ngải đến hóa điên như thú vật, còn Vivian thì bị Sumi chơi ngải khiến cho cô bị quỷ nhập xác mà sẵn sàng giết đứa con ruột của mình....",97,2026-07-17,,ENDED,https://cdn.moveek.com/storage/media/cache/large/6a5469602b9ab788485862.webp,,,,,0,0
dem-truy-sat,Đêm Truy Sát,,"Cuộc sống yên bình của cựu chiến binh sụp đổ khi cô con gái duy nhất bị một băng nhóm tội phạm bắt cóc. Để đưa con trở về, Nikki buộc phải lao vào thế giới ngầm đầy bạo lực, đối đầu với đường dây buôn người khét tiếng đang bị cả cảnh sát và quân đội săn lùng. Khi mọi giới hạn bị phá vỡ, một người mẹ sẽ trở thành cơn ác mộng của những kẻ dám động đến con mình.",91,2026-07-17,,ENDED,https://cdn.moveek.com/storage/media/cache/large/6a524a299916a922424495.webp,,,,,0,0
ac-tuong,Ác Tượng,,"Câu chuyện xoay quanh Phaeng, một nữ khảo cổ học phát hiện một pho tượng Phật gỗ cổ trong quá trình khai quật. Cùng thời điểm đó, hàng loạt vụ chết người bí ẩn xảy ra. Mỗi nạn nhân đều được phát hiện bên cạnh một tượng Phật gỗ cổ giống nhau. Vị hôn phu của cô là Ek, một thanh tra cảnh sát, được giao điều tra các vụ án. Ban đầu, cả hai cho rằng đây là những vụ giết người thông thường. Tuy nhiên, khi số người chết ngày càng tăng và các manh mối đều dẫn về những pho tượng gỗ cổ, họ phát hiện chúng có liên hệ với mộtnghi lễ cổ xưa liên quan đến hiến tế con người và một lời nguyền được truyền từ người này sang người khác như một dịch bệnh.",84,2026-07-17,,ENDED,https://cdn.moveek.com/storage/media/cache/large/6a48d9a5bb838641348026.webp,,,,,0,0
cong-vien-giai-thoat,Công Viên Giải Thoát,,"Phim theo chân một nhóm học sinh trung học thường xuyên bắt nạt cậu bạn cùng lớp tên Jod - một thiếu niên mắc chứng tự kỷ nhưng sở hữu trí tuệ phi thường. Để trêu chọc Jod, cả nhóm đưa cậu đến công viên nước bỏ hoang được đồn đại có ma ám. Tại đây, nhóm học sinh thử thách chơi trò trốn tìm, nhưng không ngờ Jod lại biến mất không dấu vết.",111,2026-07-24,,ENDED,https://cdn.moveek.com/storage/media/cache/large/6a4c716f58fd3483875893.webp,,,,,67,6
conan-movie-29-fallen-angel-of-the-highway,Conan Movie 29 (2026): Thiên Thần Sa Ngã Trên Xa Lộ,,"Nội dung phim Conan Movie 29 (2026): Thiên Thần Sa Ngã Trên Xa Lộ: Thám tử nhí Conan cùng Ran, Sonoko, Sera Masumi và Đội Thám Tử Nhí đến Yokohama dự Lễ hội Moto Kanagawa. Sự xuất hiện của ""Quái Xế Đen"" và mẫu moto công nghệ cao ""Angel"" mở ra một vụ án bí ẩn liên quan đến nữ cảnh sát Hagiwara Chihaya, kéo Conan vào cuộc truy tìm danh tính hung thủ và sự thật bị chôn vùi nhiều năm trước.",109,2026-07-24,,ENDED,https://cdn.moveek.com/storage/media/cache/large/6a2e2b5d24ab1113123094.webp,,,,,92,252
loi-nguyen-huyet-toc,Lời Nguyền Huyết Tộc,,"Là một trong những phim có doanh thu cao nhất nội địa Malaysia, bộ phim lấy bối cảnh những năm 1980 và lấy nguồn cảm hứng từ văn hoá dân gian Malaysia, đặc biệt là puja pantai (nghi lễ lâu đời ở các vùng ven biển Nusantara) vốn được thực hiện để xoa dịu linh hồn biển cả cầu mong bình an và thịnh vượng. Câu chuyện phim theo chân nhân vật Mawar. Cuộc sống của Mawar đảo lộn sau cái chết của chị gái và sự xuất hiện của các thế lực siêu nhiên ma quái. Cô cùng cha phải đối mặt với thế lực hắc ám để phơi bày bí mật đen tối và giải thoát khỏi lời nguyền gia tộc.",112,2026-07-24,,ENDED,https://cdn.moveek.com/storage/media/cache/large/6a54f18b83dcb350461223.webp,,,,,0,0
spider-man-4-brand-new-day,Người Nhện 4: Khởi Đầu Mới,,"Không còn Tony Stark, MJ hay Ned kề cận, Peter buộc phải đơn thân độc mã đối diện với phe đối đầu bí ẩn. Tuy nhiên, khi áp lực ngày càng gia tăng, nó kích hoạt một sự biến đổi thể chất bất ngờ, đe dọa chính sự tồn tại của anh. Đồng thời, một chuỗi tội phạm bí ẩn mới xuất hiện, kéo theo một trong những mối đe dọa mạnh mẽ nhất mà Spider-Man từng đối mặt.",145,2026-07-31,,ENDED,https://cdn.moveek.com/storage/media/cache/tall/6a545dce71636477839863.webp,,,,,89,178
xu-so-than-tien,Xứ Sở Thần Tiên,,"Trong đêm Giáng Sinh, hai anh em sinh đôi Alfie và Elise vô tình tìm thấy chiếc Đồng Hồ Ước Nguyện thần kỳ và bị cuốn vào một thế giới đầy âm nhạc, phép màu và những điều bất ngờ. Tại đây, Alfie và Elise gặp gỡ những người bạn kỳ lạ, khám phá sức mạnh của những điều ước và nhận ra rằng mỗi điều ước đều mang theo những điều nhiệm mầu không nghĩ tới. Liệu các em có thể học được bài học quan trọng và tìm đường trở về nhà trước khi đêm Giáng Sinh kết thúc? Hãy cùng bước vào hành trình vui nhộn, ngập tràn tiếng hát và phép màu trong Vùng Đất Ước Hẹn nhé!",93,2026-07-31,,ENDED,https://cdn.moveek.com/storage/media/cache/large/6a5f740c4ce1f209521431.webp,,,,,0,2
am-chuoi-phim-ngan-linh-di,Ám: Chuỗi Phim Ngắn Linh Dị,,"Ám: Chuỗi Phim Ngắn Linh Dị bao gồm ba tác phẩm: Hồng Y Oán kể về tấm vải may bộ áo dài bị ma ám khiến người mặc hứng chịu những vết cắt cho đến khi chiếc áo chuyển từ trắng sang đỏ, Nước Lặng xoay quanh hai anh em Thanh và Cang, khi cái chết bí ẩn cùng những thực thể ma quái kéo Cang chìm xuống làn nước đen và Người Hộ Tang kể về Thanh, một người hộ tang liên tục gặp những hiện tượng kỳ bí sau khi cán chết một con mèo đen.",37,2026-08-07,,ENDED,https://cdn.moveek.com/storage/media/cache/tall/6a6708c6b1124882417632.webp,,,,,0,1
ma-xuong-hom,Ma Xưởng Hòm,,"Sau khi từ bỏ khả năng nhìn thấy 5 người bạn ma để sống bình thường, Risa lại bị kéo vào vụ nhập xác bởi oán linh sinh ra từ bi kịch hôn nhân đẫm máu. Muốn cứu em gái trước khi bị chiếm xác hoàn toàn, cô phải trải qua 5 cái chết đau đớn để gặp lại những người bạn ma và kéo em trở về.",97,2026-08-07,,ENDED,https://cdn.moveek.com/storage/media/cache/tall/6a716f1c2c1a5521622743.webp,,,,,14,7
my-sassy-girl-2001,Cô Nàng Ngổ Ngáo,,"Sau một cuộc gặp gỡ đầy oái oăm trên chuyến tàu điện, Gyun-woo bất đắc dĩ bị cuốn vào cuộc sống của một cô gái xinh đẹp nhưng đầy bướng bỉnh. Những buổi hẹn hò dở khóc dở cười dần trở thành một chuyện tình ngọt ngào, nơi hai con người tưởng chừng chẳng thể hòa hợp lại lại dần tìm thấy những rung động chân thành dành cho nhau.",124,2026-08-07,,ENDED,https://cdn.moveek.com/storage/media/cache/large/32be3a9d9ebe77e7bab1f4580dbceb7303dba248.webp,,,,,0,0
thu-tinh-gui-ngoai,Thư Tình Gửi Ngoại,,"Tác phẩm lấy bối cảnh Trung Quốc, Thái Lan từ thập niên 1950 tới hiện tại, nói về cuộc đời của bà Diệp Thục Như (Ngô Thiếu Khanh đóng). Xuất thân tiểu thư, bà trốn nhà đi theo chàng trai nghèo Trịnh Mộc Sinh (Vương Ngạn Đồng đóng), sinh ba người con. Vì biến cố chính trị, ông Mộc Sinh phiêu bạt tới Thái Lan, ở đây làm lụng kiếm tiền gửi về cho vợ con. Trịnh Mộc Sinh đầu óc nhanh nhạy, giỏi kiếm tiền, trợ cấp đủ đầy cho gia đình và một lòng một dạ với vợ. Đôi vợ chồng gửi gắm tình yêu qua những lá thư. Một ngày, Diệp Thục Như nhận bức ảnh chồng bên một phụ nữ và những đứa trẻ kèm tin ông đã qua đời. Cháu của Diệp Thục Như trưởng thành, từ Trung Quốc tới Thái Lan tìm thân nhân của ông nội, từ đó mở ra câu chuyện ấm áp, giàu nghĩa tình sau những lá thư mà Trịnh Mộc Sinh gửi cho vợ.",117,2026-08-07,,ENDED,https://cdn.moveek.com/storage/media/cache/large/6a55e6565384c230557177.webp,,,,,94,35
umamusume-pretty-derby-khoi-dau-ky-nguyen-moi,Umamusume: Pretty Derby – Khởi Đầu Kỷ Nguyên Mới,,"Jungle Pocket (hay còn được gọi là Pokke) là một Umamusume tự do, nhiệt huyết, quyết tâm bước vào đấu trường Twinkle Series sau khi được truyền cảm hứng từ màn thể hiện thần sầu của Fuji Kiseki. Tại Tracen Academy, cô cùng huấn luyện viên kỳ cựu Tanabe hướng đến mục tiêu chinh phục Triple Crown - chuỗi ba cuộc đua danh giá mà mỗi Umamusume chỉ có thể tham gia duy nhất một lần trong đời. Trên đường đua, Pokke chạm trán với những đối thủ tài năng như Dantsu Flame, Manhattan Cafe và Agnes Tachyon. Mang theo niềm kiêu hãnh và khát vọng chiến thắng, họ tiến vào cuộc đua đầy kịch tính, nơi không chỉ vinh quang mà cả một kỷ nguyên mới đang chờ được mở ra.",108,2026-08-07,,ENDED,https://cdn.moveek.com/storage/media/cache/large/6a546a19bcbb5825391386.webp,,,,,100,3
paw-patrol-phim-khung-long,PAW Patrol: Phim Khủng Long,,"Trong một nhiệm vụ bất ngờ, con tàu của nhóm gặp bão lớn và rơi xuống một hòn đảo nhiệt đới hoang sơ – nơi khủng long vẫn đang sinh sống. Tại đây, các chú chó cứu hộ gặp Rex, một chú chó đã mắc kẹt trên đảo suốt nhiều năm và trở thành chuyên gia về khủng long. Nguy hiểm gia tăng khi Humdinger bắt đầu khai thác tài nguyên trái phép, vô tình đánh thức một ngọn núi lửa khổng lồ đang ngủ yên. Trước nguy cơ hòn đảo bị hủy diệt, PAW Patrol buộc phải thực hiện những nhiệm vụ cứu hộ có quy mô lớn và hiểm nguy hơn bất cứ điều gì họ từng đối mặt.",89,2026-08-14,,NOW_SHOWING,https://cdn.moveek.com/storage/media/cache/large/69f9578cb6c8a150431467.webp,,,,,100,6
ngay-tan-cua-pho-oak,Ngày Tàn Của Phố Oak,,"Sau khi một thảm họa thiên nhiên xé toạc Phố Oak khỏi khu ngoại ô và đưa con phố đến một nơi xa lạ, gia đình Platt nhanh chóng nhận ra rằng chỉ bằng cách luôn đứng bên nhau, họ mới có thể vượt qua vận mệnh nghiệt ngã này.",100,2026-08-14,,ENDED,https://cdn.moveek.com/storage/media/cache/large/69d5d3c555b78666299384.webp,,,,,63,8
agito-cuoc-chien-sieu-nang-luc,Agito: Cuộc Chiến Siêu Năng Lực,,"Ở thế giới nơi mà con người bắt đầu thức tỉnh những năng lực siêu nhiên, hậu quả kéo theo đó là sự hỗn loạn dần trở nên mất kiểm soát. Với ý chí sắt đá của mình, viên cảnh sát Makoto Hikawa sẽ là người dám đứng lên chiến đấu giữa thế giới đầy biến động này.",97,2026-08-14,,ENDED,https://cdn.moveek.com/storage/media/cache/large/6a4f12029fc36014256640.webp,,,,,0,0
diem-mu,Điểm Mù,,"Phát hiện người chị em song sinh qua đời bất thường dưới vỏ bọc tự sát, Seo-jin (Shin Min-A) quyết tâm dấn thân vào cuộc săn đuổi vạch mặt kẻ thủ ác. Đối mặt với căn bệnh di truyền đang rút cạn thị lực từng ngày và chính bản thân cô trở thành mục tiêu tiếp theo của kẻ sát nhân, hành trình giải mã ma trận tâm lý và truy lùng hung thủ của Seo-jin trở nên căng thẳng và nguy cấp hơn bao giờ hết.",105,2026-08-14,,ENDED,https://cdn.moveek.com/storage/media/cache/large/6a7442639cf87089399902.webp,,,,,0,0
shin-cau-be-but-chi-ky-ky-quai-quai-ky-nghi-yeu-quai-cua-to,Shin Cậu Bé Bút Chì: Kỳ Kỳ Quái Quái Kỳ Nghỉ Yêu Quái Của Tớ,,"Lấy bối cảnh mùa hè tại Akita, bộ phim theo chân Shin và gia đình Nohara trong chuyến về quê đầy háo hức. Tuy nhiên, một sự kiện kỳ lạ đã đưa cả gia đình lạc vào Xứ sở Yêu quái bí ẩn – nơi con người không được phép đặt chân tới.

Tại đây, Shin và gia đình phải đối mặt với những thử thách chưa từng có, đồng thời gặp gỡ hàng loạt yêu quái độc đáo, hài hước và đáng yêu. Với sự kết hợp giữa yếu tố phiêu lưu, kỳ ảo, hài hước đặc trưng của Shin-chan cùng những thông điệp gia đình ấm áp, bộ phim hứa hẹn mang đến một hành trình giải trí hấp dẫn cho khán giả ở mọi lứa tuổi trong mùa hè này.",101,2026-08-21,,NOW_SHOWING,https://cdn.moveek.com/storage/media/cache/large/6a322ae008124992810945.webp,,,,,91,11
nghi-he-so-nghi-huu,Nghỉ Hè Sợ Nghỉ Hưu,,"Diễn xuất chính: Huỳnh Lập và các diễn viên chủ chốt giữ phong độ rất tốt, dẫn dắt cảm xúc người xem mượt mà.
➖ Điểm trừ (Chê):
Tuyến phụ: Vai người quản trang và bộ ba thanh niên chăn bò diễn hơi đơ, mảng miếng hài hước ở đoạn này chưa tới, cảm giác hơi lạc nhịp.
Vai Bình (cháu ông Thời): Diễn xuất còn gượng. Tạo hình và nét diễn bị chững chạc, trưởng thành quá so với tính cách cần có của nhân vật.
Chốt lại: Phim có chút hạt sạn nhỏ ở tuyến phụ nhưng tổng thể vẫn là một tác phẩm chỉn chu, thông điệp nhân văn bùng nổ. Rất nên đi xem nha mọi người! 🇻🇳
Angevil Juny 7
08:19 18/08
Nội dung ok, nhịp dài dòng, diễn xuất chưa đạt lắm
Ngô Viết Gia Bảo 7
23:07 16/08
Nội dung về mặt ý nghĩa ổn nhưng hơi ôm đồm
Cấu trúc khá phức tạp và rối rắm
Đồ họa phân cảnh chiến tranh hơi đơn giản và có phần lạm dụng
OST là một điểm cộng
TommyGN 10
11:25 30/08
Phim hay quáaaaa, khóc ở rạp luôn😭
PHIM VIỆT SẮP CHIẾU
Án Mạng Xém Hoàn Hảo
Mẹ Mìn
Huyết Thống
Chị Chị Em Em 3
Án Mạng Karaoke
Bò Sữa Bay
Chuyến Đi Nhớ Đời
Người Được Chọn
Ngày Con Còn Mẹ
CÔNG TY TNHH MONET
Số ĐKKD: 0315367026 · Nơi cấp: Sở kế hoạch và đầu tư Tp. Hồ Chí Minh · Đăng ký lần đầu ngày 01/11/2018
Địa chỉ: 33 Nguyễn Trung Trực, P.5, Q. Bình Thạnh, Tp. Hồ Chí Minh
Về chúng tôi · Chính sách bảo mật · Hỗ trợ · Liên hệ · v8.1
ĐỐI TÁC",117,2026-08-21,,ENDED,https://cdn.moveek.com/storage/media/cache/large/6a5dacda12b0e813696250.webp,,,,,90,177
insidious-out-of-the-further,Insidious 6: Quỷ Quyệt Ranh Giới Vô Định,,"Gemma, một người mẹ trẻ đang nuôi con gái trong chính ngôi nhà nơi mình từng lớn lên, phát hiện cô có thể du hành vào The Further — một cõi không gian siêu nhiên — nơi cô sở hữu khả năng đưa những thực thể tồn tại ở đó trở về thế giới thực.",106,2026-08-21,,ENDED,https://cdn.moveek.com/storage/media/cache/large/69ddb1c604bef651486876.webp,,,,,68,19
quy-moc-mat,Quỷ Móc Mắt,,"Phim theo chân Deana (Mim Rattanawadee Wongthong) - cô gái trẻ vừa kết hôn với Anas (Euro Yotsawat Tawapee). Sau khi mất tích suốt hai ngày trong khu rừng Budo, Deana trở về với những biểu hiện kỳ lạ. Từ một người vợ hiền lành, cô dần trở nên hung bạo, điên cuồng tấn công tất cả mọi người trong nhà. Anas buộc phải đưa ra quyết định đau đớn nhất khi tự tay nổ súng bắn chính người vợ của mình để kết thúc thảm kịch.

 

Tuy nhiên, cái chết của Deana trở thành nỗi ám ảnh không thể nguôi ngoai với Anas, anh tin rằng linh hồn Deana vẫn còn bị mắc kẹt trong thế giới của Djinn - một khái niệm trong tín ngưỡng Hồi giáo, nơi các linh hồn con người bị giam giữ ở chiều không gian song song. Anas quyết tâm bước vào khu rừng Budo một lần nữa để đưa linh hồn vợ trở về, tuy nhiên việc dấn thân vào cõi giới của Djinn khiến Anas phải đối mặt với cái giá khủng khiếp cho lựa chọn của mình.",98,2026-08-21,,ENDED,https://cdn.moveek.com/storage/media/cache/large/6a716ea55a3d2824462810.webp,,,,,0,3
coi-bao-tu,Còi Báo Tử,,"Một nhóm học sinh cá biệt vô tình nhặt được một cổ vật Aztec bị nguyền rủa. Mỗi khi tiếng còi ám ảnh ấy cất lên, nó không chỉ xé tan không gian bằng âm thanh rợn người, mà còn đánh thức và triệu hồi chính ""cái chết trong tương lai"" của từng người tìm đến đi săn họ. Liệu nhóm bạn có thể giải mã bí ẩn của lời nguyền trước khi từng người một phải đối mặt với kết cục thảm khốc của chính mình?",100,2026-08-21,,ENDED,https://cdn.moveek.com/storage/media/cache/tall/6a852ba60d1d4560847852.webp,,,,,0,0
harry-potter-and-the-sorcerer-s-stone,Harry Potter Và Hòn Đá Phù Thủy,,"Sau cái chết đầy bi kịch của James và Lily Potter, Harry, con của họ, được giáo sư Albus Dumbledore gửi cho dì và dượng nó, ông bà Dursley kèm với một bức thư giải thích mọi chuyện. Tuy nhiên gia đình Dursley lại là những con người rất căm ghét phép thuật và những điều kì bí, vì vậy họ luôn ngược đãi cậu bé. Harry lớn lên mà không được biết chút gì về chính mình và cha mẹ mình, ngoại trừ câu chuyện bịa đặt của gia đình Dursley rằng họ đã chết trong một tai nạn xe hơi. Vào ngày sinh nhật thứ 11 của Harry, một người lai khổng lồ là Rubeus Hagrid đã đến tìm cậu bé để đưa cậu về trường Phép thuật và Ma thuật Hogwarts. Lúc này, Harry mới được biết rằng mình là một phù thủy và khám phá ra một phần của câu chuyện về cha mẹ mình, rằng họ đã bị Voldemort - Kẻ-mà-ai-cũng-biết-là-ai-đấy hay Kẻ-chớ-gọi-tên-ra, pháp sư Hắc ám lớn nhất trong lịch sử, sát hại. Nhưng hắn đã thất bại trong việc hủy diệt Harry, thay vào đó là tự làm tiêu tán sức mạnh của mình. Vì vậy mà cậu bé - Kẻ-sống-sót - trở thành một vị anh hùng trong Thế giới Pháp thuật. Harry đến học ở trường Hogwarts, nơi mà giáo sư Dumbledore là hiệu trưởng. Sau buổi phân loại với Chiếc nón Phân Loại, cậu được xếp vào nhà Gryffindor cùng với hai người bạn tốt là Ronald Weasley và Hermione Granger. Tuy nhiên, năm học đầu tiên của cậu không diễn ra một cách suôn sẻ. Harry và các bạn đã khám phá ra những điều bí mật nguy hiểm...",166,2026-08-26,C,ENDED,https://cdn.moveek.com/storage/media/cache/large/WpEOegYm37.webp,,,,,100,2
ho-linh-trang-si-bi-an-mo-vua-dinh-rut-gon,Hộ Linh Tráng Sĩ: Bí Ẩn Mộ Vua Đinh (Rút Gọn),,"Bộ phim huyền sử về hành trình của 7 Hộ Linh Tráng Sĩ trong nhiệm vụ cuối cùng Tiên Đế giao. Họ phải chạy đua với thời gian, đối đầu với các thế lực thù địch, đưa 99 quan tài của Đinh Tiên Hoàng Đế đi theo 7 hướng khác nhau, đánh lừa kẻ thù đang rắp tâm phá hoại lăng mộ - nơi được tin là cội nguồn vượng khí của dân tộc. Nhưng điều gì ẩn giấu trong những chiếc quan tài ấy? Liệu đó chỉ là thi hài của vị Hoàng đế đầu tiên, hay còn một bí mật lớn lao hơn mà 7 Tráng sĩ đã thề chết để bảo vệ?",135,2026-08-28,,NOW_SHOWING,https://cdn.moveek.com/storage/media/cache/tall/6a94e9785e7c9124010945.webp,,,,,79,19
tau-buon-nguoi,Tàu Buôn Người,,"Mutiny (Tàu Buôn Người) kể về Cole Reed do Jason Statham thủ vai, sau khi tận mắt chứng kiến ông chủ tỷ phú của mình bị sát hại và bản thân trở thành kẻ thế thân bị vu oan, Cole Reed (Jason Statham) đã đột nhập lên một con tàu chở hàng để bắt đầu hành trình truy tìm sự thật và trả thù cho vị sếp cũ. Tuy nhiên, chuyến đi đơn độc này lại đẩy anh vào nguy hiểm khi Cole vô tình bóc trần một âm mưu quốc tế quy mô và cực kỳ nguy hiểm.",95,2026-08-28,,NOW_SHOWING,https://cdn.moveek.com/storage/media/cache/large/6a7d4eeb34594312304691.webp,,,,,64,11
chiikawa-bi-mat-dao-nguoi-ca,Chiikawa: Bí Mật Đảo Người Cá,,"Bộ ba Chiikawa, Hachiware và Usagi nhận được một lời mời tham gia chuyến đi đến hòn đảo đặc biệt với những phần thưởng và đồ ăn miễn phí. Cả nhóm cùng lên đường phiêu lưu ra đảo cùng với nhân vật Rakko – người vốn mang lòng hoài nghi về những lời hứa hẹn trong tờ rơi. Hòn đảo tưởng chừng vui vẻ này lại ẩn chứa nhiều điều kỳ bí và bí mật lâu đời liên quan đến người cá.",99,2026-08-28,,NOW_SHOWING,https://cdn.moveek.com/storage/media/cache/large/6a7d4f3d4338e717349594.webp,,,,,85,20
quy-tu-vuot-giau,Quý Tử Vượt Giàu,,"Quý Tử Vượt Giàu xoay quanh gia đình ông Phát, bà Diệp và cậu con trai duy nhất Phú Quý. Để nuôi dạy con cái trưởng thành theo đúng ý mình, vợ chồng Phát - Diệp liên tục gây hoang mang khi tạo ra một cuộc sống lẫn lộn giữa giàu và nghèo, thật và giả. Thế nhưng, khi Phú Quý lớn lên với những lựa chọn khác với kỳ vọng của ba mẹ, hàng loạt tình huống dở khóc dở cười liên tiếp xảy ra, kéo theo những bí mật chưa từng được hé lộ. Ẩn sau màu sắc hài hước là câu chuyện về tình thân, khoảng cách thế hệ và hành trình để ba mẹ lẫn con cái học cách lắng nghe, thấu hiểu nhau.",118,2026-08-28,,ENDED,https://cdn.moveek.com/storage/media/cache/tall/6a7bfad989660368179051.webp,,,,,64,25
ho-linh-trang-si-bi-an-mo-vua-dinh,Hộ Linh Tráng Sĩ: Bí Ẩn Mộ Vua Đinh,,"Bộ phim huyền sử về hành trình của 7 Hộ Linh Tráng Sĩ trong nhiệm vụ cuối cùng Tiên Đế giao. Họ phải chạy đua với thời gian, đối đầu với các thế lực thù địch, đưa 99 quan tài của Đinh Tiên Hoàng Đế đi theo 7 hướng khác nhau, đánh lừa kẻ thù đang rắp tâm phá hoại lăng mộ - nơi được tin là cội nguồn vượng khí của dân tộc. Nhưng điều gì ẩn giấu trong những chiếc quan tài ấy? Liệu đó chỉ là thi hài của vị Hoàng đế đầu tiên, hay còn một bí mật lớn lao hơn mà 7 Tráng sĩ đã thề chết để bảo vệ?",155,2026-08-28,,ENDED,https://cdn.moveek.com/storage/media/cache/tall/6a70a700e2d22435196175.webp,,,,.,66,29
charlie-the-wonderdog,Siêu Chó Đạp Gió Đón Lễ,,"Charlie – chú chó cưng đáng yêu của Danny – bất ngờ bị người ngoài hành tinh bắt cóc và trao cho những siêu năng lực đặc biệt. Nhưng Charlie không phải là “siêu thú” duy nhất trong khu phố khi Puddy – chú mèo tinh quái nhà bên – cũng sở hữu những năng lực phi thường.

Cuộc đối đầu giữa hai “siêu thú” mở ra hàng loạt tình huống hài hước, bất ngờ và đầy thú vị, đồng thời mang đến những khoảnh khắc đáng yêu về tình bạn, tình cảm gia đình và tình yêu dành cho các loài vật. Liệu Charlie có thể làm chủ sức mạnh mới và vượt qua những thử thách đang chờ đợi phía trước?",95,2026-08-28,,ENDED,https://cdn.moveek.com/storage/media/cache/large/6a76c69daee60224108055.webp,,,,,0,0
mot-dem-duy-nhat,Một Đêm Duy Nhất,,"Sẽ ra sao nếu một đêm hỗn độn lại trở thành điều tuyệt vời nhất từng xảy ra trong đời bạn? Allie và Owen, hai kẻ xa lạ đang ""đói khát"" tình yêu, vô tình va vào nhau giữa lòng New York phiên bản được hư cấu đôi chút, vào đúng đêm duy nhất trong năm hội độc thân được phép ""làm chuyện ấy"". Chàng trai Owen vừa bị đá và cô nàng Allie mộng mơ có lẽ là hai kẻ độc thân duy nhất trong thành phố đang tìm kiếm điều gì đó ý nghĩa hơn là một cuộc tình chóng vánh. Cả hai dường như đã rung động ngay từ lần đầu gặp gỡ, nhưng hàng loạt tình huống dở khóc dở cười cùng những rắc rối phát sinh càng khiến đêm hôm đó trở nên phức tạp và đẩy họ ra xa nhau. Trong lúc mải miết đuổi theo rồi lại vuột mất nhau khắp thành phố, Owen và Allie dần nhận ra rằng, có lẽ điều bản thân khao khát nhất thực chất lại ở gần hơn họ tưởng",103,2026-09-04,,ENDED,https://cdn.moveek.com/storage/media/cache/large/6a7d4fb5743f2609652214.webp,,,,,0,0
hanh-trinh-bat-hao,Hành Trình Bất Hảo,,"Bị bóp nghẹt bởi nỗi đau mất đi đứa con gái út, bốn mẹ con quyết tâm thực hiện kế hoạch bắt cóc kẻ giết người vừa được tại ngoại sau 8 năm thụ án. Chuyến du lịch ‘chữa lành’ sẽ là chứng cứ ngoại phạm hoàn hảo hay sẽ là hành trình đầy sóng gió cho những “sát thủ nghiệp dư”?",111,2026-09-04,,ENDED,https://cdn.moveek.com/storage/media/cache/large/6a805cee26f85940985298.webp,,,,,0,0
hope-vung-tu-dia,Hope Vùng Tử Địa,,"Tại Hope Harbor, một ngôi làng hẻo lánh nằm gần khu vực phi quân sự, cảnh sát trưởng Bum-seok đã nhận được tin báo khẩn cấp từ người dân địa phương về sự xuất hiện của một con hổ. Khi cả ngôi làng chìm trong hoảng loạn, Bum-seok ngỡ ngàng khi phát hiện một sự thật nằm ngoài sức tưởng tượng của con người.",157,2026-09-04,,ENDED,https://cdn.moveek.com/storage/media/cache/large/6a828ab9116d0875214753.webp,,,,,67,9
ghost-in-the-cell,Ma Tù,,"Một tù nhân bí ẩn xuất hiện trong một nhà tù khét tiếng bạo lực nhất Indonesia, mang theo một thực thể siêu nhiên chỉ săn lùng những kẻ có năng lượng tiêu cực. Để sống sót, các tù nhân buộc phải cùng nhau làm việc thiện nhằm xóa bỏ bóng tối trong tâm hồn. Hoặc chết từng người một.",104,2026-09-04,,ENDED,https://cdn.moveek.com/storage/media/cache/large/6a828b26c2e99269275558.webp,,,,,100,5
bat-tien-truy-tim-luu-ly-dang,Bát Tiên Truy Tìm Lưu Ly Đăng,,"Tám phàm nhân với tám giấc mộng đổi đời đã thực hiện một phi vụ liều lĩnh: đột nhập chốn Bồng Lai để đánh cắp bảo vật. Những tưởng trộm được bảo vật của Tam Tinh là có thể giúp họ một bước đổi vận, nhưng cả nhóm lại vô tình bị cuốn vào âm mưu đen tối chốn Thiên Đình. Khi bí mật dần hé lộ và kẻ thù thực sự xuất hiện, tám con người ""chẳng có thần thông cũng không mang pháp lực"" buộc phải đối đầu với vị thần tiên đầy quyền năng. Từ những kẻ vô danh chỉ muốn thay đổi số phận, họ bất đắc dĩ trở thành những người nắm giữ vận mệnh Tam Giới. Hành trình hài hước về những con người bé nhỏ dám làm nên chuyện lớn đã đưa Bát Tiên! Truy Tìm Lưu Ly Đăng trở thành phim hoạt hình Trung Quốc có doanh thu cao nhất năm 2026 và lọt top 4 phim hoạt hình có doanh thu phòng vé cao nhất mọi thời đại.",144,2026-09-11,,NOW_SHOWING,https://cdn.moveek.com/storage/media/cache/large/6a8badaa6e355364117079.webp,,,,,100,4
mai-no-mot-loi-tam-biet,Mãi Nợ Một Lời Tạm Biệt,,"Một tuổi thơ bị bỏ lại giữa những biến động. Một người bà vẫn ở lại trong ký ức. Một người đàn ông trưởng thành nhưng chưa từng thật sự bước ra khỏi quá khứ. Mãi Nợ Một Lời Tạm Biệt là hành trình Daniel tìm lại những mảnh ký ức đã mất, để đối diện với gia đình, mất mát và điều anh chưa kịp nói lời tạm biệt.",120,2026-09-11,,ENDED,https://cdn.moveek.com/storage/media/cache/large/6a716fa5523e9146131888.webp,,,,,0,0
practical-magic-2,Bùa Yêu: Bí Mật Gia Tộc,,"Với sự góp mặt của Sandra Bullock và Nicole Kidman, Bùa Yêu: Bí Mật Gia Tộc đưa khán giả đến thế giới phép thuật đầy mê hoặc, nơi những bí ẩn dưới ánh trăng và sức mạnh ma thuật gia truyền vẫn luôn hiện hữu. Lần này, hai chị em nhà Owens phải cùng nhau đối mặt với một lời nguyền đen tối đang đe dọa chia cắt gia đình mãi mãi. Một cuộc phiêu lưu ngập tràn phép thuật, hài hước và những tình huống đầy hỗn loạn đang chờ đón khán giả trên màn ảnh rộng.",130,2026-09-11,,ENDED,https://cdn.moveek.com/storage/media/cache/large/6a98eb2de7fbc640261836.webp,,,,,0,1
co-thuat-hac-ngai,Cổ Thuật Hắc Ngải,,"Cổ Thuật Hắc Ngải là bộ phim kinh dị hợp tác giữa Thái Lan và Malaysia, lấy cảm hứng từ những nghi thức trù ếm, bùa ngải và tà thuật hắc ám bí ẩn bậc nhất châu Á. Phim theo chân một nhóm YouTuber chuyên khám phá các hiện tượng siêu nhiên tại Thái Lan. Thế nhưng, một chuyến ghi hình tưởng chừng vô hại lại vô tình đánh thức lời nguyền chết chóc, buộc cả nhóm phải chạy đua với thời gian để tìm đến một pháp sư trước khi trở thành những nạn nhân tiếp theo. Đặc biệt, bộ phim đánh dấu màn lột xác của Kao Supassara – ""tình đầu Thái Lan"" – trong một vai diễn hoàn toàn mới, kết hợp cùng Philip Keung, hứa hẹn mang đến một siêu phẩm kinh dị nặng đô, đậm màu sắc tà thuật và văn hóa bùa ngải Đông Nam Á.",86,2026-09-11,,ENDED,https://cdn.moveek.com/storage/media/cache/tall/6a9e27b53b9ae975137184.webp,,,,,0,0
len-huong,Lên Hương,,"Một bà chủ của trại hòm ế ẩm và một thanh niên cần tiền trang trải cuộc sống đã vô tình mắc vào một “giao kèo định mệnh"".
Một người cố giữ nghề, một người cố cứu mạng người mẹ đang bệnh nặng, mở ra bí mật về món nợ đã chôn vùi suốt nhiều năm.",121,2026-09-14,,NOW_SHOWING,https://cdn.moveek.com/storage/media/cache/large/6a853e8a30eb9190551086.webp,,,,,87,15
vung-dat-quy-du-2026,Vùng Đất Quỷ Dữ 2026,,"Một phiên bản Resident Evil mới trở lại đầy kịch tính và kinh hoàng từ bộ óc quái kiệt của đạo diễn Zach Cregger đứng sau “Weapons” & “Barbarian”. Với cốt truyện hoàn toàn mới, phim xoay quanh Bryan (Austin Abrams), một nhân viên vận chuyển vật tư y tế vô tình bị cuốn vào cuộc chạy đua sinh tồn nghẹt thở và dồn dập trong một đêm định mệnh. Liên tiếp chuyện kinh hoàng bất ngờ đẩy anh vào giữa vòng xoáy hỗn loạn.",94,2026-09-18,,NOW_SHOWING,https://cdn.moveek.com/storage/media/cache/large/6a98ed3d527ec952441120.webp,,,,,57,7
bong-ma-nha-hat,Bóng Ma Nhà Hát,,"Tuấn, một chuyên viên bất động sản đầy tham vọng, được giao nhiệm vụ vực dậy một nhà hát cũ trong vòng một tháng để giữ vững sự nghiệp. Tại đây, anh phát hiện nơi này bị ám bởi Nhã – một nữ diễn viên chết oan chưa thể siêu thoát. Nhờ tài marketing, Tuấn và người cộng sự đã giúp nhà hát nhanh chóng cháy vé, nhưng sự xuất hiện của Phong - tình cũ của Nhã khiến mọi chuyện đảo lộn.  Tưởng như mất tất cả, nhưng Tuấn đã cùng tất cả mọi người trong nhà hát tạo nên một thương vụ thế kỷ giữa người và ma và cứu lấy Nhà Hát Vàng Son",97,2026-09-18,,NOW_SHOWING,https://cdn.moveek.com/storage/media/cache/tall/6aa3a066c7afd223776710.webp,,,,,100,2
te-nhi-cai-menh,Tế Nhi Cải Mệnh,,"Vì nợ cờ bạc chồng chất, Chấn Khải cùng vợ Nam Tương và gia đình buộc phải chuyển nhà để trốn chủ nợ. Trong bước đường cùng, anh tìm đến tà thuật cấm kỵ, thậm chí hiến tế vận mệnh của con trai để đổi lấy tiền bạc.

Tiền vừa đến tay, tai họa cũng ập đến khi cả gia đình liên tiếp gặp những hiện tượng kinh hoàng. Một chàng trai có năng lực tâm linh phát hiện oán khí từ nghi lễ hiến tế, hé lộ bí mật đáng sợ phía sau.

Nghi thức máu đã bắt đầu và tai kiếp giờ đây không thể tránh khỏi",104,2026-09-18,,ENDED,https://cdn.moveek.com/storage/media/cache/large/6aa224ca82fea928742477.webp,,,,,0,0
yeu-nhan-than-tham-ky-an-truong-an,Yêu Nhân Thần Thám: Kỳ Án Trường An,,"Giữa Trường An tráng lệ và kỳ ảo dưới triều Đường, nơi những cỗ máy cơ khí tinh xảo hòa quyện cùng mái ngói cong vút, con người và yêu quái cùng chung sống. Địch Thiếu, thiếu niên thiên tài luôn mơ ước trở thành “Đại Thám Tử Số Một Trường An”, sở hữu khả năng suy luận sắc bén cùng tài ăn nói hơn người. Đồng hành cùng cậu là A Sa, tân binh yêu sói của đội tuần tra, giỏi võ nhưng mang trong mình trái tim lương thiện. Một vụ án mạng bí ẩn bất ngờ khiến đôi oan gia này phải hợp tác. Vừa đấu khẩu, vừa phối hợp phá án, cả hai dấn thân vào hành trình điều tra đầy bất ngờ và hiểm nguy. Khi mọi manh mối đều dẫn về trung tâm Trường An, liệu họ có thể bảo vệ sự bình yên của thành? Và đằng sau vẻ phồn hoa của Trường An đang ẩn giấu bí mật kinh thiên động địa nào?",117,2026-09-18,,ENDED,https://cdn.moveek.com/storage/media/cache/large/6a98ecc53ecca387534400.webp,,,,,100,1
ta-su-sam-hoi,Tà Sư Sám Hối,,"Bị dồn vào bước đường cùng bởi những bất công và sự bất lực của luật pháp, Tor, từ một người tu hành, đã quyết định vứt bỏ đức tin để sa chân vào thế giới tà thuật đen tối. Anh lập huyết ước với một thầy pháp quyền năng, tu luyện cấm thuật và nuôi dưỡng một ác linh chết chóc để gieo rắc nỗi hận thù lên những kẻ đã hãm hại mình. Nhưng Tor không ngờ rằng, càng lún sâu vào thế giới tâm linh, anh càng bị các thế lực hắc ám thao túng. Những bí mật kinh hoàng dần được phơi bày, kéo theo một bản án tàn khốc vượt xa mọi trí tưởng tượng. Tác phẩm được lấy cảm hứng từ hiện tượng tâm linh từng làm khuynh đảo The Ghost Radio với hơn 8 triệu lượt theo dõi.",126,2026-09-18,,ENDED,https://cdn.moveek.com/storage/media/cache/large/6a8fb8607b149104233233.webp,,,,,0,0
trai-buon-nguoi,Trại Buôn Người,,"Vì cứu em gái sa bẫy buôn người ở vùng biên giới, Ny (Steven Nguyễn) cùng bạn thân bị bắt làm nô dịch trong sào huyệt lừa đảo tàn bạo. Tại đây, họ cùng các trinh sát nằm vùng và các nạn nhân hứng chịu bi kịch thể xác âm thầm lập kế hoạch trốn thoát.",135,2026-09-25,,NOW_SHOWING,https://cdn.moveek.com/storage/media/cache/large/6ab9e4f27f7eb775448978.webp,,,,,97,59
ut-lan-2,Út Lan 2,,"Từ lúc một con rắn hai đầu xuất hiện, ngôi làng ven sông liên tiếp xảy ra những cái chết bí ẩn. Khi những bí mật bị lãng quên dần trồi lên mặt nước, người dân nhận ra có những lời nguyền chưa bao giờ thực sự biến mất.",107,2026-09-25,,NOW_SHOWING,https://cdn.moveek.com/storage/media/cache/tall/6aa3a03fbe122916480363.webp,,,,,57,7
avengers-4-endgame,Avengers: Hồi Kết - Phiên Bản Đặc Biệt,,"Phần kết hoành tráng của Infinity Saga sẽ trở lại rạp chiếu với Avengers: Hồi Kết - Phiên Bản Đặc Biệt vào ngày 25/09/2026. Sau những sự kiện thảm khốc khiến một nửa dân số thế giới biến mất, những người hùng còn lại phải vật lộn để tiếp tục cuộc sống. Cuối cùng, họ buộc phải hợp sức để khôi phục trật tự và sự cân bằng cho vũ trụ, đồng thời đưa những người thân yêu trở về trong cuộc đối đầu đầy kịch tính với Thanos.",183,2026-09-25,,NOW_SHOWING,https://cdn.moveek.com/storage/media/cache/large/5cb85d9da5133016977594.webp,,,,,94,471
forgotten-island,Hòn Đảo Quên Lãng,,"Lấy bối cảnh những năm 1990, Hòn Đảo Quên Lãng kể về Jo và Raissa, đôi bạn thân thời tiểu học đang đứng trước ngưỡng cửa chia xa khi Raissa quyết định rời Philippines sang Mỹ du học. Tuy vậy, trong đêm cuối cùng ở bên nhau, Jo và Raissa tình cờ phát hiện một cánh cổng bí ẩn đưa họ đến hòn đảo kỳ ảo Nakali – nơi tràn ngập những sinh vật thần thoại và phép thuật trong văn hóa dân gian Philippines. Tại đây, họ vừa gặp được những người bạn đồng hành, vừa phải đối mặt với không ít mối đe dọa. Cùng với chú chó sói vụng về nhưng tốt bụng Raww và một nhóm bạn nhỏ nhưng ""có võ"", Jo và Raissa phải đối mặt với sinh vật đáng sợ nhất trên đảo - The Dreaded Manananggal. Khi nhận ra rằng cái giá để trở về nhà chính là toàn bộ ký ức về tình bạn của mình, hai cô bé phải chạy đua với thời gian để thoát khỏi hòn đảo trước khi họ quên mất nhau mãi mãi.",109,2026-09-25,,NOW_SHOWING,https://cdn.moveek.com/storage/media/cache/large/69ca380153816288909417.webp,,,,,100,1
phao-hoa-luc-binh-minh,Pháo Hoa Lúc Bình Minh,,Bộ phim hoạt hình Pháo Hoa Lúc Bình Minh (A New Dawn) kể về hành trình trưởng thành của ba người trẻ tìm cách đối diện với quá khứ và tương lai khi xưởng pháo hoa truyền thống Obinata hơn 300 năm tuổi của gia đình đứng trước nguy cơ bị xóa sổ.,75,2026-09-25,,NOW_SHOWING,https://cdn.moveek.com/storage/media/cache/large/6a98ee91298f2106643730.webp,,,,,100,1
trai-tim-quai-thu,Trái Tim Quái Thú,,"Sau một vụ tai nạn máy bay kinh hoàng, sĩ quan Lực lượng Đặc nhiệm James Belmont (Brad Pitt) và chú chó chiến đấu Odin bị mắc kẹt giữa vùng hoang dã sâu thẳm của Alaska. Từ đó, họ buộc phải cùng nhau bước vào cuộc chiến sinh tồn khốc liệt trước thiên nhiên khắc nghiệt. Từ đạo diễn danh tiếng David Ayer, Trái Tim Quái Thú là một bộ phim phiêu lưu đầy căng thẳng, khai thác mối gắn kết không thể tách rời giữa một người đàn ông và người bạn thân thiết nhất của mình, khi cả hai phải đối mặt với trận chiến lớn nhất cuộc đời.",101,2026-10-02,,NOW_SHOWING,https://cdn.moveek.com/storage/media/cache/large/6a538be95e054699735537.webp,,,,,50,2
quyet-cua-anh-nay,Quyết Cua Anh Này,,"Henry là một anh chàng tốt bụng, yêu động vật nhưng mắc một căn bệnh kỳ lạ: cứ mỗi sáng thức dậy, anh lại chẳng nhớ gì về những chuyện đã xảy ra ngày hôm trước. Hãy cùng đón xem câu chuyện Lucy làm quen Henry lại mỗi ngày.",115,2026-10-02,,NOW_SHOWING,https://cdn.moveek.com/storage/media/cache/large/6ab21dc1e840c386942482.webp,,,,,0,0
scotty-giai-cuu-hoang-thuong,Scotty Giải Cứu Hoàng Thượng,,"Scotty - một chú mèo hoang vốn quen sống trong lãnh địa của mình bất ngờ bị kéo vào cuộc phiêu lưu bất đắc dĩ cùng Katie, một cô mèo nhà. Đến từ hai thế giới khác biệt, Boss hạng sang và Mèo hạng xoàng học cách cùng nhau vượt qua muôn vàn hiểm nguy. Sau hành trình ấy, cả hai dần gắn kết và hiểu được ý nghĩa thật sự của nơi gọi là nhà.",80,2026-10-02,,NOW_SHOWING,https://cdn.moveek.com/storage/media/cache/tall/6ab4eb4a27298182568111.webp,,,,,0,0
than-su-chung-quy-linh-gioi-dai-chien,Thần Sư Chung Quỳ: Linh Giới Đại Chiến,,"Suốt nhiều thế hệ, gia tộc Chung Quỳ luôn giữ gìn hòa bình giữa loài người và yêu quái. Sau khi được vị thợ săn yêu huyền thoại cứu mạng và đưa xuống âm giới, cô gái phàm trần Sơ Cửu gặp gỡ những người bạn kỳ lạ: một vị thần có năng lực tâm linh, một bà chủ hiền hậu và hai hộ vệ ngốc nghếch. Quyết tâm bái vị thợ săn yêu làm sư phụ, cô kề vai chiến đấu cùng anh và dần nhận được sự công nhận. Thế nhưng, lũ yêu quái ngày càng trở nên nguy hiểm và đằng sau chúng là một âm mưu có thể phá hủy sự cân bằng giữa cả hai thế giới.",96,2026-10-02,,NOW_SHOWING,https://cdn.moveek.com/storage/media/cache/large/6ab38c2b78c81246030367.webp,,,,,0,1
an-mang-xem-hoan-hao,Án Mạng Xém Hoàn Hảo,,"Trinh, cô nàng TikToker ngôn tình triệu view, tỉnh dậy giữa phim trường lạnh lẽo với cái đầu đau như búa bổ, mất trí nhớ và phát hiện xác của Yến (diễn viên) – tình địch đang bị nghi ngờ có gì mờ ám với diễn viên Khang (chồng sắp cưới). Đại (thám tử) được Trinh thuê theo dõi vụ ngoại tình lẻn vào giúp thì vấp ngã để lại dấu vân tay lên tử thi và vô tình bị bảo vệ bắt quả tang. Kể từ đây, liên tiếp những tình huống oái oăm mà cặp đôi “đũa lệch” phải đối mặt: chạy trốn khỏi cảnh sát dí sát gót và sát thủ rình rập, vừa cãi nhau tóe khói vừa phá án. Song Song đó, cả hai vô tình lật tẩy bí mật động trời của showbiz",124,2026-10-09,,NOW_SHOWING,https://cdn.moveek.com/storage/media/cache/large/6a8d5b4137e8c939819537.webp,,,,,0,0
nguoi-me-khac,Người Mẹ Khác,,"Người Mẹ Khác theo chân Bela, cô bé 8 tuổi đang phải chứng kiến cuộc hôn nhân của cha mẹ dần tan vỡ. Giữa bầu không khí căng thẳng trong gia đình, một thực thể bí ẩn xuất hiện từ chiếc tủ quần áo trong phòng ngủ và bắt đầu ám ảnh cả ngôi nhà. Bela gọi nó là ""Người Mẹ Khác"", bởi sinh vật ấy mang gương mặt giống hệt mẹ ruột của mình. Khi ranh giới giữa người thân và thế lực tà ác dần bị xóa nhòa, cô bé buộc phải đối mặt với cơn ác mộng kinh hoàng ngay trong chính ngôi nhà của mình.",93,2026-10-09,,COMING_SOON,https://cdn.moveek.com/storage/media/cache/large/6a62f2343b810171327890.webp,,,,,0,0
blue-lock-cuoc-chien-cua-nhung-tien-dao,Blue Lock: Cuộc Chiến Của Những Tiền Đạo,,"Nội Dung Phim Theo chân 300 cầu thủ bóng đá trung học tham gia những vòng tuyển chọn khắc nghiệt tại một cơ sở huấn luyện bí mật, nơi chỉ một người duy nhất có thể vươn lên trở thành tiền đạo xuất sắc nhất thế giới, còn những người bị loại sẽ bị cấm thi đấu cho Đội tuyển Quốc gia Nhật Bản. Bộ truyện tranh bán chạy hàng đầu Blue Lock được chuyển thể thành Live action.",127,2026-10-09,,COMING_SOON,https://cdn.moveek.com/storage/media/cache/large/6abb62dd10106423857845.webp,,,,Nhật Bản. Bộ truyện tranh bán chạy hàng đầu Blue Lock được chuyển thể thành Live action.,0,0
street-fighter,Street Fighter,,"Lấy bối cảnh năm 1993, Ryu và Ken, hai đấu sĩ từng xa cách bị kéo trở lại chiến đấu khi Chun-Li chiêu mộ họ tham gia giải Chiến Binh Thế Giới đầy khốc liệt. Nhưng đằng sau đó là một âm mưu chết chóc, buộc họ phải đối đầu với nhau và quá khứ của chính mình, nếu không tất cả sẽ CHẤM HẾT! Dưới sự chỉ đạo của đạo diễn Kitao Sakurai, Street Fighter mang những trận chiến game thùng lên màn ảnh rộng với các đòn thế quen thuộc cùng dàn nhân vật được yêu thích.",,2026-10-16,,COMING_SOON,https://cdn.moveek.com/storage/media/cache/large/6a538ba81c7f6196807171.webp,,,,,0,0
shaun-the-sheep-quai-la-ghe-nha,Shaun the Sheep: Quái Lạ Ghé Nhà,,"Shaun the Sheep: Quái Lạ Ghé Nhà bắt đầu với sự cố Ông chủ vô tình phá hỏng vườn bí ngô mà đàn cừu đang chuẩn bị cho Halloween. Để cứu vãn tình hình, Shaun trổ tài làm “nhà khoa học”, nhưng thí nghiệm lại kéo theo hàng loạt rắc rối ngoài dự tính. Khi Ông chủ mất tích và một sinh vật bí ẩn xuất hiện trong rừng, cả đàn cừu lên đường tìm kiếm Ông chủ và đối mặt với một chuyến phiêu lưu vừa quái vừa nhộn.",91,2026-10-16,,COMING_SOON,https://cdn.moveek.com/storage/media/cache/large/6ac317377ed07645365623.webp,,,,,0,0
digger,Digger,,DIGGER. Trò cười rung chuyển cả thế giới.,,2026-10-16,,COMING_SOON,https://cdn.moveek.com/storage/media/cache/large/6976ed17ebcfd760552077.webp,,,,,0,0
bi-mat-bi-chon-vui,Bí Mật Bị Chôn Vùi,,"Bí Mật Bị Chôn Vùi (Verity) được chuyển thể từ cuốn tiểu thuyết bán chạy nhất của Colleen Hoover. Bộ phim giật gân tâm lý đầy lôi cuốn này xoay quanh nữ nhà văn nổi tiếng Verity Crawford (Anne Hathaway). Lowen Ashleigh (Dakota Johnson) - nhà văn đang chật vật với sự nghiệp, được mời đến dinh thự hẻo lánh Crawford để viết thay. Tại đây, Lowen phát hiện những ghi chép ám ảnh, hé lộ những bí mật gây sốc về chồng Verity, Jeremy (Josh Hartnett), khiến cô dần lạc lối giữa hư cấu và thực tại, giữa thao túng và sức hút , cũng như giữa cơ hội và sự ám ảnh.",114,2026-10-16,,COMING_SOON,https://cdn.moveek.com/storage/media/cache/large/6a7c21a06a457665253207.webp,,,,,0,0
quy-an-tang-4-ho-tinh,Quỷ Ăn Tạng 4: Hổ Tinh,,"Phim đưa khán giả trở về thời điểm Yak (Nadech Kugimiya thủ vai) lần đầu gặp Trung sĩ Paphan (Ongart Cheamcharoenpornkul thủ vai), khi cả hai cùng tham gia nhiệm vụ nguy hiểm nhằm tìm kiếm tiểu đội tình báo mất tích giữa khu rừng bí ẩn. Dẫn đầu đội tìm kiếm tiến sâu vào rừng, Yak và Trung sĩ Paphan bất ngờ chạm trán Hổ Tinh - sinh vật siêu nhiên mang hình hài mãnh thú, chuyên săn và ăn thịt người, đồng thời có khả năng biến hóa thành nhiều hình dạng để thao túng con mồi. Trước mối đe dọa chưa từng đối mặt, cả hai buộc phải hợp tác chiến đấu và sinh tồn, đồng thời tìm ra bí mật ẩn sâu trong khu rừng trước khi trở thành những nạn nhân tiếp theo.",111,2026-10-16,,COMING_SOON,https://cdn.moveek.com/storage/media/cache/large/6aab6126c0a45774834154.webp,,,,,0,0
me-min,Mẹ Mìn,,"MẸ MÌN – một nhân vật bí ẩn – có khả năng ban phát điều ước cho mọi người, nhưng điều ước nào cũng sẽ đi kèm điều kiện của nó.",,2026-10-23,,NOW_SHOWING,https://cdn.moveek.com/storage/media/cache/tall/6aab7c283907e020377678.webp,,,,,0,0
clayface,Clayface,,"Bộ phim kinh dị đầu tiên của DC Studios, “Clayface” do đạo diễn James Watkins thực hiện, với sự tham gia của Tom Rhys Harries trong vai chính, một nhân vật phản diện của thành phố Gotham. “Clayface” hé lộ sự sa ngã kinh hoàng của một người đàn ông từ ngôi sao Hollywood đang lên trở thành một con quái vật đầy thù hận, trong một câu chuyện khám phá sự mất mát bản sắc và nhân tính, tình yêu độc hại, và mặt tối của tham vọng khoa học.",,2026-10-23,,COMING_SOON,https://cdn.moveek.com/storage/media/cache/large/6a538b87bf215311542150.webp,,,,,0,0
huyet-thong,Huyết Thống,,,,2026-10-30,,NOW_SHOWING,https://cdn.moveek.com/storage/media/cache/tall/6a8536f437a5f225578356.webp,,,,,0,0
chi-chi-em-em-3,Chị Chị Em Em 3,,"Giữa xã hội Bắc Bộ cũ đầy lễ giáo và những khuôn phép khắt khe, Thị Mầu – tiểu thư nổi tiếng tài sắc nhất vùng – bước vào một thế giới nơi tình yêu chưa bao giờ là chuyện của riêng hai người. Những rung động bị che giấu, những mối quan hệ chồng chéo và những lựa chọn trái với khuôn phép dần tạo nên một mạng nhện tình cảm rối ren, nơi mỗi người đều có một bí mật, một toan tính và một người không thể gọi tên. Khi tình yêu và danh dự không thể cùng tồn tại, liệu ai sẽ là người thoát khỏi mạng nhện ấy – và ai sẽ phải trả giá cho thứ tình cảm mình không thể cưỡng lại?",,2026-10-30,,NOW_SHOWING,https://cdn.moveek.com/storage/media/cache/tall/6ab3c75a0c379466815413.webp,,,,,0,0
an-mang-karaoke-1,Án Mạng Karaoke,,"Một người hàng xóm mê hát karaoke bất ngờ bị sát hại trong căn homestay thiền biệt lập trên núi, khiến chuyến hành hương của một xóm nhỏ bị biến thành trò chơi đấu trí bất đắc dĩ.",96,2026-10-30,,NOW_SHOWING,https://cdn.moveek.com/storage/media/cache/large/6abc9a92c1e3f087831883.webp,,,,,0,0
bo-sua-bay,Bò Sữa Bay,,"Lấy bối cảnh một trang trại sữa đang trong giai đoạn công nghiệp hóa, phim xoay quanh nhân vật Trâu (do Nguyễn Hùng thủ vai) - một nông dân nghèo khó được giao nhiệm vụ đ:ánh c:ắp công thức sữa bí mật để cứu gia đình khỏi cảnh túng quẫn. Tuy nhiên, khi buộc phải tiếp cận San - con gái ông chủ và cũng là người phát minh ra công thức ấy, tình cảm giữa hai người dần nảy nở. Trâu rơi vào thế tiến thoái lưỡng nan: chọn tương lai gia đình hay người con gái mà anh không còn đủ can đảm phản bội?",,2026-11-06,,NOW_SHOWING,https://cdn.moveek.com/storage/media/cache/large/69f8681af3030272146599.webp,,,,,0,0
chuyen-di-nho-doi,Chuyến Đi Nhớ Đời,,"Từ một chuyến đi biển định mệnh, Hoàng (Phương Nam) và cậu con trai tinh nghịch An (Lê Bảo Nam) bị cuốn vào cơn bão, mắc kẹt trên hoang đảo và buộc phải cùng nhau sinh tồn. Giữa thiên nhiên khắc nghiệt, những tình huống dở khóc dở cười, cả hai bắt đầu một hành trình không chỉ để tìm đường về nhà, mà còn để tìm lại nhau.",,2026-11-06,,NOW_SHOWING,https://cdn.moveek.com/storage/media/cache/tall/6a8e65fcc56f4621082505.webp,,,,,0,0
nguoi-duoc-chon,Người Được Chọn,,Phim điện ảnh đầu tiên của Việt Nam về hầu đồng,,2026-11-06,,NOW_SHOWING,https://cdn.moveek.com/storage/media/cache/tall/6a16b4f038a0c151775083.webp,,,,,0,0
godzilla-tru-khong,Godzilla Trừ Không,,"Chiến tranh đã đưa Nhật Bản về con số 0, Godzilla đã kéo con số ấy lao dốc xuống số âm. Đã hai năm kể từ cuộc chiến, đất nước đang đấu tranh để phục hồi và họ cuối cùng đã lấy lại được cuộc sống thường nhật. Ngay khi nhân loại cố bám giữ sự yên bình mong manh vừa giành lại được, thì một mối đe dọa mới xuất hiện, nghiền nát tất cả hy vọng. Không còn cơ hội nào nữa. Tất cả sẽ kết thúc tại đây.",135,2026-11-06,,COMING_SOON,https://cdn.moveek.com/storage/media/cache/large/6aab897d5dfb4137959568.webp,,,,,0,0
chang-meo-mang-mu,Chàng Mèo Mang Mũ,,The Cat takes on his toughest assignment yet… to cheer a pair of siblings struggling with their move to a new town.,,2026-11-06,,COMING_SOON,https://cdn.moveek.com/storage/media/cache/large/6864938f7a448344245607.webp,,,,,0,0
ngay-con-con-me,Ngày Con Còn Mẹ,,"Có những đứa con dành cả tuổi thơ chỉ để chứng minh mình xứng đáng được yêu thương. Và cũng có những người mẹ dành cả đời để yêu con theo cách mà con chẳng thể nào hiểu nổi.
Mây lớn lên với niềm tin sắt đá rằng trong tim bà Tím, anh Hai Pháo luôn là tất cả. Nỗi đau bị ""bỏ quên"" khiến cô biến mọi câu chuyện thành tranh cãi, dựng nên bức tường im lặng giữa hai mẹ con. Cho đến khi biến cố bất ngờ ập xuống, Mây mới bàng hoàng nhận ra: điều đau đớn nhất không phải là chưa từng được yêu, mà là cô đã dành trọn thanh xuân để trách một người mẹ... mà chưa từng thật sự hiểu bà.",110,2026-11-11,,NOW_SHOWING,https://cdn.moveek.com/storage/media/cache/tall/6ab5e93658a27029094751.webp,,,,,0,0
trai-giam-hanh-phuc,Trại Giam Hạnh Phúc,,Trại Giam Hạnh Phúc - dự án điện ảnh tiên phong khai thác đề tài chốn lao tù qua lăng kính nhân văn. Bộ phim hứa hẹn sẽ mang đến cho khán giả một góc nhìn hoàn toàn mới lạ và đầy cảm xúc về thế giới sau song sắt.,,2026-11-20,,COMING_SOON,https://cdn.moveek.com/storage/media/cache/large/6a3cadd2a7e90538037741.webp,,,,,0,0
focker-in-law,Gặp Gỡ Thông Gia: Dâu Mới Trình Làng,,"Ariana Grande vào vai Olivia Jones - một vận động viên ba môn phối hợp và là bạn gái của con trai Greg (Ben Stiller). Khi ra mắt gia đình Focker, cô phải trải qua bài test quen thuộc với chiếc máy nói dối. Dù gây ấn tượng với ông Jack (Robert De Niro), Olivia vẫn phải chứng minh mình đủ đáng tin để được chấp nhận làm dâu tương lai.",,2026-11-27,,COMING_SOON,https://cdn.moveek.com/storage/media/cache/large/69e05b652d216352430426.webp,,,,,0,0
con-mat-thu-ba,Con Mắt Thứ Ba,,"Một kẻ cuồng tín sau cơn đau đầu dữ dội phát hiện ra mình có một con mắt dọc trên trán. Những vụ sát nhân hàng loạt. Những hồn ma bóng quỷ lẩn khuất trong đời sống. Những nỗi sợ rình rập từ ám ảnh quá khứ. Sợi Chỉ Đỏ là gì, và sẽ kết nối tất cả như thế nào?",,2026-12-04,,COMING_SOON,https://cdn.moveek.com/storage/media/cache/tall/6abdf71934e45252460002.webp,,,,,0,0
avengers-doomsday,Avengers: Ngày Tận Thế,,Các siêu anh hùng còn lại phải kết hợp với Fantastic Four để đối mặt với một siêu phản diện - Victor Von Doom.,,2026-12-18,,COMING_SOON,https://cdn.moveek.com/storage/media/cache/large/694b547fccae7325649689.webp,,,,,0,0
dune-part-three,Dune 3,,"Dune: Hành Tinh Cát - Phần Ba lấy bối cảnh gần hai thập kỷ sau khi Paul Atreides nắm quyền kiểm soát Đế chế. Giờ đây, khi đã trở thành một Hoàng đế tàn nhẫn, Paul phải đối mặt với những hậu quả từ chính sự cai trị của mình. Những đồng minh cũ trở lại, những mỗi đe dọa mới trỗi dậy, và cả sự phản bội luôn lẩn khuất trong bóng tối. Bị ám ảnh bởi viễn cảnh Đế chế sụp đổ cùng sự trở lại của một người anh từng yêu thương, Paul bị cuốn vào một âm mưu hủy diệt - mà trung tâm của bí mật ấy lại chính là Chani. Cuộc nổi dậy dần nhen nhóm, những kẻ thù ngày một áp sát. Chính lúc này đây, Paul sẽ phải đối diện với cái giá thực sự của quyền lực, đánh đổi bằng định mệnh của những người quan trọng nhất cuộc đời anh.",,2026-12-18,,COMING_SOON,https://cdn.moveek.com/storage/media/cache/large/686f5156b798c522310613.webp,,,,,0,0
cao-thu-bi-a-dai-chien-voi-quy-du,Cao Thủ Bi A: Đại Chiến Với Quỷ Dữ,,Cao Thủ Bi A: Đại Chiến Với Quỷ Dữ là bộ phim của ê kíp 1977 Vlog đang trong giai đoạn casting.,,2026-12-25,,COMING_SOON,https://cdn.moveek.com/storage/media/cache/tall/68ff03141c0b9674691413.webp,,,,,0,0
nguoi-me-xau,Người Mẹ Xấu,,Dự án mới Người Mẹ Xấu đánh dấu sự trở lại của đạo diễn Thiên Đường Máu,,2026-12-31,,COMING_SOON,https://cdn.moveek.com/storage/media/cache/tall/6a13ca5cae30f862342836.webp,,,,,0,0